product_name,brands,categories,energy_100g,saturated_fat_100g,sugars_100g,salt_100g,proteins_100g,fiber_100g,fvl_percent,nutri_score_value,nutri_score_label,green_score_value,green_score_label,url
Cookie Crumble,My protein,"Snacks, Sweet snacks, Biscuits and cakes, Biscuits, Pastries",1440.0,5.17,3.17,0.333,33.3,10.2,9.5,-4,A,40.0,D,https://world.openfoodfacts.org/product/5059883177526/cookie-crumble-my-protein
So shape cookies pépites de chocolat,So Shape,Cookies au chocolat,1403.0,2.6,3.4,0.5,20.0,6.0,0.0,-4,A,70.0,B,https://world.openfoodfacts.org/product/3760081804863/so-shape-cookies-pepites-de-chocolat
My protein layered cookie,Myprotein,"Snacks, Snacks sucrés, Biscuits et gâteaux, Biscuits",1526.0,4.0,4.0,0.53,34.0,14.1,0.0,-4,A,50.0,C,https://world.openfoodfacts.org/product/5056307321428/my-protein-layered-cookie-myprotein
Faina,Dobrogea,"Snacks, Sweet snacks, Biscuits and cakes, Biscuits, Shortbread cookies, Shortbread, ro:Faina, ro:Panificatie",1594.0,0.2,0.0,0.0,11.0,1.2,0.0,-1,A,50.0,C,https://world.openfoodfacts.org/product/5941006861705/faina-dobrogea
Zero Cookie Dough Flavour,Prozis,en:Cookies,1226.0,3.0,2.0,0.1,31.0,27.0,0.0,-9,A,50.0,C,https://world.openfoodfacts.org/product/5600380898812/zero-cookie-dough-flavour-prozis
Hojuelitas 0% Galletas de avena integrales,Granvita,"Botanas, Snacks dulces, Galletas y pasteles, Galletas, Galletas de avena",1837.1,4.2,0.0,0.0775,9.9,8.2,0.0116984049479143,-2,A,50.0,C,https://world.openfoodfacts.org/product/0094331036906/hojuelitas-whole-grain-oatmeal-cookies-granvita
Breyers Cookies & Cream,Breyers,"Desserts, Tiefkühlprodukte, Tiefkühl-Desserts, Speiseeis und Sorbets, Speiseeis",564.0,1.8,6.2,0.17,7.6,7.7,0.0,-7,A,81.0,A,https://world.openfoodfacts.org/product/8711327385184/delights-cookies-cream-breyers
Cookie chocolat blanc,,en:biscuits,1398.0,2.5,4.0,0.5,20.0,6.0,0.0,-3,A,50.0,C,https://world.openfoodfacts.org/product/3760081804887/cookie-chocolat-blanc
Frollini fiber pasta,FiberPasta,"Snacks, Sweet snacks, Biscuits and cakes, Biscuits, Shortbread cookies, Products for specific diets",1443.0,4.6,1.3,0.2,8.4,10.4,0.0,-2,A,50.0,C,https://world.openfoodfacts.org/product/8008647000768/frollini-fiber-pasta-fiberpasta
Martany Doradita de avena con salvado,Martany,"Botanas, Snacks dulces, Galletas y pasteles, Galletas, Galletas de avena",1134.0,2.0,3.0,0.0635,11.0,11.0,0.0,-7,A,50.0,C,https://world.openfoodfacts.org/product/7503023299008/martany-doradita-de-avena-con-salvado
Huel V3.1 Powder - Salted Caramel,"Trader Joe's, Huel","Snacks, Sweet snacks, Biscuits and cakes, Biscuits, Variety packs, Biscuits or cookies variety packs, Biscuits or Cookies (Perishable), Nutritionally Complete Food",1680.0,2.5,1.2,0.51,30.0,7.8,0.00704795435855488,-5,A,50.0,C,https://world.openfoodfacts.org/product/2000000149714/huel-v3-1-powder-salted-caramel-trader-joe-s
Eat'n Move Proteins saveur Vanille-Cookie,Auchan,"Produits laitiers, Produits fermentés, Produits laitiers fermentés, Desserts, Desserts lactés, Desserts lactés fermentés, Yaourts",251.0,0.4,2.8,0.15,11.0,0.5,0.0,-4,A,79.0,A,https://world.openfoodfacts.org/product/3596710549696/eat-n-move-proteins-saveur-vanille-cookie-auchan
Cookie with almond paste,Frank&oli,cookies,1765.0,2.3,12.0,0.03,14.0,24.0,67.75,-4,A,50.0,C,https://world.openfoodfacts.org/product/5900316552697/cookie-with-almond-paste-frank-oli
"Cookies ecológicas de avena, almendra y avellana",BIO'S,cookies,2086.0,1.8,3.3,0.0,13.6,21.9,37.0,-5,A,70.0,B,https://world.openfoodfacts.org/product/8437027515002/organic-oats-almond-and-hazelnut-bio-s
YoPro - Vanille Cookies,Délice Danon,en:yogurts,224.0,0.1,0.0,0.05,8.0,0.0,0.0,-3,A,67.0,B,https://world.openfoodfacts.org/product/6194003804933/yopro-vanille-cookies-delice-danon
HANSEL SANDWICH BUTTER,Rebisco,"Biscuits & cookies,Sandwich biscuits",1.892,0.0,0.0,0.0,6.5,0.0,0.0,-2,A,50.0,C,https://world.openfoodfacts.org/product/0480009211194/hansel-sandwich-butter-rebisco
Cookie🍪 cacao pépites Sans Sucre,Gerblé,"Snacks,Snacks sucrés,Biscuits et gâteaux,Biscuits sucrés & biscuits apéritifs,Biscuits,Biscuits au chocolat",1728.0,3.3,0.0,0.21,8.0,8.9,16.4,-1,B,56.0,C,https://world.openfoodfacts.org/product/3175681105423/gerble-sugar-free-cocoa-chip-cookie-130g-4-6oz
Céréal Pomme-noisette Biscuits,Céréal,"Snacks, Sweet snacks, Biscuits and cakes, Biscuits, Biscuit (cookie) vitamins content guaranteed",1902.0,1.45,11.0,0.01,9.8,6.6,0.0,-1,B,54.0,C,https://world.openfoodfacts.org/product/5410063001268/cereal-pomme-noisette-biscuits
Cookies al cacao,Céréal,"Snack, Snack dolci, Biscotti e torte, Biscotti, Biscotti al cioccolato",1728.0,3.3,0.0,0.21,8.0,8.9,18.7666666666667,-1,B,37.0,D,https://world.openfoodfacts.org/product/3175681285538/cookies-al-cacao-cereal
Galleta negra-blanca sin azúcares añadidos,Carrefour,"Botanas, Snacks dulces, Galletas y pasteles, Galletas, Galletas de chocolate, Galletas rellenas, Galletas de cacao rellenas de crema",1870.0,3.6,3.0,0.57,7.7,12.0,0.0,0,B,37.0,D,https://world.openfoodfacts.org/product/8431876271959/galleta-negra-blanca-sin-azucares-anadidos-carrefour
Granola Cookie  (Manzana),Natwins,"Snacks,Snacks sucrés,Biscuits et gâteaux,Biscuits",1928.0,2.8,11.9,0.2,10.3,8.6,5.40624999999999,-1,B,50.0,C,https://world.openfoodfacts.org/product/8435351499159/granola-cookie-manzana-natwins
Milk & Cookies Zero Sugar Dairy Drink,Chobani Zero sugar,"Beverages and beverages preparations, Beverages, Dairies, Fermented foods, Fermented milk products, Desserts, Dairy desserts, Dairy drinks, Fermented dairy desserts, Yogurts, en:milks",101.0,0.101,0.198,0.0845,4.83,0.0,0.0,-2,B,17.0,E,https://world.openfoodfacts.org/product/0818290018977/milk-cookies-zero-sugar-dairy-drink-chobani-zero-sugar
Latte cookies,Nescafé,"Botanas,Snacks dulces,Galletas y pasteles,Galletas",283.0,0.78,9.46,0.185,3.32,0.439,0.0,1,B,50.0,C,https://world.openfoodfacts.org/product/3023290076958/latte-cookies-nescafe
Cookies und Cream,Jack's Ice Cream,"Pflanzliche Lebensmittel und Getränke, en:Dairy substitutes, Desserts, Tiefkühlprodukte, Tiefkühl-Desserts, Speiseeis und Sorbets, Speiseeis, Pflanzliche Eiscremes",629.0,3.3,8.7,0.23,4.3,12.3,0.0,-1,B,81.0,A,https://world.openfoodfacts.org/product/4316268648868/cookies-und-cream-jack-s-ice-cream
31g high protein eis (vanilla cookies),pro delight,"Desserts, Tiefkühlprodukte, Tiefkühl-Desserts, Speiseeis und Sorbets, Speiseeis, Eisbecher",375.0,1.9,5.6,0.08,6.3,1.2,0.0,0,B,67.0,B,https://world.openfoodfacts.org/product/4260444930660/31g-high-protein-eis-vanilla-cookies-pro-delight
Palm Tree Cookies D´meals,D´meals,"Botanas, Snacks dulces, Galletas y pasteles, Galletas",993.0,5.0,0.0,0.61,6.67,10.0,0.0,0,B,55.0,C,https://world.openfoodfacts.org/product/7503005273354/palm-tree-cookies-d-meals
Cookies Cacao Pépites Sans Sucres,Gerblé,"Snacks, Sweet snacks, Biscuits and cakes, Biscuits, Chocolate biscuits, Drop cookies, Chocolate chip cookies",1728.0,3.3,0.0,0.21,8.0,8.9,0.0,-1,B,67.0,B,https://world.openfoodfacts.org/product/3484639115439/cookies-cacao-pepites-sans-sucres-gerble
Cookies Chocoblue BEEPURE,BEEPURE,"Botanas, Snacks dulces, Galletas y pasteles, Galletas",460.0,1.9,0.0,0.0,2.0,1.7,4.45772058823529,1,B,57.0,C,https://world.openfoodfacts.org/product/7798165591732/cookies-chocoblue-beepure
"Cookies With Cranberries, Cranberries",,"Snacks, Sweet snacks, Biscuits and cakes, Biscuits and crackers, Biscuits",461.0,0.5,6.0,0.0625,2.0,1.0,3.5,1,B,50.0,C,https://world.openfoodfacts.org/product/8015565039701/cookies-with-cranberries-cranberries
Chai latte cookie,fredsted,Koekjes,202.0,0.9,7.4,0.08,0.7,0.0,0.0,2,B,47.0,C,https://world.openfoodfacts.org/product/5701182018498/chai-latte-cookie-fredsted
"Vanilla Flavored Organic Animal Cookies, Vanilla",O organics,"Snacks, Sweet snacks, Biscuits and cakes, Biscuits and crackers, Biscuits",502.0,0.0,5.99,0.11275,1.0,0.0,0.0,2,B,50.0,C,https://world.openfoodfacts.org/product/0079893123127/vanilla-flavored-organic-animal-cookies-vanilla-o-organics
Peanut Butter Cookies,Koala Picks,Cookies,405.0,0.0,5.0,0.0,2.0,1.0,0.0,1,B,52.0,C,https://world.openfoodfacts.org/product/0793618133535/peanut-butter-cookies-koala-picks
Cookie cacao pépites,Gerblé,Biscuits au chocolat,1428.0,3.3,0.0,0.525,8.0,8.9,0.0,-1,B,37.0,D,https://world.openfoodfacts.org/product/11204024/cookie-cacao-pepites-gerble
"Fancy Butter Cookies, Fancy Butter",Federico's,"Snacks, Sweet snacks, Biscuits and cakes, Biscuits and crackers, Biscuits",525.0,1.79,0.0,0.357,3.57,0.0,0.267028808593751,2,B,40.0,D,https://world.openfoodfacts.org/product/0791544241195/fancy-butter-cookies-fancy-butter-federico-s
D'lite choco-chip oat cookies,Sugar Free,Oatmeal biscuits,235.0,1.8,0.04,0.07575,1.0,0.7,0.0,1,B,40.0,D,https://world.openfoodfacts.org/product/8901548310410/d-lite-choco-chip-oat-cookies-sugar-free
Cookies cacao pepites chocolat sans sucres,Regain,"Snacks, Snacks sucrés, Biscuits et gâteaux, Biscuits sucrés & biscuits apéritifs, Biscuits, Biscuits au chocolat",1761.0,3.3,0.2,0.1,6.9,6.7,0.0,0,B,33.0,D,https://world.openfoodfacts.org/product/3250393468193/cookies-cacao-pepites-chocolat-sans-sucres-regain
Biscuit soja orange,Gerblé,"Snacks,Breakfasts,Sweet snacks,Biscuits and cakes,Biscuits and crackers,Biscuits,Crispy biscuits,Diet crispy biscuit,Dry biscuits,Shortbread cookies,Breakfast biscuit,Shortbread biscuit with fruits",1866.0,1.4,18.0,0.36,11.0,4.9,15.75,8,C,64.0,B,https://world.openfoodfacts.org/product/3175680011442/gerble-soy-orange-cookie-280g-9-9oz
Digestive Avena,Gullón,"Lanches comida,Lanches doces,Biscoitos e Bolos,en:Biscuits and crackers,Biscoitos,en:Oatmeal cookies",1835.0,1.8,0.7,0.75,7.7,5.5,0.0,1,C,51.0,C,https://world.openfoodfacts.org/product/8410376033267/digestive-avena-gullon
Sablés sarrasin miel saveur citron,céréal bio,"Snacks,Sweet snacks,Biscuits and cakes,Biscuits,Dry biscuits,Shortbread cookies",1979.0,1.9,17.0,0.34,7.9,5.0,0.0,7,C,74.0,B,https://world.openfoodfacts.org/product/3175681060524/sables-sarrasin-miel-saveur-citron-cereal-bio
"Gerblé - Organic Muesli Fig Apricot Spelt Cookie, 132g (4.7oz)",Gerblé Bio,"Snacks,Snacks sucrés,Biscuits et gâteaux,Biscuits sucrés & biscuits apéritifs,Biscuits,Biscuits à l'avoine",1895.0,1.7,16.0,0.36,7.6,8.2,10.2,4,C,70.0,B,https://world.openfoodfacts.org/product/3175681272927/gerble-organic-muesli-fig-apricot-spelt-cookie-132g-4-7oz-gerble-bio
Avena con chocolate negro - sin azúcares añadidos,Gullón,"Botanas,Snacks dulces,Galletas y pasteles,Galletas,Galletas de chocolate,en:Snacks  Sweet snacks  Biscuits and cakes  Biscuits  Oatmeal cookies",1837.0,7.0,1.0,0.75,8.0,9.0,0.0,7,C,38.0,D,https://world.openfoodfacts.org/product/8410376057805/avena-con-chocolate-negro-sin-azucares-anadidos-gullon
"Gerble - Organic Chocolate Cookie Flavored w/ Banana, 132g (4.7oz)","Gerblé, Gerblé Bio","Snacks, Snacks sucrés, Biscuits et gâteaux, Biscuits, Biscuits au chocolat",1921.0,3.0,14.0,0.36,9.0,7.8,0.0,4,C,76.0,A,https://world.openfoodfacts.org/product/3175681272941/gerble-organic-chocolate-cookie-flavored-w-banana-132g-4-7oz
Cookies sin glúten sin azúcares añadidos,Gullón,"Snacks, Sweet snacks, Biscuits and cakes, Biscuits, Products without gluten, Chocolate biscuits, Drop cookies, Chocolate chip cookies, Gluten-free biscuits",1859.0,6.0,0.7,0.58,5.5,4.5,0.0,8,C,44.0,D,https://world.openfoodfacts.org/product/8410376037883/cookies-sin-gluten-sin-azucares-anadidos-gullon
Mes cookies Bio tout chocolat,Aline & Olivier,"Snacks, Snacks sucrés, Biscuits et gâteaux, Biscuits, Biscuits au chocolat, Cookies, Cookies au chocolat",1723.0,2.9,17.0,0.2,6.8,3.7,18.0,8,C,81.0,A,https://world.openfoodfacts.org/product/3760094311631/mes-cookies-bio-tout-chocolat-aline-olivier
Pleni day  REDUCED SUGARS&quot; chocolate,Pleniday,"Snacks, Sweet snacks, Biscuits and cakes, Biscuits, Shortbread cookies, en:chocolate-biscuits",1988.0,3.9,15.9,0.25,7.5,6.9,22.25,7,C,74.0,B,https://world.openfoodfacts.org/product/3380380094989/pleni-day-reduced-sugars-chocolate-pleniday
Mes cookies bio noisettes,Aline & Olivier,"Snacks, Snacks sucrés, Surgelés, Biscuits et gâteaux, Biscuits, Cookies",1821.0,2.5,17.6,0.22,7.5,5.4,7.0,8,C,84.0,A,https://world.openfoodfacts.org/product/3760094311624/mes-cookies-bio-noisettes-aline-olivier
"Céréales mini cookies, paquet 375g",U,"Plant-based foods and beverages, Plant-based foods, Breakfasts, Cereals and potatoes, Cereals and their products, Frozen foods, Breakfast cereals, Puffed grains, Puffed cereals, Extruded cereals, Cereals with honey, en:chocolate-cereals",1609.0,0.3,22.0,0.27,8.4,5.4,0.0,6,C,34.0,D,https://world.openfoodfacts.org/product/3256229256538/cereales-mini-cookies-paquet-375g-u
biscuits avoine complete,"Auchan, Auchan Bio","Snacks,Snacks sucrés,Biscuits et gâteaux,Biscuits,Biscuits à l'avoine, Assortiments d'aliments, Assortiments de gâteaux secs et biscuits, en:Biscuits or Cookies (Perishable)",1857.0,1.6,16.0,0.44,8.6,7.9,5.40516493055555,5,C,74.0,B,https://world.openfoodfacts.org/product/3596710483709/biscuits-avoine-complete-auchan
Chocolate e Cacau Mini Bolachas,"Continente,Continente Equilíbrio,Equilíbrio,SONAE",en:Cookies,1762.0,2.9,0.7,0.67,7.2,12.0,6.59166666666667,1,C,54.0,C,https://world.openfoodfacts.org/product/5601312100546/chocolate-e-cacau-mini-bolachas-continente
Gerblé - Sugar Free Hazelnut Chocolate Chip Shortbreat,Gerblé,"Snacks, Sweet snacks, Biscuits and cakes, Biscuits and crackers, Biscuits, Shortbread cookies, fr:Snacks au chocolat, en:chocolate-biscuits",1814.0,2.0,0.0,0.4,6.0,3.7,17.05,2,C,61.0,B,https://world.openfoodfacts.org/product/3175681259034/gerble-sugar-free-hazelnut-chocolate-chip-shortbreat
Wraps nature,Auchan,"Plant-based foods and beverages, Plant-based foods, Cereals and potatoes, Breads, Flatbreads, en:white-breads, Snacks, Snacks sucrés, Biscuits et gâteaux, Biscuits sucrés & biscuits apéritifs, Biscuits, Assortiments d'aliments, Assortiments de gâteaux secs et biscuits, en:Biscuits or Cookies (Perishable)",1377.0,0.9,3.2,0.9,9.4,2.3,7.27272727272727,3,C,47.0,C,https://world.openfoodfacts.org/product/3596710471010/wraps-nature-auchan
Déli cookie 375 g - P'tits Prods,Chabrior,"Plant-based foods and beverages, Plant-based foods, Breakfasts, Cereals and potatoes, Cereals and their products, Breakfast cereals, Chocolate cereals, extruded cereals, Cereales chocolatees",1661.0,0.6,20.7,0.67,7.3,6.5,0.0,7,C,21.0,E,https://world.openfoodfacts.org/product/3250391969494/deli-cookie-375-g-p-tits-prods-chabrior
Produits de boulangerie à la farine de blé complet,Auchan,"Aliments et boissons à base de végétaux, Aliments d'origine végétale, Céréales et pommes de terre, Pains, Pains spéciaux, Pains Burger, Snacks, Snacks sucrés, Biscuits et gâteaux, Biscuits sucrés & biscuits apéritifs, Biscuits, Assortiments d'aliments, Assortiments de gâteaux secs et biscuits, en:Biscuits or Cookies (Perishable)",1171.0,1.0,6.5,1.3,11.0,4.9,3.25,2,C,73.0,B,https://world.openfoodfacts.org/product/3596710425860/maxi-pain-burger-complet-auchan
Marinheiras,Nacional,en:Cookies,1828.0,2.3,2.5,1.2,12.0,4.5,9.0,8,C,50.0,C,https://world.openfoodfacts.org/product/5601066401142/marinheiras-nacional
NESTLE COOKIE CRISP Céréales 625g,"Nestlé, Cookie crisp","Plant-based foods and beverages, Plant-based foods, Breakfasts, Cereals and potatoes, Cereals and their products, Breakfast cereals, Chocolate cereals, extruded cereals",1659.0,0.9,22.4,0.66,6.7,6.0,0.0,8,C,54.0,C,https://world.openfoodfacts.org/product/7613031575961/nestle-cookie-crisp-cereales-625g
Cookies pépites chocolat sans gluten 150g,"U, U Sans Gluten","Snacks, Snacks sucrés, Biscuits et gâteaux, Biscuits, Biscuits au chocolat, Cookies, Cookies au chocolat",1910.0,4.9,23.0,0.16,5.2,7.7,7.3609375,8,C,52.0,C,https://world.openfoodfacts.org/product/3256228416933/cookies-pepites-chocolat-sans-gluten-150g-u
Choco Cookie,"Crownfield, Lidl","Pflanzliche Lebensmittel und Getränke, Pflanzliche Lebensmittel, Imbiss, Frühstücke, Getreide und Kartoffeln, Süßer Snack, Kekse und Kuchen, en:Biscuits and crackers, Getreideprodukte, Kekse, Frühstückscerealien, Stranggepresstes Getreide",1595.0,0.7,23.9,0.62,8.9,8.5,0.5,6,C,46.0,C,https://world.openfoodfacts.org/product/20621339/choco-cookie-crownfield
Hipro vanille cookies,Danone,"Beverages, Dairies, Fermented foods, Fermented milk products, Dairy drinks, Fermented drinks, Fermented milk drinks, en:yogurts",246.0,0.3,5.1,0.17,8.34,0.01,0.0,-2,C,17.0,E,https://world.openfoodfacts.org/product/5410146420047/hipro-vanille-cookies-danone
mon p'tit biscuit bio superfruits rouges,Aline & Olivier,"Snacks, Sweet snacks, Biscuits and cakes, Biscuits, Shortbread cookies, en:dry-biscuits",1795.0,1.6,14.5,0.25,9.2,6.5,20.7666666666667,5,C,84.0,A,https://world.openfoodfacts.org/product/3760094310948/mon-p-tit-biscuit-bio-superfruits-rouges-aline-olivier
Granola black cookie,,Mueslis,1720.0,4.0,19.8,0.35,9.8,9.2,19.8046875,7,C,62.0,B,https://world.openfoodfacts.org/product/5905108802608/granola-black-cookie
Marinheiras Linhaça,Cem porcento,en:Cookies,1827.0,1.5,2.2,1.4,14.0,4.9,9.0,8,C,54.0,C,https://world.openfoodfacts.org/product/5604321032242/marinheiras-linhaca-cem-porcento
Hipro Gusto Vaniglia Cookie,Danone,"Beverages, Dairies, Fermented foods, Fermented milk products, Desserts, Dairy desserts, Dairy drinks, Fermented dairy desserts, Fermented drinks, Yogurts, Fermented milk drinks, Drinkable-yogurts, Dairies high in proteins",249.0,0.3,5.1,0.17,8.3,0.0,0.0,-2,C,28.0,E,https://world.openfoodfacts.org/product/8001630010232/hipro-gusto-vaniglia-cookie-danone
Aveia Bolachas Pequeno Almoço,Continente,en:Cookies,1947.0,1.9,20.0,0.76,7.9,7.3,0.0,8,C,50.0,C,https://world.openfoodfacts.org/product/5601312100492/aveia-bolachas-pequeno-almoco-continente
Choco Cookies,Continente,"Alimentos e bebidas à base de plantas,Alimentos à base de plantas,Pequenos alomoços,Cereais e batatas,Cereais e seus produtos,Cereias para pequeno-almoçco,Cereais de chocolate,en:Extruded cereals",1614.0,0.5,19.9,0.56,6.8,4.9,0.2734375,7,C,29.0,E,https://world.openfoodfacts.org/product/5601312065166/choco-cookies-continente
Cookies with cranberries,"Migros, You","Snacks, Snacks sucrés, Biscuits et gâteaux, Biscuits sucrés & biscuits apéritifs, Biscuits, Cookies",2000.0,1.8,15.0,0.37,9.5,9.8,8.75,4,C,64.0,B,https://world.openfoodfacts.org/product/7613312298671/cookies-with-cranberries-migros
Crème dessert saveur cookie,"Délisse, Marque Repère","Produits laitiers, Desserts, Desserts lactés, Frais, Desserts au chocolat, Crèmes dessert, Crèmes dessert chocolat, Crèmes dessert rayon frais, Desserts lactés au chocolat, Crèmes dessert chocolat réfrigérées",514.0,2.6,15.0,0.13,2.9,0.9,0.0,5,C,76.0,A,https://world.openfoodfacts.org/product/3564700880746/creme-dessert-saveur-cookie-delisse
Bagels aux graines de sésame,Auchan,"Aliments et boissons à base de végétaux, Aliments d'origine végétale, Céréales et pommes de terre, Pains, Pains spéciaux, Pains Bagel, Snacks, Snacks sucrés, Biscuits et gâteaux, Biscuits sucrés & biscuits apéritifs, Biscuits, Assortiments d'aliments, Assortiments de gâteaux secs et biscuits, en:Biscuits or Cookies (Perishable)",1323.0,0.5,5.2,1.2,9.8,2.5,20.3,3,C,79.0,A,https://world.openfoodfacts.org/product/3596710488100/bagels-aux-graines-de-sesame-auchan
Cookies limón,Florbú,Bolachas,1788.0,1.2,2.0,0.82,7.2,5.2,0.0,4,C,64.0,B,https://world.openfoodfacts.org/product/8411414014729/cookies-limon-florbu
Chrupiące Ciastka Jabłkowe Dynia + Gryka,Sondey,"Przekąski, Słodkie przekąski, en:Biscuits and cakes, Herbatnik",2140.0,4.1,6.4,0.05,11.0,5.8,49.7571428571429,5,C,57.0,C,https://world.openfoodfacts.org/product/4056489446163/chrupi%C4%85ce-ciastka-jab%C5%82kowe-dynia-gryka-sondey
blueberry vanilla oat cookies,"boom box,Atlantic Grupa","Grickalice, en:Sweet snacks, Keksi i kolači, Keksi",1769.0,3.7,7.1,0.6,7.3,6.4,13.25,6,C,40.0,D,https://world.openfoodfacts.org/product/3858890479409/blueberry-vanilla-oat-cookies-boom-box
Protein Cookie Chocolate Chip Flavour,Multinorm,"Imbiss,Süßer Snack,en:Biscuits and crackers,Kekse",1440.0,2.62,4.0,0.7,23.8,3.0,0.0,0,C,50.0,C,https://world.openfoodfacts.org/product/4061461884369/protein-cookie-chocolate-chip-flavour-multinorm
CookiSanas Galletas Chocolate,"CookiSanas, Santiveri","Botanas, Snacks dulces, Galletas y pasteles, Galletas, Galletas de chocolate, Cookies, Cookies con chocolate, Galletas secas, Cookies con chocolate con leche",1782.0,3.3,0.5,0.0002,6.8,5.6,0.0,1,C,63.0,B,https://world.openfoodfacts.org/product/8412170026469/cookisanas-galletas-chocolate
Frollini senza zucchero arancia e gocce di cioccolato,Probios,"Chocolate chip cookies,sugar-free biscuits",2152.0,4.6,0.4,0.01,61.0,2.3,0.0,1,C,67.0,B,https://world.openfoodfacts.org/product/8018699026722/frollini-senza-zucchero-arancia-e-gocce-di-cioccolato-probios
Chrupiące Ciastka Marchewkowe Płatki Jaglane + Siemię Lniane,Sondey,"Przekąski, Słodkie przekąski, en:Biscuits and cakes, Herbatnik",2150.0,2.7,3.8,0.31,9.5,5.2,34.275,3,C,57.0,C,https://world.openfoodfacts.org/product/4056489446156/chrupi%C4%85ce-ciastka-marchewkowe-p%C5%82atki-jaglane-siemi%C4%99-lniane-sondey
NESTLE COOKIE CRISP Cerealien,"Nestlé, Nestle cookie crisp","Pflanzliche Lebensmittel und Getränke, Pflanzliche Lebensmittel, Frühstücke, Getreide und Kartoffeln, Getreideprodukte, Frühstückscerealien, en:Sweet breakfast cereals, en:Sweet breakfast cereals fortified with vitamins and chemical elements, Geröstete Getreidekost",1659.0,0.9,22.4,0.66,6.7,6.0,0.0,8,C,45.0,C,https://world.openfoodfacts.org/product/7613031847433/nestle-cookie-crisp-cerealien
Cookie Crisp,Nestlé,"Plant-based foods and beverages, Plant-based foods, Breakfasts, Cereals and potatoes, Cereals and their products, Breakfast cereals, Extruded cereals",1654.0,0.7,22.4,0.77,6.9,5.9,0.0,8,C,25.0,E,https://world.openfoodfacts.org/product/5900020019851/cookie-crisp-nestle
"Gerble - Gluten and Lactose Free Cocoa Almond Cookie, 150g (5.3oz)",Gerblé,"Snacks, Snacks sucrés, en:Specific products, Biscuits et gâteaux, en:Products for specific diets, Biscuits, Produits sans gluten, Biscuits secs, Biscuits sans gluten",1941.0,2.3,20.0,0.28,5.9,6.6,5.1,7,C,69.0,B,https://world.openfoodfacts.org/product/3175681262201/gerble-gluten-and-lactose-free-cocoa-almond-cookie-150g-5-3oz
Cranberry oats cookies,Boom box,"en:Snacks, en:Sweet snacks, en:Biscuits and cakes, en:Biscuits, en:Oatmeal cookies",1883.0,4.5,4.5,0.4,9.7,7.5,0.0,4,C,55.0,C,https://world.openfoodfacts.org/product/3858890476835/cranberry-oats-cookies-boom-box
Cornetto Glace à l'Italienne Cookie & Chocolat 4x140ml,"Cornetto Soft,Cornetto","Postres,Congelados,Postres helados,Helados y sorbetes,Helado,Conos de helado",656.0,5.5,15.0,0.12,1.9,1.9,0.00558035714285694,8,C,84.0,A,https://world.openfoodfacts.org/product/8711327537248/cookie-and-chocolate-cornetto-soft
No Sugar added Cookies,,бисквити,2082.0,7.2,1.4,0.2,11.0,6.1,10.5007324293256,8,C,50.0,C,https://world.openfoodfacts.org/product/5319990149039/no-sugar-added-cookies
Cornetto Ice cream cone FR_SOFT COOKIE_CHOCOLATE 140 ML,Cornetto,"Desserts, Surgelés, Desserts glacés, Glaces et sorbets, Glaces, Cônes glacés",656.0,5.5,15.0,0.12,1.9,1.9,0.00312499999999858,8,C,67.0,B,https://world.openfoodfacts.org/product/8711327536982/cornetto-ice-cream-cone-fr-soft-cookie-chocolate-140-ml
Auchan cereales mini cookies 375g,Auchan,"Plant-based foods and beverages, Plant-based foods, Snacks, Breakfasts, Cereals and potatoes, Sweet snacks, Biscuits and cakes, Biscuits and crackers, Cereals and their products, Biscuits, Breakfast cereals, extruded cereals, en:Packaged cereals",1638.0,0.7,22.0,0.52,8.3,5.0,0.0,8,C,25.0,E,https://world.openfoodfacts.org/product/3596710520442/auchan-cereales-mini-cookies-375g
Bolachas Marinheiras com Alfarroba,Pingo Doce,en:Cookies,1816.0,1.9,3.5,0.79,12.0,5.7,9.0,1,C,55.0,C,https://world.openfoodfacts.org/product/5607047019184/bolachas-marinheiras-com-alfarroba-pingo-doce
Zachte koekjes,De kleine keuken,"Cookies for children, Koekjes voor kinderen, en:biscuits",1466.0,2.1,19.0,0.53,6.6,5.4,0.0,8,C,50.0,C,https://world.openfoodfacts.org/product/8718734494034/zachte-koekjes-de-kleine-keuken
Cd chocolat cookies paturages 4x115g,"Paturages, Sélection Intermarché","Produits laitiers, Desserts, Desserts lactés, Desserts au chocolat, Crèmes dessert, Crèmes dessert chocolat, Laits emprésurés, Crèmes dessert rayon frais, Crèmes dessert chocolat réfrigérées, Laits gelifies et liegeois",447.0,2.0,14.0,0.27,3.0,1.2,0.0,4,C,68.0,B,https://world.openfoodfacts.org/product/3250391879540/cd-chocolat-cookies-paturages-4x115g
L'authentique burger,"Auchan, Auchan Gourmet, Mmm !","Aliments et boissons à base de végétaux, Aliments d'origine végétale, Céréales et pommes de terre, Pains, Pains spéciaux, Pains Burger, Snacks, Snacks sucrés, Biscuits et gâteaux, Biscuits sucrés & biscuits apéritifs, Biscuits, Assortiments d'aliments, Assortiments de gâteaux secs et biscuits, en:Biscuits or Cookies (Perishable)",1162.0,0.3,4.4,1.1,7.9,2.4,2.12777777777778,4,C,73.0,B,https://world.openfoodfacts.org/product/3596710425501/l-authentique-burger-auchan
Protein cookie,Body&amp;fit,"Snacks,Sweet snacks,Biscuits and cakes,Biscuits",1490.0,5.5,1.0,0.6875,30.0,8.5,0.0,5,C,50.0,C,https://world.openfoodfacts.org/product/8718774010775/protein-cookie-body-amp-fit
água e sal Integral,Vieira,en:Cookies,1743.0,4.9,6.9,0.6,11.2,5.6,0.0,8,C,45.0,C,https://world.openfoodfacts.org/product/5601008101338/agua-e-sal-integral-vieira
"Quadrotti Cookies With Chocolate Chips, Chocolate Chips",Laurieri,"Snacks,Sweet snacks,Biscuits and cakes,Biscuits and crackers,Biscuits,Chocolate biscuits",461.0,0.5,7.0,0.1375,2.0,1.0,0.0,2,C,37.0,D,https://world.openfoodfacts.org/product/8015565039497/quadrotti-cookies-with-chocolate-chips-chocolate-chips-laurieri
Cereal biscuits with cranberry,Sante,"Przekąski, Słodkie przekąski, en:Biscuits and cakes, Herbatnik, en:Oatmeal cookies",1840.0,2.1,21.0,0.45,7.5,10.0,23.15625,8,C,55.0,C,https://world.openfoodfacts.org/product/5900617031761/cereal-biscuits-with-cranberry-sante
Cookies 0% azúcares añadidos,Carrefour,"Botanas, Snacks dulces, Galletas y pasteles, Galletas, Galletas de chocolate",1882.0,7.0,0.5,0.46,5.8,6.6,0.0,7,C,37.0,D,https://world.openfoodfacts.org/product/8431876291841/cookies-0-azucares-anadidos-carrefour
le brookie,Brossard,"Snacks, Snacks sucrés, Biscuits et gâteaux, Gâteaux, Gâteaux au chocolat, Brookies",1901.0,8.8,5.4,0.4,5.9,29.0,5.4,8,C,32.0,D,https://world.openfoodfacts.org/product/3660140950602/le-brookie-brossard
Bio-Hafer-Happen Himbeere-Apfel-Rote Bete,FruchtBar,"Pflanzliche Lebensmittel und Getränke, Pflanzliche Lebensmittel, Imbiss, Süßer Snack, Kekse und Kuchen, en:Biscuits and crackers, Kekse, Hafer-Cookies",1701.0,2.0,20.0,0.05,8.4,6.4,29.0,5,C,75.0,A,https://world.openfoodfacts.org/product/4260133230750/bio-hafer-happen-himbeere-apfel-rote-bete-fruchtbar
Croustillants - Framboise & Verveine,GRAAM®,"Snacks,Sweet snacks,Biscuits and cakes,Biscuits,Shortbread cookies,Shortbread biscuit with fruits",1846.0,1.4,25.0,0.05,4.3,5.2,65.2892857142857,7,C,55.0,C,https://world.openfoodfacts.org/product/3770015053120/croustillants-framboise-verveine-graam
Litago med smak av cookie dough,"Tine,Litago","en:Beverages, en:Dairies, en:Dairy drinks, en:Milks, en:Flavoured milks, en:Chocolate milks",185.0,0.7,4.4,0.1,3.7,1.6,0.0,-1,C,34.0,D,https://world.openfoodfacts.org/product/7038010069161/litago-med-smak-av-cookie-dough-tine
Soft Collagen Cookie Vanilla Dream,RiceUp,Biscuits,1640.0,6.33,0.667,0.246,30.0,5.33,0.0,6,C,50.0,C,https://world.openfoodfacts.org/product/3800233076714/soft-collagen-cookie-vanilla-dream-riceup
Crousti' cookie 375g,Netto,"extruded cereals, Cereales chocolatees",1652.0,0.6,21.0,0.52,7.7,6.1,-0.03125,7,C,31.0,D,https://world.openfoodfacts.org/product/3250392144432/crousti-cookie-375g-netto
Céréales mini cookies,"Marque Repère, Brin de Jour",extruded cereals,1638.0,0.5,26.0,0.4,8.0,6.5,0.214285714285714,6,C,29.0,E,https://world.openfoodfacts.org/product/3564700752784/cereales-mini-cookies-marque-repere
Oreo Vanilla flavour yogurt with Oreo cookie pieces,Oreo,"Dairies, Fermented foods, Desserts, Fermented milk products, Dairy desserts, Fermented dairy desserts, Yogurts, Flavoured fermented dairy desserts, Flavoured yogurts",474.0,1.0,15.2,0.354,2.92,0.333,7.6,5,C,70.0,B,https://world.openfoodfacts.org/product/4025500191719/oreo-vanilla-flavour-yogurt-with-oreo-cookie-pieces
Twins,Guttón,"Snacks, Sweet snacks, Biscuits and cakes, Biscuits, Chocolate biscuits, Filled biscuits, Chocolate sandwich cookies",1702.0,4.9,2.4,1.0,5.0,9.0,0.0,6,C,32.0,D,https://world.openfoodfacts.org/product/8410376051384/twins-gutton
Galletas Integrales Choco Chips,Santiveri,"Botanas, Snacks dulces, Galletas y pasteles, Galletas, Galletas de chocolate, Cookies, Cookies con chocolate, Galletas secas",1785.0,4.1,3.5,1.0,6.2,9.1,0.0,7,C,63.0,B,https://world.openfoodfacts.org/product/8412170029002/galletas-integrales-choco-chips-santiveri
Placer Cookies & Cream,Yoplait,"Lácteos, Comidas fermentadas, Postres, Productos fermentados de la leche, Postres lácteos, en:Fermented dairy desserts, Yogures, Yogures de sabores",574.0,3.1,17.0,0.163,4.0,0.0,0.0,7,C,80.0,A,https://world.openfoodfacts.org/product/7501040092572/placer-cookies-cream-yoplait
Eis Salon Cookies & Caramel,Spar,"de:Eiscreme, en:ice-creams",451.0,2.0,13.0,0.1,2.2,0.4,0.0,5,C,81.0,A,https://world.openfoodfacts.org/product/9100000716435/eis-salon-cookies-caramel-spar
Marias azucaradas,Gamesa,"Snacks, Snacks sucrés, Biscuits et gâteaux, Biscuits",576.0,2.0,9.0,0.141,2.0,0.0,0.0,4,C,52.0,C,https://world.openfoodfacts.org/product/7500478020485/marias-azucaradas-gamesa
Christmas Cookie granola,mymuesli,"Pflanzliche Lebensmittel und Getränke, Pflanzliche Lebensmittel, Frühstücke, Getreide und Kartoffeln, Getreideprodukte, Frühstückscerealien, Getreideflocken, Müslis, Frühstücksflocken",1744.0,4.0,12.6,0.07,11.3,8.1,0.0,4,C,86.0,A,https://world.openfoodfacts.org/product/4251680803795/christmas-cookie-granola-mymuesli
Galletas de avena light,Taifeld’s,"Botanas, Snacks dulces, Galletas y pasteles, Galletas, Galletas de chocolate, Cookies, Cookies con chocolate",1750.0,3.33,16.7,0.442,10.7,12.7,0.0,7,C,52.0,C,https://world.openfoodfacts.org/product/7501035442627/galletas-de-avena-light-taifeld-s
Hedelmä välipalakeksi,,"Naposteltavat, Makeat naposteltavat, Patukat, Keksit ja kakut, Keksit, Jyväpatukat, Kaurakeksit",1750.0,1.3,16.0,1.0,9.1,11.0,16.3,7,C,63.0,B,https://world.openfoodfacts.org/product/6411200211143/hedelma-valipalakeksi
Crunchy Cookies,Brüggen,"Pflanzliche Lebensmittel und Getränke, Pflanzliche Lebensmittel, Frühstücke, Getreide und Kartoffeln, Getreideprodukte, Frühstückscerealien, Stranggepresstes Getreide",1587.0,0.8,25.0,0.15,8.5,6.9,0.0,5,C,25.0,E,https://world.openfoodfacts.org/product/4008713710977/crunchy-cookies-bruggen
FRAC Clásica,"Costa,FRAC","Snacks, Sweet snacks, Biscuits and cakes, Biscuits, Chocolate biscuits, Filled biscuits, Milk chocolate biscuits, Chocolate sandwich cookies, Sandwich biscuits",613.4,3.2,9.5,0.28175,1.7,0.7,0.0,7,C,42.0,D,https://world.openfoodfacts.org/product/7750885001458/frac-clasica-costa
Zobeni keksi,"boom box,atlantic grupa","Grickalice, en:Sweet snacks, Keksi i kolači, Keksi, en:Oatmeal cookies",1879.0,4.5,4.8,0.48,9.6,7.1,11.2321428571429,6,C,45.0,C,https://world.openfoodfacts.org/product/3858890476804/zobeni-keksi-boom-box
Välipalakeksi karpalo & kinuski,Elovena,"Snacks, Sweet snacks, Biscuits and cakes, Biscuits, Oatmeal cookies, fi:Välipalakeksit, en:bars",1796.0,2.2,16.0,0.93,9.0,14.0,34.2,8,C,45.0,C,https://world.openfoodfacts.org/product/6411200111511/valipalakeksi-karpalo-kinuski-elovena
boom box coconut,"boom box,atlantic grupa","Grickalice, en:Sweet snacks, Keksi i kolači, Keksi, en:Oatmeal cookies",1914.0,6.6,4.8,0.44,9.5,7.9,16.625,7,C,45.0,C,https://world.openfoodfacts.org/product/3858890478037/boom-box-coconut
speculaas & orange oat cookies,"boom box,Atlantic Grupa","Grickalice, en:Sweet snacks, Keksi i kolači, Keksi",1765.0,3.7,7.2,0.55,9.3,6.8,14.736328125,6,C,40.0,D,https://world.openfoodfacts.org/product/3858890479423/speculaas-orange-oat-cookies-boom-box
Winter cookies,Lady Joseph,"Botanas,Snacks dulces,Galletas y pasteles,en:Biscuits and crackers,Galletas",1688.0,1.5,22.0,0.25,9.0,6.0,0.0,8,C,50.0,C,https://world.openfoodfacts.org/product/8437022122243/winter-cookies-lady-joseph
Granola Chocolate Cookie,Natwins,"Snacks,Snacks sucrés,Biscuits et gâteaux,Biscuits",1953.0,3.7,12.5,0.2,10.7,9.1,0.0,4,C,50.0,C,https://world.openfoodfacts.org/product/8435351499166/granola-chocolate-cookie-natwins
Pain spécial Pita à garnir,Auchan,"Snacks, Snacks sucrés, Biscuits et gâteaux, Biscuits sucrés & biscuits apéritifs, Biscuits, Assortiments d'aliments, Assortiments de gâteaux secs et biscuits, en:Biscuits or Cookies (Perishable)",1110.0,0.2,2.9,1.3,7.8,2.3,0.0,4,C,50.0,C,https://world.openfoodfacts.org/product/3596710536429/pain-special-pita-a-garnir-auchan
Mustikka & Valkosuklaa välipalakeksi,Elovena,"Naposteltavat, Makeat naposteltavat, Patukat, Keksit ja kakut, Keksit, Kaurakeksit",1829.0,1.8,13.0,0.99,9.2,13.0,0.0,6,C,64.0,B,https://world.openfoodfacts.org/product/14911187/mustikka-valkosuklaa-valipalakeksi-elovena
Välipalakeksi Karpalo & Kinuski,Elovena,"Snacks, Sweet snacks, Biscuits and cakes, Biscuits, Oatmeal cookies, fi:Välipalakeksit, en:cereal-bars",1796.0,2.2,16.0,0.93,9.0,14.0,9.2,8,C,44.0,D,https://world.openfoodfacts.org/product/6411200111528/valipalakeksi-karpalo-kinuski-elovena
Cookie Dough Porriage,Kialla Pure Organics,"Plant-based foods and beverages,Plant-based foods,Breakfasts,Cereals and potatoes,Cereals and their products,Breakfast cereals,Porridge",1670.0,2.9,15.6,0.2225,11.6,11.8,0.0,4,C,25.0,E,https://world.openfoodfacts.org/product/9313958009362/cookie-dough-porriage-kialla-pure-organics
Cornetto Cookies & Cream Ice Cream,Selecta,Ice creams,647.0,3.64,13.6,0.0,1.82,0.0,0.0,7,C,57.0,C,https://world.openfoodfacts.org/product/4800086043306/cornetto-cookies-cream-ice-cream-selecta
Wholemeal cookies,Vitafreie Biscuits without sugar,"Imbiss, Süßer Snack, Kekse und Kuchen, en:Biscuits and crackers, Kekse",394.0,2.8,0.1,0.02,1.4,1.0,0.0,2,C,50.0,C,https://world.openfoodfacts.org/product/5200100944623/wholemeal-cookies-vitafreie-biscuits-without-sugar
Galleta con Avena - Uvas Pasas,Quaker,"Botanas, Snacks dulces, Galletas y pasteles, Galletas, Cookies, Galletas secas, Galletas de avena, en:Raisin cookies",1674.0,4.5,11.0,0.3,9.0,10.0,3.0,5,C,55.0,C,https://world.openfoodfacts.org/product/7702189053497/galleta-con-avena-uvas-pasas-quaker
WAFELLO CHOCO WAFER 48G,Wafello,"Snacks,Sweet snacks,Biscuits and cakes,Biscuits and crackers,Biscuits,Wafers,Biscuits & cookies,Chocolate snacks",460.0,5.0,4.0,0.0,1.0,1.0,0.0,5,C,58.0,C,https://world.openfoodfacts.org/product/8996001350836/wafello-choco-wafer-48g
Pasta de Amendoim sabor Cookies,Putz,amendoim,1740.0,12.5,0.0,0.0,17.5,5.5,0.0,10,C,29.0,E,https://world.openfoodfacts.org/product/7898964980079/pasta-de-amendoim-sabor-cookies-putz
Cookie Realfooding,,"Botanas,Snacks dulces,Galletas y pasteles,Galletas,Galletas de chocolate,Cookies,Cookies con chocolate",1708.0,4.9,9.7,0.7,9.2,7.2,10.0,8,C,36.0,D,https://world.openfoodfacts.org/product/8424465929072/cookie-realfooding
Nescafé Latte Cookies,Nescafé,"Botanas, Snacks dulces, Galletas y pasteles, Galletas",352.0,1.9,10.4,0.2,3.6,0.5,0.0,4,C,50.0,C,https://world.openfoodfacts.org/product/15929028/nescafe-latte-cookies
Galletas 100% integrales,,"Botanas, Snacks dulces, Galletas y pasteles, Galletas, Galletas de chocolate, Cookies, Cookies con chocolate",1708.0,4.9,9.7,0.7,9.2,7.2,10.1432291666667,8,C,47.0,C,https://world.openfoodfacts.org/product/8424465929072/galletas-100-integrales
CARTE D'OR Crème Glacée Façon American Cookies Bac 5.5L,Carte D'or,"Desserts, Surgelés, Desserts glacés, Glaces et sorbets, Glaces",493.0,3.7,14.0,0.09,2.0,0.7,0.0,7,C,62.0,B,https://world.openfoodfacts.org/product/8711327495647/carte-d-or-creme-glacee-facon-american-cookies-bac-5-5l
Chocolate Chip Cookies Sandwich Ice Cream,Chips Ahoy!,en:ice-creams,736.0,3.6,15.2,0.18,2.4,0.8,0.0,9,C,72.0,B,https://world.openfoodfacts.org/product/0055000207249/chocolate-chip-cookies-sandwich-ice-cream-chips-ahoy
TWICE BAKED COOKIES Cherry White Chip,Cooper Street Snacks,en:cookies,1490.0,0.0,22.3,0.0349,5.58,2.79,14.35,5,C,40.0,D,https://world.openfoodfacts.org/product/0857127003748/twice-baked-cookies-cherry-white-chip-cooper-street-snacks
Cookie Poppers Chocolate Chip Minis,Real,en:cookies,502.0,2.5,8.0,0.15,2.0,2.0,54.1666666666667,2,C,50.0,C,https://world.openfoodfacts.org/product/0051497401009/cookie-poppers-chocolate-chip-minis-real
Mini Yakgwa Cookie,Samlip,en:biscuits,1960.0,2.08,16.7,0.211,5.21,9.38,0.0,5,C,50.0,C,https://world.openfoodfacts.org/product/8801068916690/mini-yakgwa-cookie-samlip
Halo Top Chocolate Chip Cookie Dough,Halo Top,"Desserts, Surgelés, Desserts glacés, Glaces et sorbets, Glaces, Glace en pot",565.0,2.7,15.0,0.49,5.2,0.0,0.0,7,C,81.0,A,https://world.openfoodfacts.org/product/0005808900314/halo-top-chocolate-chip-cookie-dough
Classic Chocolate Chip Cookie,Milo,Cookies,699.0,1.5,13.9,0.2,1.7,0.8,0.0,6,C,50.0,C,https://world.openfoodfacts.org/product/8720892339003/classic-chocolate-chip-cookie-milo
Pains Hot Dog,Pouce,"Aliments et boissons à base de végétaux, Aliments d'origine végétale, Céréales et pommes de terre, Pains, Pains spéciaux, Pains Hot Dog, Snacks, Snacks sucrés, Biscuits et gâteaux, Biscuits sucrés & biscuits apéritifs, Biscuits, Assortiments d'aliments, Assortiments de gâteaux secs et biscuits, en:Biscuits or Cookies (Perishable)",1177.0,0.9,4.9,1.3,9.2,4.0,0.0,4,C,68.0,B,https://world.openfoodfacts.org/product/3596710551194/pains-hot-dog-pouce
"Frosted Sugar Cookies, Frosted Sugar",,"Snacks, Sweet snacks, Biscuits and cakes, Biscuits and crackers, Biscuits",670.0,1.5,15.0,0.1625,0.999,0.0,0.0043233235677107,6,C,40.0,D,https://world.openfoodfacts.org/product/0852391398688/frosted-sugar-cookies-frosted-sugar
"White Chocolaty Lace Cookies, White Chocolaty",,"Snacks, Sweet snacks, Biscuits and cakes, Biscuits and crackers, Biscuits",628.0,5.01,13.0,0.12525,0.999,0.99,6.32308238636364,8,C,40.0,D,https://world.openfoodfacts.org/product/0852239052044/white-chocolaty-lace-cookies-white-chocolaty
Holiday Ice Castle Gingerbread Cookie Kit,Disney,"Snacks, Sweet snacks, Biscuits and cakes, Biscuits and crackers, Biscuits",461.0,1.5,14.0,0.23775,1.0,0.0,0.0,6,C,40.0,D,https://world.openfoodfacts.org/product/0844527045249/holiday-ice-castle-gingerbread-cookie-kit-disney
"S'Mores Graham Sandwich Cookies With Chocolate And Marshmallowy Filling, S'Mores",,"Snacks, Sweet snacks, Biscuits and cakes, Biscuits and crackers, Biscuits",628.0,3.5,10.0,0.275,2.0,0.992,0.0,6,C,40.0,D,https://world.openfoodfacts.org/product/0820111012917/s-mores-graham-sandwich-cookies-with-chocolate-and-marshmallowy-filling-s-mores
"Gourmet Decorated Ginger Bread Cookie, Ginger Bread",,"Snacks, Sweet snacks, Biscuits and cakes, Biscuits and crackers, Biscuits",712.0,4.0,8.0,0.425,2.0,0.989,0.0,8,C,40.0,D,https://world.openfoodfacts.org/product/0817169017721/gourmet-decorated-ginger-bread-cookie-ginger-bread
"Chocolate Chip Cookies, Chocolate Chip",,"Snacks, Sweet snacks, Biscuits and cakes, Biscuits and crackers, Biscuits",502.0,3.51,9.99,0.2625,0.999,0.0,0.0,7,C,50.0,C,https://world.openfoodfacts.org/product/0816059013058/chocolate-chip-cookies-chocolate-chip
"Gingerbread Iced Classic Cookies, Gingerbread",Superior on main,"Snacks, Sweet snacks, Biscuits and cakes, Biscuits and crackers, Biscuits",419.0,1.5,12.0,0.11275,1.0,0.0,0.0,5,C,40.0,D,https://world.openfoodfacts.org/product/0810006150322/gingerbread-iced-classic-cookies-gingerbread-superior-on-main
"Rainbow Sprinkle Sugar Iced Classic Cookies, Rainbow Sprinkle Sugar",Superior on main,"Snacks, Sweet snacks, Biscuits and cakes, Biscuits and crackers, Biscuits",461.0,2.0,11.0,0.13775,1.0,0.0,0.0,5,C,40.0,D,https://world.openfoodfacts.org/product/0810006150131/rainbow-sprinkle-sugar-iced-classic-cookies-rainbow-sprinkle-sugar-superior-on-main
"Caramel & Fudge Iced Cake Cookies, Caramel & Fudge",Superior on main,"Snacks, Sweet snacks, Biscuits and cakes, Biscuits and crackers, Biscuits",419.0,1.5,11.0,0.20025,1.0,0.0,0.0,6,C,40.0,D,https://world.openfoodfacts.org/product/0810006150094/caramel-fudge-iced-cake-cookies-caramel-fudge-superior-on-main
"Orange Flavored Cookies Frolletti, Orange",,"Snacks, Sweet snacks, Biscuits and cakes, Biscuits and crackers, Biscuits",586.0,0.0,8.01,0.075,2.0,0.0,0.0,3,C,50.0,C,https://world.openfoodfacts.org/product/8015565035116/orange-flavored-cookies-frolletti-orange
2014 Graduate Cookies,Conagra foods,"Snacks, Sweet snacks, Biscuits and cakes, Biscuits and crackers, Biscuits",670.0,3.0,9.01,0.3125,2.0,0.99,0.0,5,C,40.0,D,https://world.openfoodfacts.org/product/0078742060866/2014-graduate-cookies-conagra-foods
"Vanilla Patriotic Sugar Cookies, Vanilla",,"Snacks, Sweet snacks, Biscuits and cakes, Biscuits and crackers, Biscuits",544.0,2.5,5.99,0.1625,1.0,0.0,0.0483473557692307,4,C,40.0,D,https://world.openfoodfacts.org/product/0770981907277/vanilla-patriotic-sugar-cookies-vanilla
"Original Spring Sugar Cookies, Original",,"Snacks, Sweet snacks, Biscuits and cakes, Biscuits and crackers, Biscuits",628.0,1.5,10.0,0.2125,1.0,0.986,7.35,4,C,40.0,D,https://world.openfoodfacts.org/product/0770981907147/original-spring-sugar-cookies-original
"Vanilla Flavored Mini Frosted Soft Sugar Cookies, Vanilla",,"Snacks, Sweet snacks, Biscuits and cakes, Biscuits and crackers, Biscuits",502.0,0.999,13.0,0.15,0.999,0.0,5.83333333333333,4,C,40.0,D,https://world.openfoodfacts.org/product/0770981303123/vanilla-flavored-mini-frosted-soft-sugar-cookies-vanilla
Organic Shortbread Cookies,Back to nature,"Snacks, Sweet snacks, Biscuits and cakes, Biscuits and crackers, Biscuits",628.0,5.01,5.01,0.25,1.0,0.0,0.0,8,C,50.0,C,https://world.openfoodfacts.org/product/0759283001487/organic-shortbread-cookies-back-to-nature
"Marietta, Chocolate Candy Cookies",,"Snacks, Sweet snacks, Biscuits and cakes, Biscuits and crackers, Biscuits",544.0,2.5,8.01,0.225,0.999,0.0,2.61488095238096,6,C,40.0,D,https://world.openfoodfacts.org/product/7503012175849/marietta-chocolate-candy-cookies
"Marietta, Almond Crescents Cookies",,"Snacks, Sweet snacks, Biscuits and cakes, Biscuits and crackers, Biscuits",628.0,3.0,9.0,0.24975,2.0,0.0,0.0,6,C,40.0,D,https://world.openfoodfacts.org/product/7503012175856/marietta-almond-crescents-cookies
"Marietta, Mini Orejas - Butterfly Crisp Style Cookies",,"Snacks, Sweet snacks, Biscuits and cakes, Biscuits and crackers, Biscuits",544.0,0.999,6.99,0.24975,2.0,0.0,0.0,4,C,40.0,D,https://world.openfoodfacts.org/product/7503012175245/marietta-mini-orejas-butterfly-crisp-style-cookies
"Marietta, Animal Shape Shortbread Cookies",,"Snacks, Sweet snacks, Biscuits and cakes, Biscuits and crackers, Biscuits",544.0,2.0,6.99,0.275,2.0,0.0,0.0,5,C,40.0,D,https://world.openfoodfacts.org/product/7503012175467/marietta-animal-shape-shortbread-cookies
"Marietta, Cookies, Chocolate Chip, Chocolate Chip",,"Snacks, Sweet snacks, Biscuits and cakes, Biscuits and crackers, Biscuits",586.0,2.8,6.99,0.275,2.0,0.0,2.76931818181818,6,C,40.0,D,https://world.openfoodfacts.org/product/7503012175238/marietta-cookies-chocolate-chip-chocolate-chip
"Marietta, Zoo Friends Shorbread Cookies, Vanilla, Vanilla",,"Snacks, Sweet snacks, Biscuits and cakes, Biscuits and crackers, Biscuits",544.0,2.0,6.99,0.275,2.0,0.0,0.0,5,C,40.0,D,https://world.openfoodfacts.org/product/7503012175207/marietta-zoo-friends-shorbread-cookies-vanilla-vanilla
"Marietta, Chocolate Chip Cookies",,"Snacks, Sweet snacks, Biscuits and cakes, Biscuits and crackers, Biscuits",544.0,2.5,6.99,0.275,0.999,0.0,2.81666666666667,6,C,40.0,D,https://world.openfoodfacts.org/product/7503012175214/marietta-chocolate-chip-cookies
Miniature Decorated Cookies,Fancypants baking co,"Snacks, Sweet snacks, Biscuits and cakes, Biscuits and crackers, Biscuits",586.0,3.5,10.0,0.2625,1.0,0.0,0.0,7,C,50.0,C,https://world.openfoodfacts.org/product/0854060001725/miniature-decorated-cookies-fancypants-baking-co
Iced Cookies,Fancy pants baking co,"Snacks, Sweet snacks, Biscuits and cakes, Biscuits and crackers, Biscuits",586.0,3.5,10.0,0.2625,1.0,0.0,0.0,7,C,50.0,C,https://world.openfoodfacts.org/product/0854060001220/iced-cookies-fancy-pants-baking-co
Snowmen Iced Cookies,Fancypants baking co.,"Snacks, Sweet snacks, Biscuits and cakes, Biscuits and crackers, Biscuits",586.0,3.5,10.0,0.2625,1.0,0.0,0.0,7,C,50.0,C,https://world.openfoodfacts.org/product/0854060001275/snowmen-iced-cookies-fancypants-baking-co
"Cookie Bites, Zesty Lemon",Living kitchen,"Snacks, Sweet snacks, Biscuits and cakes, Biscuits and crackers, Biscuits",712.0,3.0,8.01,0.14975,4.0,1.99,79.1666666666667,1,C,50.0,C,https://world.openfoodfacts.org/product/0850650005128/cookie-bites-zesty-lemon-living-kitchen
"Extra Crispy Cookies, Chocolate Chip",Sweet sam's,"Snacks, Sweet snacks, Biscuits and cakes, Biscuits and crackers, Biscuits",544.0,4.0,10.0,0.3,2.0,0.989,0.0,6,C,50.0,C,https://world.openfoodfacts.org/product/0833282008842/extra-crispy-cookies-chocolate-chip-sweet-sam-s
Brioche tranchee sans sucres ajoutes 450g,La boulangere,"Snacks, Snacks sucrés, Biscuits et gâteaux, Biscuits sucrés & biscuits apéritifs, Biscuits, Assortiments d'aliments, Assortiments de gâteaux secs et biscuits, en:Biscuits or Cookies (Perishable)",1376.0,1.9,5.4,0.94,8.9,4.1,2.771484375,4,C,50.0,C,https://world.openfoodfacts.org/product/3760049799392/brioche-tranchee-sans-sucres-ajoutes-450g-la-boulangere
Bagels sésame,Auchan,"Snacks, Snacks sucrés, Biscuits et gâteaux, Biscuits sucrés & biscuits apéritifs, Biscuits, Assortiments d'aliments, Assortiments de gâteaux secs et biscuits, en:Biscuits or Cookies (Perishable)",1231.0,0.5,7.4,0.8,9.1,4.5,1.0,1,C,50.0,C,https://world.openfoodfacts.org/product/3596710556250/bagels-sesame-auchan
Oatmeal Cookies,Eldorado,Kjeks,1809.0,0.7,23.0,0.6,7.5,5.8,0.0,8,C,50.0,C,https://world.openfoodfacts.org/product/7035620041877/oatmeal-cookies-eldorado
Brioche tressee chocolat,Harrys,"Plant-based foods and beverages, Plant-based foods, Snacks, Cereals and potatoes, Sweet snacks, Biscuits and cakes, Biscuits and crackers, Cereals and their products, Biscuits, Breads, Variety packs, Biscuits or cookies variety packs, Biscuits or Cookies (Perishable), Packaged breads, fr:brioches-tressees",1528.0,2.6,16.0,0.68,7.8,5.5,4.025,8,C,45.0,C,https://world.openfoodfacts.org/product/3228857002412/brioche-tressee-chocolat-harrys
JNCK,Jnck Bakery Ltd,Cookies with milk chocolate,1639.0,5.6,3.1,0.44,17.0,19.0,5.0,4,C,47.0,C,https://world.openfoodfacts.org/product/96205457/jnck-jnck-bakery-ltd
Creamline Cream Bar Cookies & Cream Ice Cream,Creamline,"Ice Cream,Frozen Desserts,Stick Novelties",442.0,2.94,12.9,0.0,2.35,0.0,0.0,6,C,66.0,B,https://world.openfoodfacts.org/product/4806514102010/creamline-cream-bar-cookies-cream-ice-cream
Le cookie Chocolat Noisette,Bjorg,"snacks, sweet-snacks, biscuits-and-cakes, biscuits, chocolate-biscuits, fr:biscuits-au-chocolat, biscuits-et-gâteaux, fr:cookies-au-chocolat, fr:cookies-au-chocolat-et-aux-noisettes, snacks-sucrés, fr:cookies-au-chocolat, fr:cookies-au-chocolat-et-aux-noisettes",2073.0,5.3,29.0,0.36,7.4,6.3,19.05,15,D,70.0,B,https://world.openfoodfacts.org/product/3229820004334/le-cookie-chocolat-noisette-bjorg
Digestive Muesli,Gullón,"Lanches comida,Lanches doces,Biscoitos e Bolos,en:Biscuits and crackers,Biscoitos,en:Oatmeal cookies",1934.0,2.0,21.0,0.7,7.5,7.0,7.06944444444444,9,D,50.0,C,https://world.openfoodfacts.org/product/8410376026979/digestive-muesli-gullon
Harrys brioche tranchee pepites de chocolat sans additif 485g,Harry's,"Aliments et boissons à base de végétaux,Aliments d'origine végétale,Snacks,Céréales et pommes de terre,Snacks sucrés,Biscuits et gâteaux,Biscuits sucrés & biscuits apéritifs,Céréales et dérivés,Biscuits,en:Sweet pastries and pies,Pains,Viennoiseries,Brioches,Assortiments d'aliments,Assortiments de gâteaux secs et biscuits,en:Biscuits or Cookies (Perishable),Brioches au chocolat,en:Packaged breads,Brioches tranchées",1500.0,2.7,17.0,0.65,7.5,5.2,8.50048828125,9,D,65.0,B,https://world.openfoodfacts.org/product/3228857001347/harrys-brioche-tranchee-pepites-de-chocolat-sans-additif-485g-harry-s
"Gerblé - Sesame Chocolate Cookie, 200g (7.1oz)",Gerblé,"Snacks, Snacks sucrés, Biscuits et gâteaux, Biscuits, Biscuits au chocolat",1975.0,4.4,21.0,0.6,10.0,5.6,6.61666666666666,12,D,41.0,D,https://world.openfoodfacts.org/product/3175681790285/gerble-sesame-chocolate-cookie-200g-7-1oz
Cookies de Cacao con Chips de Chocolate sin Gluten,Gullón,"Lanches comida,Lanches doces,Biscoitos e Bolos,en:Biscuits and crackers,en:Specific products,Biscoitos,en:Products for specific diets,Produtos sem glútem,Biscoitos de chocolate,Cookies,en:Chocolate chip cookies,en:Gluten-free biscuits",1958.0,4.6,19.0,0.6,4.2,7.3,0.0,10,D,43.0,D,https://world.openfoodfacts.org/product/8410376017342/cookies-de-cacao-con-chips-de-chocolate-sin-gluten-gullon
Sablés authentiques Épeautre,Bisson,"Snacks,Sweet snacks,Biscuits and cakes,Biscuits,Shortbread cookies",1922.0,3.3,16.0,0.42,9.3,5.8,0.0,9,D,74.0,B,https://world.openfoodfacts.org/product/3760005021307/sables-authentiques-epeautre-bisson
Gerblé choco noisette,Gerblé,"fr:Cookies pépites de chocolat, en:chocolate-biscuits",2056.0,4.0,29.0,0.38,3.6,4.8,12.8875,14,D,48.0,C,https://world.openfoodfacts.org/product/06163743/gerble-choco-noisette
Almond Cantucci,Crosta & Mollica,"Snacks, Sweet snacks, Biscuits and cakes, Biscuits, Dry biscuits, Almond cookies, Cantucci",1845.0,4.0,30.0,0.15,10.0,3.4,22.25625,13,D,34.0,D,https://world.openfoodfacts.org/product/5060198648373/almond-cantucci-crosta-mollica
Gullon cookies,Gullón,"Snacks, Snacks sucrés, Biscuits et gâteaux, Biscuits, Biscuits au chocolat, Cookies",1890.0,6.0,0.5,0.58,5.9,4.0,0.0,9,D,37.0,D,https://world.openfoodfacts.org/product/8410376055856/gullon-cookies
Peanut Butter Dark Chocolate,Be Kind,"Snacks,Sweet snacks,Bars,Barres,Barres-chocolatees,Barres-chocolatees-aux-fruits-oleagineux,Barres-de-cereales,Barres-de-cereales-aux-fruits-a-coques,Cacao-et-derives,Cereal-bar-with-almonds-or-hazelnuts,Confiseries,Confiseries-chocolatees,Snacks-sucres,Biscuit (cookie) snack w chocolate filling",2199.0,8.4,22.0,0.25,19.0,7.1,54.5454545454545,14,D,42.0,D,https://world.openfoodfacts.org/product/5000159528368/peanut-butter-dark-chocolate-be-kind
crunchy muesli cookies,Sondey (Lidl),"Biljne hrane i pića, Hranu biljnog podrijetla, Doručci, Žitarice i krumpir, Žitarica i njihovih proizvoda, Žitarice za doručak, Müsli, Muesli cookies",2141.0,6.0,24.2,0.03,11.6,5.7,33.0,13,D,86.0,A,https://world.openfoodfacts.org/product/20816766/crunchy-muesli-cookies-sondey-lidl
Sandwich Sabor Yogurt con avena y frutos rojos - Vitalday Gullon,Gullón,en:Cookies,1863.0,4.5,26.0,0.53,8.0,8.0,3.0,11,D,54.0,C,https://world.openfoodfacts.org/product/8410376042528/sandwich-sabor-yogurt-con-avena-y-frutos-rojos-vitalday-gullon
Be-kind Caramel Almond & sea salt,Be-Kind,"Plant-based foods and beverages,Plant-based foods,Snacks,Sweet snacks,Biscuits and cakes,Biscuits and crackers,Nuts and their products,Biscuits,Bars,Cereal bars,Nut bars,Biscuit (cookie) snack w chocolate filling,Peanut bars",2131.0,6.0,15.0,0.75,16.0,17.0,77.7777777777778,9,D,32.0,D,https://world.openfoodfacts.org/product/0602652257780/caramel-almond-sea-salt-be-kind
"Gerblé - Sugar Free Vanilla Filled Cookie, 185g (6.6oz)",Gerblé,"Snacks, Sweet snacks, Biscuits and cakes, Biscuits, Filled biscuits, Sandwich biscuits",1898.0,4.8,0.0,0.64,5.6,1.9,0.0,10,D,63.0,B,https://world.openfoodfacts.org/product/3175681245075/gerble-sugar-free-vanilla-filled-cookie-185g-6-6oz
Mini cookies superfood thé matcha & citron,Green Up,"Snacks, Snacks sucrés, Biscuits et gâteaux, Biscuits, Cookies",2041.0,4.5,24.0,0.7,8.6,3.6,12.18,16,D,75.0,A,https://world.openfoodfacts.org/product/3226219011584/mini-cookies-superfood-the-matcha-citron-green-up
Biscuits sésame et épeautre,"Auchan, Auchan Bio","Snacks, Snacks sucrés, Biscuits et gâteaux, Biscuits, Biscuits sucrés & biscuits apéritifs, Assortiments d'aliments, Assortiments de gâteaux secs et biscuits, en:Biscuits or Cookies (Perishable)",2080.0,2.5,20.0,0.58,8.4,4.7,0.0,11,D,84.0,A,https://world.openfoodfacts.org/product/3596710308996/biscuits-sesame-et-epeautre-auchan
Biscuits P'tit Déj 5 Céréales Complètes,Auchan,"Snacks,Breakfasts,Sweet snacks,Biscuits and cakes,Biscuits, Biscuits sucrés & biscuits apéritifs, Assortiments d'aliments, Assortiments de gâteaux secs et biscuits, en:Biscuits or Cookies (Perishable)",1816.0,1.5,22.0,0.59,8.0,5.0,0.0,10,D,57.0,C,https://world.openfoodfacts.org/product/3596710459070/biscuits-p-tit-dej-5-cereales-completes-auchan
Cookie Vermont-ster,Ben & Jerry's,"Desserts, Surgelés, Desserts glacés, Glaces et sorbets, Glaces, Crèmes glacées en pot, Glace en pot",949.0,6.4,21.0,0.17,3.1,1.6,1.15625,13,D,82.0,A,https://world.openfoodfacts.org/product/8711327539624/sundae-cookie-vermont-ster-ben-jerry-s
Biscuits p'tit déj pépites de chocolat et miel,Auchan,"Snacks, Petit-déjeuners, Snacks sucrés, Biscuits et gâteaux, Biscuits, Biscuits au chocolat, Biscuits aux céréales, Biscuits petits-déjeuners, Biscuits sucrés & biscuits apéritifs, Assortiments d'aliments, Assortiments de gâteaux secs et biscuits, en:Biscuits or Cookies (Perishable)",1906.0,3.0,26.0,0.42,8.0,4.5,0.0,12,D,45.0,C,https://world.openfoodfacts.org/product/3596710306923/biscuits-p-tit-dej-pepites-de-chocolat-et-miel-auchan
Goûter moelleux fourrés chocolat choco mousse moins de sucres 280g x8,Harrys,"filled cakes, Biscuits sucrés & biscuits apéritifs, Biscuits, Assortiments d'aliments, Assortiments de gâteaux secs et biscuits, en:Biscuits or Cookies (Perishable), en:Fresh cakes",1490.0,6.5,17.4,0.313,7.8,4.2,0.04375,12,D,50.0,C,https://world.openfoodfacts.org/product/3228857002290/gouter-moelleux-fourres-chocolat-choco-mousse-moins-de-sucres-280g-x8-harrys
Mini Cookies,"Artiach, Chiquilin","en:Cookies,fr:Biscuits édulcorés",1934.0,5.9,0.5,1.1,6.0,3.5,0.0,12,D,51.0,C,https://world.openfoodfacts.org/product/8436048961256/mini-cookies-artiach
Cookies tout chocolat - 200g,CHABRIOR,"Lanches comida,Lanches doces,Biscoitos e Bolos,Biscoitos,Biscoitos de chocolate,Cookies,en:Chocolate chip cookies",1956.0,5.2,34.9,0.19,6.5,4.6,0.0,16,D,60.0,B,https://world.openfoodfacts.org/product/3250390112624/cookies-tout-chocolat-200g-chabrior
Vitalday Avena y chips de chocolate,Gullón,en:Cookies,1875.0,4.0,21.0,0.6,8.0,13.0,0.0,9,D,50.0,C,https://world.openfoodfacts.org/product/8410376042504/vitalday-avena-y-chips-de-chocolate-gullon
Ben & Jerry's Glace en Pot Caramel Brownie Party 465ml,Ben & Jerry's,ice cream tubs,956.0,7.4,23.0,0.39,3.5,0.49,0.0,16,D,85.0,A,https://world.openfoodfacts.org/product/8711327374324/caramel-brownie-party-glass-ben-jerry-s
"Gerble - Gluten Free and Lactose Free Choco Hazelnut Cookie, 150g (5.3oz)",Gerblé,"Snacks, Snacks sucrés, en:Specific products, Biscuits et gâteaux, en:Products for specific diets, Biscuits, Produits sans gluten, Biscuits sans gluten",1919.0,2.8,21.0,0.38,7.2,5.7,5.2,9,D,62.0,B,https://world.openfoodfacts.org/product/3175681262195/gerble-gluten-free-and-lactose-free-choco-hazelnut-cookie-150g-5-3oz
Biscuits complets avoine blé Nappés Chocolat Noir,"Carrefour BIO,Carrefour","Snacks,Sweet snacks,Biscuits and cakes,Biscuits and crackers,Biscuits,Chocolate biscuits,Digestives covered with chocolate,Oatmeal cookies",1988.0,14.0,24.0,0.51,8.0,8.7,0.0,16,D,61.0,B,https://world.openfoodfacts.org/product/3560071433352/biscuits-complets-avoine-ble-nappes-chocolat-noir-carrefour-bio
Biscuits P'tit Déj Pépites de Chocolat,Auchan,"Snacks, Sweet snacks, Biscuits and cakes, Biscuits, en:chocolate-biscuits, Assortiments d'aliments, Assortiments de gâteaux secs et biscuits, en:Biscuits or Cookies (Perishable)",1923.0,3.5,25.0,0.45,7.0,4.5,0.0,13,D,41.0,D,https://world.openfoodfacts.org/product/3596710485123/biscuits-p-tit-dej-pepites-de-chocolat-auchan
Biscuits P'tit Déj Tout Chocolat,Auchan,"Snacks,Breakfasts,Sweet snacks,Biscuits and cakes,Biscuits,Chocolate biscuits, Biscuits sucrés & biscuits apéritifs, Assortiments d'aliments, Assortiments de gâteaux secs et biscuits, en:Biscuits or Cookies (Perishable)",1876.0,4.0,28.0,0.45,8.0,5.0,0.0,14,D,45.0,C,https://world.openfoodfacts.org/product/3596710360819/biscuits-p-tit-dej-tout-chocolat-auchan
Dolcetti gemme mb 200 gr,"Barilla, Mulino Bianco","Plant-based foods and beverages, Plant-based foods, Snacks, Breakfasts, Spreads, Sweet snacks, Biscuits and cakes, Biscuits and crackers, Plant-based spreads, Sweet spreads, Biscuits, Fruit and vegetable preserves, Jams, Shortbread cookies, Apricot jams, Biscuits/Cookies (Shelf Stable), Fruit shortbread cake, en:dry-biscuits",1904.0,4.0,28.0,0.31,6.5,2.8,8.9,14,D,54.0,C,https://world.openfoodfacts.org/product/8076809529976/dolcetti-gemme-mb-200-gr-barilla
Whole-wheat biscuits with added vitamins and chocolate,Bambi,"Snacks, Sweet snacks, Biscuits and cakes, Biscuits, Chocolate biscuits, Drop cookies, Chocolate chip cookies",1897.0,8.4,27.0,0.61,9.9,8.7,0.0,16,D,45.0,C,https://world.openfoodfacts.org/product/8600043005059/whole-wheat-biscuits-with-added-vitamins-and-chocolate-bambi
Bolachas Digestive,Continente,en:Cookies,1954.0,1.5,16.8,1.6,6.4,3.1,0.0,14,D,55.0,C,https://world.openfoodfacts.org/product/5601312061977/bolachas-digestive-continente
Highland oatcakes,"Walkers, Walkers Shortbread Ltd.","Snacks, Sweet snacks, Biscuits and cakes, Biscuits and crackers, Biscuits, Shortbread cookies, Oatmeal-cookies, Shortbread, fr:Biscuits écossais, fr:Goûter, en:oatmeal-biscuits",1950.0,5.0,2.6,1.22,10.9,6.2,7.33333333333333,10,D,54.0,C,https://world.openfoodfacts.org/product/0039047002111/highland-oatcakes-walkers
Cookies aux pépites de chocolat sans sucres,"Casino, Casino Bien pour vous, Santé","Snacks, Sweet snacks, Biscuits and cakes, Biscuits, Chocolate biscuits, en:chocolate-chip-cookies",1829.0,8.7,0.5,0.66,7.2,3.3,9.00454545454546,13,D,51.0,C,https://world.openfoodfacts.org/product/3222476116239/cookies-aux-pepites-de-chocolat-sans-sucres-casino
Ben & Jerry's Ice Cream STRAWBERRY_CHEESECAKE 465 ML,"Ben & Jerry's,Unilever norge,Unilever","Desserts,Frozen foods,Frozen desserts,Ice creams and sorbets,Ice creams,Ice cream tubs,Luxury ice cream in a cup,Strawberry ice cream tubs",909.0,6.6,21.0,0.25,2.9,0.5,11.575,15,D,79.0,A,https://world.openfoodfacts.org/product/8711327374126/ben-jerry-s-strawberry-cheese-cake-465ml
Cookie Crisp,Nestlé,"Alimente și băuturi pe bază de plante, Alimente pe bază de plante, en:Breakfasts, en:Cereals and potatoes, en:Cereals and their products, en:Breakfast cereals, en:Extruded cereals",1659.0,2.2,22.4,0.66,7.2,6.0,0.0,10,D,15.0,E,https://world.openfoodfacts.org/product/5900020041968/cookie-crisp-nestle
Goûter moelleux noisette et cacao tendrissime moins de sucres 264g x8,Harrys,"Snacks,Snacks sucrés,Biscuits et gâteaux,Biscuits sucrés & biscuits apéritifs,Biscuits, Assortiments d'aliments, Assortiments de gâteaux secs et biscuits, en:Biscuits or Cookies (Perishable)",1520.0,6.1,15.0,0.27,6.9,4.0,1.1,12,D,50.0,C,https://world.openfoodfacts.org/product/3228857002283/gouter-moelleux-noisette-et-cacao-tendrissime-harrys
Biscuits P'tit Déj Fruits Rouges,Auchan,"Snacks, Petit-déjeuners, Snacks sucrés, Biscuits et gâteaux, Biscuits, Biscuits sucrés & biscuits apéritifs, Assortiments d'aliments, Assortiments de gâteaux secs et biscuits, en:Biscuits or Cookies (Perishable)",1907.0,1.5,24.0,0.51,6.5,6.0,7.0,9,D,57.0,C,https://world.openfoodfacts.org/product/3596710335442/biscuits-p-tit-dej-fruits-rouges-auchan
Glutenfree & Lactosefree - Cookies aux pépites de chocolat,Céréal,"Snacks,Snacks sucrés,en:Specific products,Biscuits et gâteaux,en:Products for specific diets,Biscuits,Produits sans gluten,Biscuits au chocolat,Cookies,Cookies au chocolat,Biscuits sans gluten",2056.0,4.0,29.0,0.15,3.6,4.8,0.0,13,D,47.0,C,https://world.openfoodfacts.org/product/5410063023956/glutenfree-lactosefree-cookies-aux-pepites-de-chocolat-cereal
Chocolate Cookies,"Migros, You","Snacks, Snacks sucrés, Biscuits et gâteaux, Biscuits sucrés & biscuits apéritifs, Biscuits, Biscuits au chocolat, Cookies, Cookies au chocolat",2009.0,4.6,18.0,0.82,10.0,9.1,0.0,11,D,62.0,B,https://world.openfoodfacts.org/product/7613312298695/chocolate-cookies-migros
Mon goûter goût chocolat BIO,"Auchan, Auchan Bio","Snacks, Snacks sucrés, Biscuits et gâteaux, Biscuits, Biscuits fourrés, Biscuits sucrés & biscuits apéritifs, Assortiments d'aliments, Assortiments de gâteaux secs et biscuits, en:Biscuits or Cookies (Perishable)",1914.0,4.3,24.0,0.62,6.9,6.1,0.0,13,D,74.0,B,https://world.openfoodfacts.org/product/3596710481927/mon-gouter-gout-chocolat-bio-auchan
Protein oat bites,Crownfield,"Snacks, Sweet snacks, Biscuits and cakes, Biscuits, Oatmeal cookies, Oat bar snack, en:bars",1774.0,6.1,15.0,0.74,17.0,12.0,6.8,11,D,45.0,C,https://world.openfoodfacts.org/product/4056489353362/protein-oat-bites-crownfield
Protein Cookies Almond,"Migros, You","Snacks, Snacks sucrés, Biscuits et gâteaux, Biscuits, Biscuits à l'avoine",2007.0,3.0,20.0,0.44,24.0,5.0,34.538216765873,10,D,55.0,C,https://world.openfoodfacts.org/product/7613312321515/protein-cookies-almond-migros
Zero mini cookies,Nacional,"Botanas, Snacks dulces, Galletas y pasteles, Galletas, Cookies, en:Wafers",2178.0,9.8,0.5,0.85,6.6,4.7,0.0,15,D,58.0,C,https://world.openfoodfacts.org/product/5601066401081/zero-mini-cookies-nacional
"Gerblé - No Sugar Added White Chocolate Fondant Cookie, 126g (4.5oz)",Gerblé,"Snacks, Snacks sucrés, Biscuits et gâteaux, Biscuits, Biscuits au chocolat, Biscuits au chocolat blanc",1824.0,8.9,3.8,0.325,7.0,5.8,0.0405069986979214,10,D,51.0,C,https://world.openfoodfacts.org/product/3175681207516/gerble-no-sugar-added-white-chocolate-fondant-cookie-126g-4-5oz
Petits biscuits - saveur noix de coco,Auchan,"Snacks, Snacks sucrés, Biscuits et gâteaux, Biscuits, Biscuits secs, Biscuits sucrés & biscuits apéritifs, Assortiments d'aliments, Assortiments de gâteaux secs et biscuits, en:Biscuits or Cookies (Perishable)",1821.0,4.6,23.0,0.69,7.7,3.0,0.0,15,D,47.0,C,https://world.openfoodfacts.org/product/3596710428724/petits-biscuits-saveur-noix-de-coco-auchan
Brownie miękkie ciasteczko czekolada + kakao,Frank&oli,"Przekąski, Słodkie przekąski, en:Biscuits and cakes, Herbatnik, en:Drop cookies",1701.0,12.5,6.1,0.98,8.9,24.0,49.0,12,D,55.0,C,https://world.openfoodfacts.org/product/5900316552185/mi%C4%99kkie-ciastko-czekoladowe-frank-oli
P'tit dej animaux,"Auchan, Kids","Snacks,Petit-déjeuners,Snacks sucrés,Biscuits et gâteaux,Biscuits sucrés & biscuits apéritifs,Surgelés,Biscuits,Biscuits au chocolat,Biscuits secs,Biscuit sec pour petit déjeuner,Biscuit aux céréales pour petit déjeuner enrichis en vitamines et minéraux, Assortiments d'aliments, Assortiments de gâteaux secs et biscuits, en:Biscuits or Cookies (Perishable)",1967.0,2.9,24.0,0.22,5.8,4.0,0.0,11,D,50.0,C,https://world.openfoodfacts.org/product/3596710485109/p-tit-dej-animaux-auchan
Cookies aux Pépites de Chocolat,"Chaque Jour Sans Gluten, Marque Repère","Snacks, Sweet snacks, Biscuits and cakes, Biscuits, Chocolate biscuits, en:drop-cookies",2253.0,7.9000000953674,22.0,0.26,5.3000001907349,7.5999999046326,13.4,13,D,31.0,D,https://world.openfoodfacts.org/product/3564700651360/cookies-aux-pepites-de-chocolat-chaque-jour-sans-gluten
Mini cookies superfood Graines de chia & myrtilles,GREEN UP’,"Snacks, Snacks sucrés, Biscuits et gâteaux, Biscuits",1982.0,3.9,23.0,0.76,8.3,5.5,2.4875,12,D,75.0,A,https://world.openfoodfacts.org/product/3226219011591/mini-cookies-superfood-graines-de-chia-myrtilles-green-up
Mini Cereales,Gullón,en:Cookies,1916.0,1.5,18.0,0.83,6.5,3.3,0.0,12,D,61.0,B,https://world.openfoodfacts.org/product/8410376039207/mini-cereales-gullon
Les cookies,Ma Tatie,"Snacks,Sweet snacks,Biscuits and cakes,Biscuits",2030.0,5.1,30.0,0.38,3.1,4.5,0.0,16,D,73.0,B,https://world.openfoodfacts.org/product/06177449/les-cookies-ma-tatie
Sans gluten et bio petit fourré goût cacao,Bjorg,"Snacks,Sweet snacks,Biscuits and cakes,Biscuits,Chocolate biscuits,Filled biscuits,Dry biscuits,Shortbread cookies",1944.0,4.0,29.0,0.63,5.4,3.4,1.25,16,D,70.0,B,https://world.openfoodfacts.org/product/3229820794785/sans-gluten-et-bio-petit-fourre-gout-cacao-bjorg
Pause thé,Auchan,"Snacks, Snacks sucrés, Biscuits et gâteaux, Biscuits, Biscuits secs, Biscuits sucrés & biscuits apéritifs, Assortiments d'aliments, Assortiments de gâteaux secs et biscuits, en:Biscuits or Cookies (Perishable)",1913.0,5.8,23.0,0.58,8.7,3.3,0.0,15,D,51.0,C,https://world.openfoodfacts.org/product/3596710407668/pause-the-auchan
Cookies aux pépites de Chocolat sans sucre,Dietbon,"Snacks, Snacks sucrés, Biscuits et gâteaux, Biscuits",1827.0,12.0,0.5,0.66,6.9,2.8,0.0,15,D,50.0,C,https://world.openfoodfacts.org/product/3700569023201/cookies-aux-pepites-de-chocolat-sans-sucre-dietbon
Cookies aux pépites de chocolat et cacao,Aline & Olivier,"Snacks, Snacks sucrés, Biscuits et gâteaux, Biscuits, Biscuits au chocolat, Cookies, Surgelés",1881.0,4.3,20.7,0.22,7.0,5.3,0.0,11,D,71.0,B,https://world.openfoodfacts.org/product/3760094311648/cookies-aux-pepites-de-chocolat-et-cacao-aline-olivier
Fitking Delicious Cookie White Choco Cream,"Allnutrition,SFD Spółka Akcyjna","Snacks, Sweet snacks, Biscuits and cakes, Biscuits",1945.0,19.0,6.7,0.78,5.2,5.2,11.3208333333333,15,D,50.0,C,https://world.openfoodfacts.org/product/5902837740447/fitking-delicious-cookie-white-choco-cream-allnutrition
Barres cacahuètes pop corn,Auchan,"Snacks, Snacks sucrés, Surgelés, Barres, Biscuits et gâteaux, Biscuits sucrés & biscuits apéritifs, Biscuits, Assortiments d'aliments, Assortiments de gâteaux secs et biscuits, en:Biscuits or Cookies (Perishable)",1769.0,6.9,17.0,0.8,7.8,21.0,15.5,11,D,40.0,D,https://world.openfoodfacts.org/product/3596710517794/barres-cacahuetes-pop-corn-auchan
Slim high 50% protein cookie,Born winner,en:biscuits,1708.0,5.8,1.0,0.7,50.0,1.0,2.95138888888889,12,D,40.0,D,https://world.openfoodfacts.org/product/5060961650121/slim-high-50-protein-cookie-born-winner
Baguettes viennoises,Auchan,"Aliments et boissons à base de végétaux, Aliments d'origine végétale, Snacks, Céréales et pommes de terre, Snacks sucrés, en:Sweet pastries and pies, Pains, Viennoiseries, Baguettes, Biscuits et gâteaux, Biscuits sucrés & biscuits apéritifs, Biscuits, Assortiments d'aliments, Assortiments de gâteaux secs et biscuits, en:Biscuits or Cookies (Perishable), Pains briochés",1267.0,0.5,13.0,1.1,9.4,2.7,5.47965494791667,8,D,78.0,A,https://world.openfoodfacts.org/product/3596710425464/baguettes-viennoises-auchan
Chia Lemon Cahew & Oat Cookie,Kookie Cat,"Snacks, Snacks sucrés, Biscuits et gâteaux, Biscuits",1711.0,15.0,18.0,0.0,8.5,5.0,0.0,16,D,70.0,B,https://world.openfoodfacts.org/product/3800232730525/chia-lemon-kookie-cat
Lean Cookie Dark Chocolate & Berry Flavor,"My Protein, Myprotein","Snacks, Snacks sucrés, Biscuits et gâteaux, Biscuits",1590.0,6.0,3.2,0.745,50.0,3.0,3.0,9,D,45.0,C,https://world.openfoodfacts.org/product/5055936830394/lean-cookie-dark-chocolate-berry-flavor-my-protein
Mini cookies graines de chia & saveur myrtille,"U, U Bio","Snacks, Snacks sucrés, Biscuits et gâteaux, Biscuits",2006.0,4.0,23.0,0.68,8.4,6.0,2.4875,12,D,75.0,A,https://world.openfoodfacts.org/product/3256227433283/mini-cookies-graines-de-chia-saveur-myrtille-u
Les P'tits curieux barres cookies chocolat,Bjorg,"Snacks,Sweet snacks,Biscuits and cakes,Biscuits and crackers,Frozen foods,Biscuits,Chocolate biscuits",2015.0,7.8,22.0,0.29,6.1,5.4,0.0,15,D,61.0,B,https://world.openfoodfacts.org/product/3229820799834/les-p-tits-curieux-barres-cookies-chocolat-bjorg
Oat cookies with dark chocolate,μπισκότα βρώμης,"en:Snacks, en:Sweet snacks, en:Biscuits and cakes, Μπισκότο",2060.0,13.0,0.5,1.0,8.5,4.2,0.0032552083333286,16,D,50.0,C,https://world.openfoodfacts.org/product/5200100942438/oat-cookies-with-dark-chocolate-%CE%BC%CF%80%CE%B9%CF%83%CE%BA%CF%8C%CF%84%CE%B1-%CE%B2%CF%81%CF%8E%CE%BC%CE%B7%CF%82
Zero cookies,,"Snack, Snack dolci, Biscotti e torte, Biscotti, Biscotti al cioccolato",1854.0,13.0,0.5,0.04,5.5,2.6,0.0,13,D,37.0,D,https://world.openfoodfacts.org/product/5200100943664/zero-cookies
Super cookies,CAMPI Plus,"Snacks, Snacks sucrés, Biscuits et gâteaux, Biscuits, Biscuits au chocolat, Cookies, Cookies au chocolat",1696.6,3.0,26.1,0.31475,6.6,2.1,0.0102486979166656,13,D,37.0,D,https://world.openfoodfacts.org/product/6191416500216/cookies-with-chocolate-chips-campi-plus
Cookie chataignes & noisettes,Aline & Oliver,"Snacks, Snacks sucrés, Biscuits et gâteaux, Biscuits, Cookies",1765.0,2.0,17.7,0.22,7.0,3.5,15.85,9,D,55.0,C,https://world.openfoodfacts.org/product/3760094312942/cookie-chataignes-noisettes-aline-oliver
Cookies Stem Ginger,Marks & Spencer,"Snacks,Sweet snacks,Biscuits and cakes,Biscuits and crackers,Biscuits,Oatmeal biscuits",713.0,13.7,2.3,0.13,1.6,0.0,0.0,12,D,80.0,A,https://world.openfoodfacts.org/product/00011754/cookies-stem-ginger-marks-spencer
Zucker-frei Butter Cookies,Coppenrath,"Imbiss, Süßer Snack, Kekse und Kuchen, en:Biscuits and crackers, Kekse",1899.0,14.0,0.5,0.4,6.0,4.0,0.0,13,D,50.0,C,https://world.openfoodfacts.org/product/4006952006929/zuckerfrei-butter-cookies-coppenrath
Cookie Bitz Cereais Mini Cookies com Pepitas de Chocolate,Pingo doce,"Alimentos e bebidas à base de plantas,Alimentos à base de plantas,Pequenos alomoços,Cereais e Batatas,Cereais e seus produtos,Cereias para pequeno-almoçco",1588.0,1.2,29.1,1.0,6.0,7.0,0.0,11,D,34.0,D,https://world.openfoodfacts.org/product/5601009977833/cookie-bitz-cereais-mini-cookies-com-pepitas-de-chocolate-pingo-doce
Pot White Chocolate Cookies,Magnum,"Desserts, Surgelés, Desserts glacés, Glaces et sorbets, Glaces, Crèmes glacées en pot, Glace en pot, Glace Pot",977.0,8.3,20.0,0.16,3.2,0.5,0.226783752441406,15,D,82.0,A,https://world.openfoodfacts.org/product/8711327315600/pot-white-chocolate-cookies-magnum
grain cookies,Billy's farm,"Snacks,Sweet snacks,Biscuits and cakes,Biscuits",2013.0,12.0,19.0,0.15,8.4,5.8,2.75,16,D,60.0,B,https://world.openfoodfacts.org/product/8711753001801/grain-cookies-billy-s-farm
Cereal Biscotti Con Gocce Di Cioccolato,Céréal,Cookie,2056.0,4.0,29.0,0.15,3.6,4.8,0.0,13,D,47.0,C,https://world.openfoodfacts.org/product/3175681015968/cereal-biscotti-con-gocce-di-cioccolato
Bio Cookie Chocolate Chip,KoRo,"imbiss, süßer-snack, kekse-und-kuchen, en:biscuits-and-crackers, kekse, schokoladenkekse, de:imbiss, de:kekse, de:kekse-und-kuchen, en:süßer-snack",2250.0,22.0,23.0,0.04,10.0,7.3,22.0,16,D,37.0,D,https://world.openfoodfacts.org/product/4260654782752/bio-cookie-chocolate-chip-koro
Chocolate Chip Soft Baked Cookies,Partake Foods,"Snacks, Sweet snacks, Biscuits and cakes, Biscuits, Chocolate biscuits, Drop cookies, Chocolate chip cookies",1890.0,3.23,29.0,0.645,3.23,6.45,0.0,13,D,47.0,C,https://world.openfoodfacts.org/product/0852761007336/chocolate-chip-soft-baked-cookies-partake-foods
Cœur de boule - Cacao Noisette & coeur fondant Praliné,Funkie,Cookies au chocolat et aux noisettes,1892.0,3.0,41.0,0.22,9.0,9.2,91.29,4,D,60.0,B,https://world.openfoodfacts.org/product/3770008009295/coeur-de-boule-cacao-noisette-coeur-fondant-praline-funkie
Mini cookies bio,,"Snacks, Snacks sucrés, Biscuits et gâteaux, Biscuits",1899.0,1.2,26.0,0.58,7.2,4.0,0.0,12,D,70.0,B,https://world.openfoodfacts.org/product/8436547644797/mini-cookies-bio
Cookie Crisp,Nestlé,"Plant-based foods and beverages, Plant-based foods, Breakfasts, Cereals and potatoes, Cereals and their products, Breakfast cereals, Extruded cereals, sl:c, en:biscuits",1669.0,2.2,22.4,0.67,7.2,6.0,0.0,10,D,54.0,C,https://world.openfoodfacts.org/product/5900020018342/cookie-crisp-nestle
Cookies chocolat aux pépites de chocolat - 200g,Netto,"Snacks,Snacks sucrés,Biscuits et gâteaux,Biscuits,Biscuits au chocolat,Cookies,Cookies au chocolat, Biscuits sucrés & biscuits apéritifs",1956.0,5.2,34.9,0.19,6.5,4.6,0.0,16,D,50.0,C,https://world.openfoodfacts.org/product/3250390331544/cookies-chocolat-aux-pepites-de-chocolat-200g-netto
Marbré goût chocolat,Auchan,"Snacks, Snacks sucrés, Biscuits et gâteaux, Gâteaux, Gâteaux au chocolat, Gâteaux marbrés, Biscuits sucrés & biscuits apéritifs, Biscuits, Assortiments d'aliments, Assortiments de gâteaux secs et biscuits, en:Biscuits or Cookies (Perishable)",1766.0,2.6,27.0,0.54,5.4,1.9,14.375,14,D,50.0,C,https://world.openfoodfacts.org/product/3254560033467/marbre-gout-chocolat-auchan
Cookies aux pépites de chocolat,Monoprix,"Snacks, Snacks sucrés, Biscuits et gâteaux, Biscuits",1829.0,8.7,0.5,0.66,7.2,3.3,0.0,13,D,50.0,C,https://world.openfoodfacts.org/product/3350033307711/cookies-aux-pepites-de-chocolat-monoprix
Mini roulés fraise,Auchan,"Snacks, Snacks sucrés, Biscuits et gâteaux, Gâteaux, en:filled-sponge-cake-rolls, Biscuits sucrés & biscuits apéritifs, Biscuits, Assortiments d'aliments, Assortiments de gâteaux secs et biscuits, en:Biscuits or Cookies (Perishable)",1373.0,0.9,42.0,0.43,4.2,1.0,0.0,17,D,50.0,C,https://world.openfoodfacts.org/product/3596710424832/mini-roules-fraise-auchan
Lean cookie,MyProtein,"Snacks,Sweet snacks,Biscuits and cakes,Biscuits",1618.0,2.5,7.1,0.7,50.0,2.0,3.0,9,D,40.0,D,https://world.openfoodfacts.org/product/5055936830370/lean-cookie-myprotein
Yubileynoe Cookies,Большевик,"Закуски, Сладкие закуски, Пироги и печенье, Бисквит, Печенье витаминизированное традиционное, Печенье витаминизированное традиционное «Юбилейное»",1930.0,0.0,27.272727272727,0.05,7.2727272727273,0.0,0.0,13,D,50.0,C,https://world.openfoodfacts.org/product/7622210466600/yubileynoe-cookies-%D0%B1%D0%BE%D0%BB%D1%8C%D1%88%D0%B5%D0%B2%D0%B8%D0%BA
Quinoa & Cereais,Pingo Doce,en:Cookies,1917.0,1.8,20.0,0.75,8.4,6.3,0.0,9,D,64.0,B,https://world.openfoodfacts.org/product/5601009987689/quinoa-cereais-pingo-doce
Galletas de espelta integral con chocolate y avellanas,Biocop,"Botanas, Snacks dulces, Galletas y pasteles, Galletas, Galletas de chocolate, Cookies, Cookies con chocolate, Cookies con chocolate y avellanas",1976.0,5.1,26.0,0.45,8.0,4.8,1.0,15,D,47.0,C,https://world.openfoodfacts.org/product/8423903051528/galletas-de-espelta-integral-con-chocolate-y-avellanas-biocop
Hazelnut cookies,QUICKBURY,"Snacks,Sweet snacks,Biscuits and cakes,Biscuits and crackers,Biscuits",2211.0,10.0,0.0,0.33,8.8,1.4,0.0,15,D,50.0,C,https://world.openfoodfacts.org/product/4028491407159/hazelnut-cookies-quickbury
Apple & Cinnamon Chunky Oat Biscuit Breaks imp,Nairn's,"Snacks, Sweet snacks, Biscuits and cakes, Biscuits, Oatmeal cookies",1972.0,9.1,14.3,1.1,8.0,8.0,9.0,16,D,40.0,D,https://world.openfoodfacts.org/product/0612322001148/apple-cinnamon-chunky-oat-biscuit-breaks-imp-nairn-s
"Dark Cacao Original Coconut Cookies, Dark Cacao",Emmy's organics,"Snacks, Sweet snacks, Biscuits and cakes, Biscuits and crackers, Biscuits",2240.0,35.7,25.0,0.178,7.14,14.3,62.5,14,D,50.0,C,https://world.openfoodfacts.org/product/0850711006323/dark-cacao-original-coconut-cookies-dark-cacao-emmy-s-organics
Ben & Jerry's Glace Mini Pots Caramel Dulce-Dough Cool-lection 4x100ml,Ben & Jerry's,"Desserts, Surgelés, Desserts glacés, Glaces et sorbets, Glaces",830.0,7.9,20.0,0.46,2.9,0.0,0.0,16,D,87.0,A,https://world.openfoodfacts.org/product/8711327598270/ben-jerry-s-glace-mini-pots-caramel-dulce-dough-cool-lection-4x100ml
Lenny cookie and cream cereals,,"Plant-based foods and beverages,Plant-based foods,Breakfasts,Cereals and potatoes,Cereals and their products,Breakfast cereals,filled cereals",1863.0,3.7,35.0,0.5,9.0,6.5,10.3571428571429,14,D,25.0,E,https://world.openfoodfacts.org/product/3545360000293/lenny-cookie-and-cream-cereals
Notre Nature Cookies Chocolat et Avoine,Biscuiterie de l'Abbaye,"Snacks,Snacks sucrés,Biscuits et gâteaux,Biscuits,Gâteaux,Biscuits au chocolat,Cookies,Cookies au chocolat,Biscuits pépites de chocolat,Biscuits à l'avoine",2034.0,5.0,26.0,0.21,7.1,5.3,12.0,13,D,73.0,B,https://world.openfoodfacts.org/product/3226219014530/notre-nature-cookies-chocolat-et-avoine-biscuiterie-de-l-abbaye
Barres chocolat au lait pop corn,Auchan,"Snacks, Snacks sucrés, Barres, Biscuits et gâteaux, Biscuits sucrés & biscuits apéritifs, Biscuits, Assortiments d'aliments, Assortiments de gâteaux secs et biscuits, en:Biscuits or Cookies (Perishable)",1571.0,4.8,18.0,0.73,5.5,25.0,0.0,9,D,50.0,C,https://world.openfoodfacts.org/product/3596710517787/barres-chocolat-au-lait-pop-corn-auchan
Cookies mit Schokostückchen,Sesamstrasse,"Imbiss, Süßer Snack, Kekse und Kuchen, Kekse, Schokoladenkekse",2110.0,4.9,19.0,0.53,8.5,6.8,0.125,11,D,62.0,B,https://world.openfoodfacts.org/product/4066515000399/cookies-mit-schokostuckchen-sesamstrasse
Pot vanille Cookie Dough,Adélie,"Desserts,Surgelés,Desserts glacés,Glaces et sorbets,Glaces,Crèmes glacées en pot",1029.0,8.4,23.0,0.19,4.2,0.9,0.0,16,D,69.0,B,https://world.openfoodfacts.org/product/3250393442551/pot-vanille-cookie-dough-adelie
Papaya Passionfruit Almond Thin Cookies,Thinaddictives,Almond cookies,1820.0,2.17,34.8,0.652,13.0,4.35,13.8888888888889,16,D,37.0,D,https://world.openfoodfacts.org/product/0718604000172/papaya-passionfruit-almond-thin-cookies-thinaddictives
5200100945064,,Biscuit (cookie) snack w chocolate filling,2149.0,17.4,0.4,0.05,5.0,3.3,0.0,13,D,37.0,D,https://world.openfoodfacts.org/product/5200100945064/5200100945064
Cookies con chips de chocolate sin gluten,Gerblé,"Botanas, Snacks dulces, en:Specific products, Galletas y pasteles, en:Products for specific diets, Galletas, Productos sin gluten, Galletas de chocolate, Cookies, Cookies con chocolate, Galletas sin gluten",2143.9,4.0,31.0,0.14,3.7,4.5,0.0,13,D,47.0,C,https://world.openfoodfacts.org/product/3175681040960/cookies-con-chips-de-chocolate-sin-gluten-gerble
Sables fourres figue,Auchan,"Snacks, Sweet snacks, Biscuits and cakes, Biscuits, Filled biscuits, fr:Biscuits à la figue, en:shortbread-cookies, Assortiments d'aliments, Assortiments de gâteaux secs et biscuits, en:Biscuits or Cookies (Perishable)",1592.0,2.0,46.0,0.14,5.0,4.7,35.7678571428571,14,D,50.0,C,https://world.openfoodfacts.org/product/3596710348275/sables-fourres-figue-auchan
Mini Burgers Nature,Auchan,"Aliments et boissons à base de végétaux, Aliments d'origine végétale, Céréales et pommes de terre, Pains, Pains spéciaux, Pains Burger, Snacks, Snacks sucrés, Biscuits et gâteaux, Biscuits sucrés & biscuits apéritifs, Biscuits, Assortiments d'aliments, Assortiments de gâteaux secs et biscuits, en:Biscuits or Cookies (Perishable)",1281.0,0.9,7.5,1.6,9.7,2.7,0.0,9,D,73.0,B,https://world.openfoodfacts.org/product/3596710427826/mini-burgers-nature-auchan
Cheese oaties,Wooleys of Arran,"Snacks, Sweet snacks, Biscuits and cakes, Biscuits, Oatmeal cookies",1763.0,6.2,3.1,1.7,8.9,5.9,0.0,14,D,40.0,D,https://world.openfoodfacts.org/product/5028772021004/cheese-oaties-wooleys-of-arran
Digestive Go ! - Cookies de céréales aux noisettes,"Fontaneda, Mondelēz","Snacks, Snacks sucrés, Biscuits et gâteaux, Biscuits",2035.0,4.3,23.5,1.1,8.6,5.5,10.8,16,D,64.0,B,https://world.openfoodfacts.org/product/7622210094124/digestive-go-cookies-de-cereales-aux-noisettes-fontaneda
Cereais em Forma de Bolacha com Pepitas de Chocolate Mini Cookies,Golden Bridge,"Plant-based foods and beverages,Plant-based foods,Breakfasts,Cereals and potatoes,Cereals and their products,Breakfast cereals,extruded cereals",1588.0,1.2,29.0,1.0,6.0,7.0,0.0,11,D,34.0,D,https://world.openfoodfacts.org/product/22027412/cereais-em-forma-de-bolacha-com-pepitas-de-chocolate-mini-cookies-golden-bridge
raisin-cranberry cookies,Bio Today,"Snacks, Sweet snacks, Biscuits and cakes, Biscuits, Drop cookies, Raisin cookies",1905.0,8.0,26.0,0.25,6.1,4.3,24.3389423076923,16,D,60.0,B,https://world.openfoodfacts.org/product/8718858932344/raisin-cranberry-cookies-bio-today
Cereal Mix Chocolate,"Arcor,Cereal Mix","Snacks,Sweet snacks,Biscuits and cakes,Biscuits,es:Galletas secas,es:Galletas de avena,Chocolate chip cookies",1813.0,3.6,23.0,0.8625,8.5,7.3,0.0,12,D,57.0,C,https://world.openfoodfacts.org/product/7790040374409/cereal-mix-chocolate-arcor
Oatmeal cookies chocolate macadamia,,Biscuits à l'avoine,2206.0,19.3,19.2,0.22,9.6,7.3,14.0,16,D,50.0,C,https://world.openfoodfacts.org/product/8711753012258/oatmeal-cookies-chocolate-macadamia
Galletas de trigo integral con chips de chocolate,Biocop,"Botanas, Snacks dulces, Galletas y pasteles, Galletas, Galletas de chocolate, Cookies, Cookies con chocolate",2023.0,4.9,24.0,0.44,6.1,5.7,0.0,13,D,67.0,B,https://world.openfoodfacts.org/product/8423903060773/galletas-de-trigo-integral-con-chips-de-chocolate-biocop
Cookies chocolat et amandes,Comme j'aime,"Snacks, Snacks sucrés, Biscuits et gâteaux, Biscuits, Biscuits au chocolat, Cookies, Cookies au chocolat",2047.0,4.5,19.0,0.4,8.7,6.3,19.1,11,D,67.0,B,https://world.openfoodfacts.org/product/3700977700107/cookies-chocolat-et-amandes-comme-j-aime
Brumík,Opavia,"Snacks, Sweet snacks, Biscuits and cakes, Biscuits and crackers, Biscuits, Biscuit (cookie) snack w chocolate filling, en:bars",1652.0,3.0,29.0,0.58,5.0,1.3,0.0,15,D,42.0,D,https://world.openfoodfacts.org/product/8593894806695/brumik-opavia
Galletas Dulces con Avena y Pasas,Tostex,"Botanas,Snacks dulces,Galletas y pasteles,Galletas,Galletas de avena,Galletas secas,en:Raisin cookies",1800.0,2.67,20.3,0.383,7.67,4.67,0.09765625,10,D,57.0,C,https://world.openfoodfacts.org/product/7798125810590/galletas-dulces-con-avena-y-pasas-tostex
Butter gebäck,Sondey,"Snacks, Sweet snacks, Biscuits and cakes, Biscuits and crackers, Biscuits, Variety packs, Biscuits or cookies variety packs, Biscuits or Cookies (Perishable), en:pastries",2224.0,20.9,22.5,0.33,5.5,30.6,0.0,16,D,50.0,C,https://world.openfoodfacts.org/product/4056489020554/butter-geback-sondey
Si con riso senza lattosio biscotto con riso e cacao,Riso Scotti,"Cibi e bevande a base vegetale, Cibi a base vegetale, Snack, Snack dolci, Biscotti e torte, Biscotti, Cookie",2021.0,4.2,20.0,0.4,7.8,3.3,0.6,13,D,50.0,C,https://world.openfoodfacts.org/product/8001860210082/si-con-riso-senza-lattosio-biscotto-con-riso-e-cacao-riso-scotti
Biscuits pépites de Chocolat noir et Avoine complète,"Auchan, Auchan Bio","Snacks, Snacks sucrés, Biscuits et gâteaux, Biscuits, Biscuits au chocolat, Biscuits à l'avoine, Biscuits sucrés & biscuits apéritifs, Assortiments d'aliments, Assortiments de gâteaux secs et biscuits, en:Biscuits or Cookies (Perishable)",1950.0,3.5,19.0,0.73,8.0,7.0,15.25,10,D,57.0,C,https://world.openfoodfacts.org/product/3596710483716/biscuits-pepites-de-chocolat-noir-et-avoine-complete-auchan
Vanille Choc Chips Cashew & Hafer Cookie,smart organic ad,"Snacks, Sweet snacks, Biscuits and cakes, Biscuits, Drop cookies",2097.0,22.0,23.0,0.04,10.0,7.3,0.0,16,D,50.0,C,https://world.openfoodfacts.org/product/3800233684780/vanille-choc-chips-cashew-hafer-cookie-smart-organic-ad
Cookies vanille,Edeka,"Imbiss, Süßer Snack, Kekse und Kuchen, Kekse",1167.0,8.0,23.7,0.15,4.9,0.0,0.0,16,D,60.0,B,https://world.openfoodfacts.org/product/4311501715215/cookies-vanille-edeka
Helado Cookie dough,Consum,"Postres, Congelados, Postres helados, Helados y sorbetes, Helado, Tarrinas y bloques de helado",1050.0,8.6,21.3,0.2,3.1,0.5,0.0,17,D,82.0,A,https://world.openfoodfacts.org/product/8414807553645/helado-cookie-dough-consum
Zero Baked Cookie,Prozis,"Lanches comida,Lanches doces,Biscoitos e Bolos,Biscoitos,Cookies",2081.0,14.0,0.0,0.68,5.4,4.6,0.0,15,D,50.0,C,https://world.openfoodfacts.org/product/5600961159745/zero-baked-cookie-prozis
Хрупкави овесени бисквити с портокал и тъмен шоколад,"Житен дар, Jiten dar","Закуски, Сладки закуски, Бисквити и сладкиши, Бисквити, Овесени бисквити",1951.0,5.9,22.5,0.42,1.1,4.5,0.0,14,D,50.0,C,https://world.openfoodfacts.org/product/3800232897242/%D1%85%D1%80%D1%83%D0%BF%D0%BA%D0%B0%D0%B2%D0%B8-%D0%BE%D0%B2%D0%B5%D1%81%D0%B5%D0%BD%D0%B8-%D0%B1%D0%B8%D1%81%D0%BA%D0%B2%D0%B8%D1%82%D0%B8-%D1%81-%D0%BF%D0%BE%D1%80%D1%82%D0%BE%D0%BA%D0%B0%D0%BB-%D0%B8-%D1%82%D1%8A%D0%BC%D0%B5%D0%BD-%D1%88%D0%BE%D0%BA%D0%BE%D0%BB%D0%B0%D0%B4-%D0%B6%D0%B8%D1%82%D0%B5%D0%BD-%D0%B4%D0%B0%D1%80
Sans additifs bt nature 485 g + 8 tr. of,Harrys,"Snacks, Snacks sucrés, Biscuits et gâteaux, Biscuits sucrés & biscuits apéritifs, Biscuits, Assortiments d'aliments, Assortiments de gâteaux secs et biscuits, en:Biscuits or Cookies (Perishable), Aliments et boissons à base de végétaux, Aliments d'origine végétale, Céréales et pommes de terre, Céréales et dérivés, Pains, en:Packaged breads",1450.0,4.3,15.0,1.1,8.0,5.0,0.0,13,D,50.0,C,https://world.openfoodfacts.org/product/3228857001958/sans-additifs-bt-nature-485-g-8-tr-of-harrys
digestives cookies,Vitalia,бисквити,2040.0,5.8,18.8,0.2,7.9,4.8,0.0,12,D,64.0,B,https://world.openfoodfacts.org/product/5319990149015/digestives-cookies-vitalia
Hafer Cookies,Leibniz,Hafer-Cookies,1914.0,7.5,22.0,0.74,8.3,6.6,0.0317534722222206,15,D,37.0,D,https://world.openfoodfacts.org/product/4017100334429/hafer-cookies-leibniz
Mini cakes au lait,Auchan,"Snacks,Snacks sucrés,Biscuits et gâteaux,Gâteaux, Biscuits sucrés & biscuits apéritifs, Biscuits, Assortiments d'aliments, Assortiments de gâteaux secs et biscuits, en:Biscuits or Cookies (Perishable)",1824.0,2.6,23.0,0.59,6.3,1.1,12.9318181818182,14,D,50.0,C,https://world.openfoodfacts.org/product/3596710537631/mini-cakes-au-lait-auchan
Cookie’z,Nacional,"Breakfast cereals,Chocolate cereals",1622.0,1.2,25.0,0.75,6.0,7.0,0.0,9,D,25.0,E,https://world.openfoodfacts.org/product/5601066601863/cookie-z-nacional
Brewkies Citron - Gingembre,iPSAGO,"Snacks,Sweet snacks,Biscuits and cakes,Biscuits, Biscuits sucrés & biscuits apéritifs, Cookies",1976.0,2.2,24.0,1.2,7.4,4.7,5.62,14,D,75.0,A,https://world.openfoodfacts.org/product/3770026349137/brewkies-citron-gingembre-ipsago
Cookie Dough,Mövenpick,"Desserts, Tiefkühlprodukte, Tiefkühl-Desserts, Speiseeis und Sorbets, Speiseeis, Eisbecher",954.0,7.6,28.0,0.16,2.4,0.6,0.0,17,D,89.0,A,https://world.openfoodfacts.org/product/4008211005124/cookie-dough-movenpick
Kakaós,Győri Édes,"Snacks, Sweet snacks, Biscuits and cakes, Biscuits and crackers, Biscuits, Variety packs, Biscuits or cookies variety packs, Biscuits or Cookies (Perishable), en:dry-biscuits",608.0,10.0,23.0,0.52,6.0,3.0,0.0,15,D,50.0,C,https://world.openfoodfacts.org/product/7622201760267/kakaos-gy%C5%91ri-edes
cookies & cream cheesecake core ice cream,"Ben & Jerry's,Unilever","Desserts, Frozen foods, Frozen desserts, Ice creams and sorbets, Ice creams",914.0,8.76,24.09,0.22,4.38,0.7,0.0,18,D,72.0,B,https://world.openfoodfacts.org/product/0076840551941/cookies-cream-cheesecake-core-ice-cream-ben-jerry-s
Galettes Cacao Cœur de lait,Gayelord Hauser,"Snacks, Sweet snacks, Biscuits and cakes, Biscuits, Filled biscuits, Chocolate sandwich cookies, fr:Biscuits édulcorés, Sandwich biscuits",1923.0,15.0,2.7,0.92,6.5,9.2,1.46388888888888,12,D,41.0,D,https://world.openfoodfacts.org/product/3229820789750/galettes-cacao-coeur-de-lait-gayelord-hauser
5 mini cakes saveur Abricot,Auchan,"Snacks, Snacks sucrés, Biscuits et gâteaux, Gâteaux, Gâteaux fourrés, Biscuits sucrés & biscuits apéritifs, Biscuits, Assortiments d'aliments, Assortiments de gâteaux secs et biscuits, en:Biscuits or Cookies (Perishable)",1604.0,1.3,32.0,0.99,4.7,2.5,20.2,16,D,50.0,C,https://world.openfoodfacts.org/product/3254565119883/5-mini-cakes-saveur-abricot-auchan
5 mini cakes fraise,Auchan,"Snacks, Snacks sucrés, Biscuits et gâteaux, Gâteaux, Biscuits sucrés & biscuits apéritifs, Biscuits, Assortiments d'aliments, Assortiments de gâteaux secs et biscuits, en:Biscuits or Cookies (Perishable)",1623.0,1.3,31.0,0.99,4.7,2.4,19.75,15,D,55.0,C,https://world.openfoodfacts.org/product/3254565119906/5-mini-cakes-fraise-auchan
Biscuit porte bonheur Fortune Cookies,PSP,"Snacks, Snacks sucrés, Biscuits et gâteaux, Biscuits, en:Fortune cookies",1586.0,0.0,36.0,0.0,6.0,0.0,0.0,14,D,54.0,C,https://world.openfoodfacts.org/product/3379141407571/biscuit-porte-bonheur-fortune-cookies-psp
Cookie crisp,Nestlé,"Aliments et boissons à base de végétaux, Aliments d'origine végétale, Petit-déjeuners, Céréales et pommes de terre, Céréales et dérivés, Céréales pour petit-déjeuner",1621.0,1.2,24.2,0.84,6.9,5.2,0.0,12,D,19.0,E,https://world.openfoodfacts.org/product/3387390386172/cookie-crisp-nestle
Pain hamburger,"Pouce, Pouce Auchan","Aliments et boissons à base de végétaux, Aliments d'origine végétale, Céréales et pommes de terre, Pains, Pains spéciaux, Pains Burger, Snacks, Snacks sucrés, Biscuits et gâteaux, Biscuits sucrés & biscuits apéritifs, Céréales et dérivés, Biscuits, Assortiments d'aliments, Assortiments de gâteaux secs et biscuits, en:Biscuits or Cookies (Perishable)",1151.0,1.0,4.8,1.6,9.7,2.8,0.0,8,D,68.0,B,https://world.openfoodfacts.org/product/3596710434985/pain-hamburger-pouce
Cookies aux pépites des chocolat,"Kitchen-Diet, Kitchendiet","Snacks, Snacks sucrés, Biscuits et gâteaux, Biscuits, Biscuits au chocolat, Cookies, Cookies au chocolat",1836.0,12.0,0.0,0.7,6.5,2.8,0.0,15,D,47.0,C,https://world.openfoodfacts.org/product/3700569003074/cookies-aux-pepites-des-chocolat-kitchen-diet
Glace Cookies & Cream,Los Pistoleros,Glaces Batonnets,1171.0,3.0,21.0,0.01,3.6,0.5,0.0,11,D,62.0,B,https://world.openfoodfacts.org/product/3770008444126/glace-cookies-cream-los-pistoleros
Cookie Crisp goût tout choco,Nestlé,"Plant-based foods and beverages, Plant-based foods, Breakfasts, Cereals and potatoes, Cereals and their products, Breakfast cereals, Chocolate cereals, extruded cereals",1623.0,1.6,24.3,0.83,7.2,5.8,0.0,11,D,19.0,E,https://world.openfoodfacts.org/product/7613034316189/cookie-crisp-gout-tout-choco-nestle
Ricciarelli Mandorla,Sapori,"Snacks, Sweet snacks, Biscuits and cakes, Biscuits, Pastries, Almond cookies, Ricciarelli, confectioneries",1892.0,1.8,51.0,0.09,9.3,6.6,40.0,14,D,40.0,D,https://world.openfoodfacts.org/product/8002590055530/ricciarelli-mandorla-sapori
Sugar free chocolate chip cookies,Siro,"Snacks, Sweet snacks, Biscuits and cakes, Biscuits, Chocolate biscuits",1836.0,11.0,0.5,0.43,5.9,6.5,0.0,11,D,27.0,E,https://world.openfoodfacts.org/product/8410156976630/sugar-free-chocolate-chip-cookies-siro
Peppa Pig - Mini cookies de chocolat,Maxies,"Snacks, Sweet snacks, Biscuits and cakes, Biscuits, en:chocolate-biscuits",1884.0,1.7,26.5,0.63,6.7,3.2,0.0848557692307708,13,D,37.0,D,https://world.openfoodfacts.org/product/8435319704660/peppa-pig-mini-cookies-de-chocolat-maxies
Goji Berry Cookies,Billy's Farm,"Snacks, Zoete snacks, Koekjes en cakes, Koekjes",1998.0,10.5,20.0,0.2,9.0,6.6,1.03759765625,14,D,65.0,B,https://world.openfoodfacts.org/product/8711753004444/goji-berry-cookies-billy-s-farm
Fullkornscookies Sjokolade,Orkla confectionery & snacks norge as,"en:Snacks, en:Sweet snacks, en:Biscuits and cakes, Kjeks, en:Chocolate biscuits, en:Drop cookies, en:Chocolate chip cookies",1850.0,11.0,22.0,0.47,6.7,15.0,2.91666666666667,16,D,47.0,C,https://world.openfoodfacts.org/product/7039317007023/kornmo-cookies-fullkorn-sjokolade-200g-orkla-confectionery-snacks-norge-as
Cookie Crisp,Nestlé,"Alimentos y bebidas de origen vegetal, Alimentos de origen vegetal, Desayunos, Cereales y patatas, Cereales y derivados, Cereales para el desayuno, en:Extruded cereals, Cereales rellenos, en:Breakfast cereals filled with chocolate",1581.0,1.8,29.9,0.98,6.5,6.3,0.0,12,D,16.0,E,https://world.openfoodfacts.org/product/7501058637758/cookie-crisp-nestle
Cookies aux pépites de chocolat sans gluten,Casino,"Snacks,Sweet snacks,Biscuits and cakes,Biscuits,Chocolate biscuits,Drop cookies,Chocolate chip cookies",1984.0,7.9,23.0,0.24,5.6,7.6,0.703125,12,D,52.0,C,https://world.openfoodfacts.org/product/3222477069091/cookies-aux-pepites-de-chocolat-sans-gluten-casino
Mini cookies thé matcha & citron,"U, U Bio","Snacks, Snacks sucrés, Biscuits et gâteaux, Biscuits",2006.0,4.2,23.0,0.64,7.4,3.0,4.85874999999999,15,D,75.0,A,https://world.openfoodfacts.org/product/3256227433337/mini-cookies-the-matcha-citron-u
Cookies chocolate sin azucar añadido,Apai,"Botanas, Snacks dulces, Galletas y pasteles, Galletas, Galletas de chocolate, Cookies, Cookies con chocolate",1914.0,7.9,1.0,0.9,7.4,2.4,0.0,14,D,52.0,C,https://world.openfoodfacts.org/product/8437017173106/cookies-chocolate-sin-azucar-anadido-apai
Ecológicas,Artiach,"Botanas, Snacks dulces, Galletas y pasteles, Galletas, Galletas de avena",2024.0,1.6,24.0,1.0,7.8,4.4,0.0,13,D,75.0,A,https://world.openfoodfacts.org/product/8436048961508/ecologicas-artiach
Oat sandwich dark cocoa cookies,Violanta,"Snacks, Sweet snacks, Biscuits and cakes, Biscuits, Filled biscuits, Chocolate sandwich cookies, Sandwich biscuits",477.0,19.7,17.5,0.43,4.1,3.4,0.0,15,D,27.0,E,https://world.openfoodfacts.org/product/5200100940038/oat-sandwich-dark-cocoa-cookies-violanta
Super Cookies,Taifeld's,"Botanas, Snacks dulces, Galletas y pasteles, Galletas",2120.0,3.33,30.0,0.458,6.67,3.33,15.0,16,D,52.0,C,https://world.openfoodfacts.org/product/7502249131239/super-cookies-taifeld-s
School cookies,Disney kictchen,"Snacks, Snacks sucrés, Biscuits et gâteaux, Biscuits, Biscuits secs",1859.0,4.7,19.0,0.67,6.5,4.7,4.75,13,D,55.0,C,https://world.openfoodfacts.org/product/5425019202934/school-cookies-disney-kictchen
Súper Cookies,Taifeld's,"Botanas, Snacks dulces, Galletas y pasteles, Galletas, Cookies",2078.1,0.00228,30.76,0.181,7.0,3.02,15.0,11,D,57.0,C,https://world.openfoodfacts.org/product/7502249131482/super-cookies-taifeld-s
Cookies & Cream,Mövenpick,"Desserts,Frozen foods,Frozen desserts,Ice creams and sorbets,Ice creams",1010.0,8.7,19.6,0.18,2.2,0.5,6.88888888888889,16,D,72.0,B,https://world.openfoodfacts.org/product/4008211000242/cookies-cream-movenpick
Walkers,Walkers,"Snacks, Sweet snacks, Biscuits and cakes, Biscuits, Shortbread cookies, Shortbread",352.0,18.9,16.2,0.7,5.6,2.1,0.0,16,D,50.0,C,https://world.openfoodfacts.org/product/0039047001121/walkers
Donuts cookies & cream,Bimbo,"Botanas, Snacks dulces, Galletas y pasteles, Pasteles, Berlinas",1785.0,17.0,14.0,0.4,5.0,3.9,0.0,16,D,63.0,B,https://world.openfoodfacts.org/product/8410022114425/donuts-cookies-cream-bimbo
Chocochips Cookies - 227 g,Arnott's,"ขนม-ของว่าง, en:Sweet snacks, ขนมปังกรอบและเค๊ก, บิสกิต, en:Chocolate biscuits",2030.0,0.0,26.4,1.1,4.41,0.0,0.0,18,D,37.0,D,https://world.openfoodfacts.org/product/8850939961024/chocochips-cookies-227-g-arnott-s
McVitie's Crunchy Granola Cranberry,mcvities,"Snacks, Sweet snacks, Biscuits and cakes, Biscuits, Oatmeal cookies",1946.0,8.1,16.7,0.4,7.9,1.2,18.125,17,D,45.0,C,https://world.openfoodfacts.org/product/5000168214177/mcvitie-s-crunchy-granola-cranberry-mcvities
The Complete Cookie Chocolate Chip,"Lenny & Larry's, LLC.","Snacks, Sweet snacks, Biscuits and cakes, Biscuits",1610.0,5.26,19.3,0.439,14.0,8.77,0.0,9,D,40.0,D,https://world.openfoodfacts.org/product/0787692832224/the-complete-cookie-chocolate-chip-lenny-larry-s
Eis cookie dough,"Mövenpick, Vanilla Chocolate","Desserts, Tiefkühlprodukte, Tiefkühl-Desserts, Speiseeis und Sorbets, Speiseeis, Eisbecher",921.0,7.6,24.0,0.2,2.5,0.5,0.0,15,D,67.0,B,https://world.openfoodfacts.org/product/4008211000815/cookie-dough-movenpick
Sandwich Redondo Cookie Carrefour 4 Uds,Carrefour,"Botanas, Postres, Snacks dulces, Congelados, Galletas y pasteles, Postres helados, Galletas, Helados y sorbetes, Helado, Sándwiches de helado",1424.0,8.0,19.0,0.1,5.0,2.0,0.0,14,D,67.0,B,https://world.openfoodfacts.org/product/8431876287400/sandwich-redondo-cookie-carrefour-4-uds
Cookie au Chancre aux figues,,"Snacks, Snacks sucrés, Biscuits et gâteaux, Biscuits, Biscuits au chocolat",1970.0,1.3,28.0,0.15,10.6,4.5,0.0,10,D,57.0,C,https://world.openfoodfacts.org/product/3770010956358/cookie-au-chancre-aux-figues
Zuckerfrei Choco Cookies,Coppenrath,"Imbiss, Süßer Snack, Kekse und Kuchen, en:Biscuits and crackers, Kekse, Schokoladenkekse, Kekse mit Milchschokolade",1899.0,12.0,0.5,0.3,6.5,4.1,2.88461538461539,13,D,46.0,C,https://world.openfoodfacts.org/product/7006812006936/zuckerfrei-choco-cookies-coppenrath
Korean Rice Cookie,choripdong,"Snacks, Sweet snacks, Biscuits and cakes, Biscuits",1739.0,0.0,26.7,0.02,10.0,0.0,6.6625,12,D,61.0,B,https://world.openfoodfacts.org/product/19892764/korean-rice-cookie-choripdong
sablés chocolat noir,Neo Gourmets,"Snacks, Sweet snacks, Biscuits and cakes, Biscuits and crackers, Biscuits, Shortbread cookies, en:chocolate-biscuits",1888.0,16.0,15.0,0.2,9.5,6.1,12.5,14,D,70.0,B,https://world.openfoodfacts.org/product/3770013887390/sables-chocolat-noir-neo-gourmets
Double Choc Walnüss Cashew & Hafer Cookie,bett'r,"Snacks, Sweet snacks, Biscuits and cakes, Biscuits and crackers, Biscuits, Drop cookies",2041.0,13.0,20.0,0.07,12.0,7.7,48.75,13,D,75.0,A,https://world.openfoodfacts.org/product/3800233684773/double-choc-walnuss-cashew-hafer-cookie-bett-r
Cookie Salzcaramel,KoRo,"imbiss, süßer-snack, kekse-und-kuchen, en:biscuits-and-crackers, kekse, de:kekse, de:kekse-und-kuchen, en:süßer-snack",2038.0,12.0,18.0,0.23,10.0,6.5,40.8,15,D,55.0,C,https://world.openfoodfacts.org/product/4260654782776/cookie-salted-caramel-koro
Vanilla Cookie Dough,,"desserts, de:pflanzliche-lebensmittel, en:pflanzliche-lebensmittel-und-getränke, de:speiseeis, de:speiseeis-und-sorbets, en:tiefkühl-desserts, en:tiefkühlprodukte",857.0,6.4,25.0,0.09,1.0,0.5,0.0,15,D,87.0,A,https://world.openfoodfacts.org/product/4260376845155/vanilla-cookie-dough
Cookies Orgânicos,Native,"Snacks,Sweet snacks,Biscuits and cakes,Biscuits",1640.0,7.0,16.5,0.673,9.25,15.0,0.0,10,D,55.0,C,https://world.openfoodfacts.org/product/7898206502717/cookies-organicos-native
Canistrelli de Corse à la clémentine,Biscuiterie d'Afa,"Snacks, Snacks sucrés, Biscuits et gâteaux, Biscuits, Biscuits secs, Biscuits sablés, Canistrelli, Biscuit sec aux fruits, Biscuits à la clémentine",1882.0,1.5,31.0,0.41,5.8,0.0,1.03333333333333,16,D,89.0,A,https://world.openfoodfacts.org/product/3339889001035/canistrelli-de-corse-a-la-clementine-biscuiterie-d-afa
Vegan protein cookie,Foodspring,"Snack, Snack dolci, Biscotti e torte, Biscotti",1940.0,6.6,3.8,0.82,28.0,2.3,0.0,14,D,50.0,C,https://world.openfoodfacts.org/product/4260701920991/vegan-protein-cookie-foodspring
Vegan Cookie Apple and Cinnamon,Foodspring,"Snack, Snack dolci, Biscotti e torte, Biscotti, Cookie",1905.0,6.5,4.9,0.85,27.0,2.1,0.0,14,D,50.0,C,https://world.openfoodfacts.org/product/4260701920984/vegan-cookie-apple-and-cinnamon-foodspring
Tostada,"Galleteca,Dia",en:Cookies,1817.0,0.9,18.0,0.63,7.6,4.6,0.0,9,D,57.0,C,https://world.openfoodfacts.org/product/8480017244369/tostada-galleteca
Frollini integrali,Gastone,"Snacks,Sweet snacks,Biscuits and cakes,Biscuits,Cookies",1808.0,6.57,23.14,0.85,8.2,6.8,0.0,15,D,40.0,D,https://world.openfoodfacts.org/product/8004800006806/frollini-integrali-gastone
"Galletas Dulces con Avena, Arándanos y Pasas de Uva sabor Naranja",Tostex,"Botanas,Snacks dulces,Galletas y pasteles,Galletas,Cookies,Galletas secas,Galletas de avena,en:Raisin cookies",1800.0,1.0,27.3,0.825,7.0,3.33,1.5625,14,D,57.0,C,https://world.openfoodfacts.org/product/7798125810576/galletas-dulces-con-avena-arandanos-y-pasas-de-uva-sabor-naranja-tostex
Cookies & Cream,Trader Joe's,"Pflanzliche Lebensmittel und Getränke, Pflanzliche Lebensmittel, Frühstücke, Getreide und Kartoffeln, Getreideprodukte, Frühstückscerealien, Müslis, Müslis mit Schokolade",1816.0,6.1,18.0,0.8,10.0,11.0,0.00377178678462542,12,D,66.0,B,https://world.openfoodfacts.org/product/4047247262941/cookies-cream-trader-joe-s
Matcha & raisins cookie,My raw joy,"Snacks, Sweet snacks, Biscuits and cakes, Biscuits",1792.0,5.1,34.0,0.2,10.0,9.0,48.85,11,D,71.0,B,https://world.openfoodfacts.org/product/8594183251004/matcha-raisins-cookie-my-raw-joy
Keto Protein Cookie,Justine's,"Snacks, Snacks sucrés, Biscuits et gâteaux, Biscuits, Biscuits édulcorés, en:protein-snack",1600.0,9.4,2.1,0.79,28.2,10.6,8.16666666666667,9,D,52.0,C,https://world.openfoodfacts.org/product/9421906801132/keto-protein-cookie-justine-s
Cereal Mix Avena & Pasas,"Arcor,Cereal Mix","Botanas, Snacks dulces, Galletas y pasteles, Galletas, Cookies, Galletas secas, Galletas de avena, en:Raisin cookies",1865.0,1.8,20.0,0.97,8.2,3.6,0.0,12,D,59.0,C,https://world.openfoodfacts.org/product/7790040135789/cereal-mix-avena-pasas-arcor
Apple crumble,Graze,"Snacks, Zoete snacks, Koekjes en cakes, Koekjes, Haverkoekjes",1735.0,7.0,18.0,0.54,5.2,15.0,23.4166666666667,11,D,54.0,C,https://world.openfoodfacts.org/product/8720182256737/apple-crumble-graze
Quaker Biskut Oat,Quaker,"Oat cookies, en:biscuits",2020.0,8.8,26.4,0.0,7.2,5.3,4.0,16,D,40.0,D,https://world.openfoodfacts.org/product/9556291509049/quaker-biskut-oat
Protein chocolate + coca soft cookie,Frank&Oli,"Przekąski,Słodkie przekąski,en:Biscuits and cakes,Herbatnik",1729.0,10.5,7.07,0.23,18.1,20.4,76.25,9,D,50.0,C,https://world.openfoodfacts.org/product/5900316552178/protein-chocolate-coca-soft-cookie-frank-oli
WTF?cookie!,bergen,"Snack, Snack dolci, Biscotti e torte, Biscotti, Cookie",2132.0,9.0,2.7,0.4,12.0,0.0,0.0,15,D,50.0,C,https://world.openfoodfacts.org/product/5902379685633/wtf-cookie-bergen
Cookies Caramel Peanuts imp,,en:biscuits,2005.0,19.0,4.3,0.28,8.4,3.0,14.8888888888889,14,D,50.0,C,https://world.openfoodfacts.org/product/5999862168339/cookies-caramel-peanuts-imp
Kurabie,Greco,"Snacks,Sweet snacks,Biscuits and cakes,Biscuits,Almond cookies",502.0,14.0,40.0,0.0875,9.5,6.5,0.0453404017857153,16,D,41.0,D,https://world.openfoodfacts.org/product/7703963840050/kurabie-greco
Mini cakes aux pépites de chocolat,Auchan,"en:chocolate-cakes, Biscuits sucrés & biscuits apéritifs, Biscuits, Assortiments d'aliments, Assortiments de gâteaux secs et biscuits, en:Biscuits or Cookies (Perishable)",1771.0,3.8,25.0,0.2,5.2,0.6,19.0833333333333,15,D,27.0,E,https://world.openfoodfacts.org/product/3596710535101/mini-cakes-aux-pepites-de-chocolat-auchan
Cakes marbrés,Auchan,"en:marble-cakes, Biscuits sucrés & biscuits apéritifs, Biscuits, Assortiments d'aliments, Assortiments de gâteaux secs et biscuits, en:Biscuits or Cookies (Perishable)",1776.0,2.8,24.0,0.59,5.6,1.4,14.15,14,D,51.0,C,https://world.openfoodfacts.org/product/3596710535088/cakes-marbres-auchan
Biscuits fourrés chocolat noir,Auchan Bio,"Snacks, Sweet snacks, Biscuits and cakes, Biscuits and crackers, Biscuits, Chocolate biscuits, en:filled-biscuits, Assortiments d'aliments, Assortiments de gâteaux secs et biscuits, en:Biscuits or Cookies (Perishable)",1934.0,6.4,27.0,0.49,7.2,4.7,0.0,16,D,57.0,C,https://world.openfoodfacts.org/product/3596710535354/biscuits-fourres-chocolat-noir-auchan-bio
Cookie bites cereal,,"Plant-based foods and beverages, Plant-based foods, Breakfasts, Cereals and potatoes, Cereals and their products, Breakfast cereals, Extruded cereals, Filled cereals",1863.0,3.7,35.0,0.5,9.0,6.5,10.3571428571429,14,D,25.0,E,https://world.openfoodfacts.org/product/5060318669455/cookie-bites-cereal
Burger brioché,Auchan,"en:hamburger-buns, Snacks, Snacks sucrés, Biscuits et gâteaux, Biscuits sucrés & biscuits apéritifs, Biscuits, Assortiments d'aliments, Assortiments de gâteaux secs et biscuits, en:Biscuits or Cookies (Perishable)",1328.0,3.4,9.3,1.1,7.7,2.8,1.25,10,D,73.0,B,https://world.openfoodfacts.org/product/3596710538645/burger-brioche-auchan
Belvita Soft Bakes,Belvita,Biscuit (cookie) snack w chocolate filling,1713.0,2.0,22.0,0.61,5.3,6.9,18.6875,9,D,30.0,D,https://world.openfoodfacts.org/product/0494560747435/belvita-soft-bakes
Crème glacée Pot cookie dough - 350g,U,"Desserts,Surgelés,Desserts glacés,Glaces et sorbets,Glaces,Crèmes glacées en pot",1060.0,8.6,23.0,0.26,3.0,0.5,0.0,18,D,74.0,B,https://world.openfoodfacts.org/product/3256229807259/creme-glacee-pot-cookie-dough-350g-u
Brewkies choco-noisettes,iPSAGO,"Snacks, Sweet snacks, Biscuits and cakes, Biscuits and crackers, Biscuits, en:chocolate-biscuits, Cookies, Cookies au chocolat, Cookies au chocolat et aux noisettes",2019.0,4.0,21.0,1.1,9.1,6.2,4.1,15,D,72.0,B,https://world.openfoodfacts.org/product/3770026349113/brewkies-choco-noisettes-ipsago
Barre pâtissière,Pouce,"Snacks, Snacks sucrés, Biscuits et gâteaux, Gâteaux, Quatre-quarts, Biscuits sucrés & biscuits apéritifs, Biscuits, Assortiments d'aliments, Assortiments de gâteaux secs et biscuits, en:Biscuits or Cookies (Perishable)",1491.0,1.2,31.0,1.1,5.2,1.2,7.73214285714286,17,D,40.0,D,https://world.openfoodfacts.org/product/3596710540679/barre-patissiere-pouce
Mini Honey Cookie,Yakgwa,Biscuits,1800.0,1.43,14.3,0.357,0.0,0.0,0.0,11,D,50.0,C,https://world.openfoodfacts.org/product/8804845202702/mini-honey-cookie-yakgwa
Meistersinger Tassenwichtel Gingerbread Cookies Plain,Wicklein,"Plant-based foods and beverages, Plant-based foods, Snacks, Cereals and potatoes, Sweet snacks, Biscuits and cakes, Bakery products, German bakery products, Gingerbreads, de:Nürnberger Lebkuchen, en:biscuits",1533.0,1.7,32.5,0.38,7.7,3.3,0.0,12,D,82.0,A,https://world.openfoodfacts.org/product/4008355036978/meistersinger-tassenwichtel-natur-wicklein
Almond cookies,,Biscuit,2067.0,11.875,0.25,0.46875,6.875,2.0,0.0,16,D,50.0,C,https://world.openfoodfacts.org/product/5060309490082/almond-cookies
SlimmingWorld Hifi bar (caramelised biscuit),,"Snacks, Sweet snacks, Biscuits and cakes, Biscuits and crackers, Biscuits, Biscuit (cookie) snack w chocolate filling, en:bars",1480.0,5.0,25.0,0.8,3.4,20.0,2.046875,11,D,37.0,D,https://world.openfoodfacts.org/product/5053594659968/slimmingworld-hifi-bar-caramelised-biscuit
Iogurte Cremoso Cookie,Pingo Doce,Iogurtes líquidos,287.0,0.9,9.0,0.1,2.6,0.5,0.0,1,D,18.0,E,https://world.openfoodfacts.org/product/5607047019344/iogurte-cremoso-cookie-pingo-doce
Cookies Coconut,Vilgain,"Imbiss, Süßer Snack, Kekse und Kuchen, en:Biscuits and crackers, Kekse",1893.0,25.0,0.5,0.15,7.0,5.2,13.5,11,D,50.0,C,https://world.openfoodfacts.org/product/8595717702177/cookies-coconut-vilgain
"Cookies Noix de Coco, Dattes et Noix de Cajou",The Rawlicious Food Company,"Snacks, Snacks sucrés, Biscuits et gâteaux, Biscuits",2450.0,33.2,23.4,0.32,9.7,9.4,96.0,8,D,50.0,C,https://world.openfoodfacts.org/product/0640522149100/organic-snackaroons-the-rawlicious-food-company
Mini Cookies Café Amaranthe,Gerblé,"Snacks, Snacks sucrés, Biscuits et gâteaux, Biscuits",1775.0,3.6,15.0,0.94,7.4,15.0,0.0,9,D,64.0,B,https://world.openfoodfacts.org/product/3175681209336/mini-cookies-cafe-amaranthe-gerble
cookies & cream,Häagen-Dazs,"Desserts, Tiefkühlprodukte, Tiefkühl-Desserts, Speiseeis und Sorbets, Speiseeis, Eisbecher",1095.0,10.8,15.2,0.21,4.4,0.2,0.0,18,D,81.0,A,https://world.openfoodfacts.org/product/3415581152111/cookies-cream-haagen-dazs
Cookie Crisp,Nestlé,"Aliments et boissons à base de végétaux, Aliments d'origine végétale, Petit-déjeuners, Céréales et pommes de terre, Céréales et dérivés, Céréales pour petit-déjeuner, Céréales au chocolat",1621.0,1.2,24.2,0.84,6.8,5.2,0.0,12,D,29.0,E,https://world.openfoodfacts.org/product/7613031723478/cookie-crisp-nestle
Zachte granola cookies,,"Snacks,Zoete snacks,Koekjes en cakes,Koekjes",1956.0,3.6,32.0,0.53,7.3,5.5,12.0,14,D,50.0,C,https://world.openfoodfacts.org/product/8711513336709/zachte-granola-cookies
Sablés Anglais L'Original,"McVitie's,United Biscuits","Snacks,Sweet snacks,Biscuits and cakes,Biscuits and crackers,Biscuits,Shortbread cookies,Plain wheat biscuits",2025.0,10.1,15.1,1.3,7.0,3.7,0.0,23,E,53.0,C,https://world.openfoodfacts.org/product/5000168198491/digestive-biscuits-mcvitie-s
Granola L'original Gros éclats de chocolat,"Granola,LU,Mondelez","Snacks,Snacks sucrés,Biscuits et gâteaux,Biscuits sucrés & biscuits apéritifs,Biscuits,Biscuits au chocolat,Cookies,Cookies au chocolat",2104.0,14.0,36.0,1.0,5.7,3.3,0.0,27,E,37.0,D,https://world.openfoodfacts.org/product/7622300689124/granola-l-original-gros-eclats-de-chocolat
Sablés chocolat,McVitie's,"Snacks,Sweet snacks,Biscuits and cakes,Biscuits,Chocolate biscuits,Milk chocolate biscuits,Shortbread cookies,Digestives covered with chocolate,Shortbread cookie with chocolate",2078.0,12.4,28.5,0.94,6.7,3.0,0.0,25,E,40.0,D,https://world.openfoodfacts.org/product/5000168198514/sables-chocolat-mcvitie-s
Top cookies,Excelo,"Snacks, Snacks sucrés, Biscuits et gâteaux, Biscuits",2074.0,10.2,31.0,0.1,5.8,1.2,0.0,23,E,45.0,C,https://world.openfoodfacts.org/product/6111259341517/top-cookies-excelo
top cookies original,Excelo,"Snacks, Snacks sucrés, Biscuits et gâteaux, Biscuits, Cookies",2095.0,12.7,30.0,0.28,5.8,2.0,0.0,23,E,55.0,C,https://world.openfoodfacts.org/product/6111259341494/top-cookies-original-excelo
Cookies chocolate Chip,Sondey,"Botanas,Snacks dulces,Galletas y pasteles,en:Biscuits and crackers,Galletas,Galletas de chocolate,Cookies,Bolleria,Cookies con chocolate,en:bolleria-industrial",2063.0,14.0,32.0,0.78,7.0,4.1,0.0,25,E,79.0,A,https://world.openfoodfacts.org/product/20080211/cookies-chocolate-chip-sondey
"BN - Strawberry Cookies, 285g (10oz)",BN,"Snacks, Sweet snacks, Biscuits and cakes, Biscuits, Filled biscuits, Strawberry biscuits, Sandwich biscuits",1681.0,3.7,32.0,0.48,5.3,2.5,1.25,17,E,54.0,C,https://world.openfoodfacts.org/product/3061990143372/bn-strawberry-cookies-285g-10oz
Delichoc Milk Chocolate Cookies,Delacre y,"Snacks, Sweet snacks, Biscuits and cakes, Biscuits, Chocolate biscuits",2000.0,9.9,47.9,0.31,5.2,0.0,5.63,28,E,27.0,E,https://world.openfoodfacts.org/product/3116430216342/delichoc-milk-chocolate-cookies-delacre-y
Original,"Oreo,Mondelēz","Lanches comida,Lanches doces,Biscoitos e Bolos,Biscoitos,Biscoitos recheados,en:Chocolate sandwich cookies",1997.0,5.4,38.0,0.73,5.3,2.7,10.1,21,E,27.0,E,https://world.openfoodfacts.org/product/7622300744663/original-oreo
"BN - Cookies - Mini Strawberry x 5, 175g (6.2oz)",BN,"Snacks, Sweet snacks, Biscuits and cakes, Biscuits, Cakes, Strawberry biscuits",1815.0,5.6,32.8,0.53,5.3,2.4,4.58958333333333,19,E,44.0,D,https://world.openfoodfacts.org/product/3061990141118/bn-cookies-mini-strawberry-x-5-175g-6-2oz
Galleta de mantequilla,Carrefour,"Snacks,Sweet snacks,Biscuits and cakes,Biscuits and crackers,Biscuits,Petit-Beurre,Shortbread cookies,Sweet Biscuits",1855.0,7.8,26.0,1.1,8.0,3.3,0.0,21,E,74.0,B,https://world.openfoodfacts.org/product/3560070439881/carrefour-bio-organic-petit-beurre-biscuits
fun,Be biscuits,"Snacks, Sweet snacks, Biscuits and cakes, Biscuits, Biscuit (cookie) snack w chocolate filling, en:filled-biscuits",1812.44,8.9,26.42,0.29,4.74,1.63,0.0,20,E,37.0,D,https://world.openfoodfacts.org/product/6111259346970/fun-be-biscuits
Mini Oreo,Oreo,"Snacks, Sweet snacks, Biscuits and cakes, Biscuits and crackers, Biscuits, Filled biscuits, Chocolate sandwich cookies, en:chocolate-biscuits",1998.0,5.4,37.0,0.73,5.1,3.0,0.0,20,E,23.0,E,https://world.openfoodfacts.org/product/7622300165628/mini-oreo
"Grand cœur fondant, chocolat noisettes","Michel et Augustin,Ferrero","Snacks,Sweet snacks,Biscuits and cakes,Biscuits,Chocolate biscuits,Filled biscuits,Filled drop cookies",2136.0,12.0,40.0,0.39,6.1,3.9,7.9,25,E,33.0,D,https://world.openfoodfacts.org/product/3760122961708/grand-coeur-fondant-chocolat-noisettes-michel-et-augustin
COOKIES Chocolat Noisettes,"Carrefour BIO, Carrefour","Snacks, Snacks sucrés, Biscuits et gâteaux, Biscuits, Biscuits au chocolat, Cookies, Cookies au chocolat, Cookies au chocolat et aux noisettes",2093.0,11.0,27.0,0.31,7.1,3.8,7.37499999999999,21,E,72.0,B,https://world.openfoodfacts.org/product/3270190127871/cookies-chocolat-noisettes-carrefour-bio
Choco Chip Cookies,"Schär,ARVID NORDQUIST NORGE AS","Snacks,Sweet snacks,Biscuits and cakes,Biscuits and crackers,Specific products,Biscuits,Products for specific diets,Products without gluten,Chocolate biscuits,Drop cookies,Chocolate chip cookies,Gluten-free biscuits",2186.0,15.0,21.0,0.55,4.3,2.8,0.270833333333336,21,E,57.0,C,https://world.openfoodfacts.org/product/8008698005491/choco-chip-cookies-schar
Granola cookie cœur extra moelleux,Granola,"Snacks, Sweet snacks, Biscuits and cakes, Biscuits, en:chocolate-biscuits",2015.0,14.0,33.0,0.74,4.6,2.4,0.0,26,E,27.0,E,https://world.openfoodfacts.org/product/7622201751722/granola-cookie-coeur-extra-moelleux
Oreo Original,Oreo,"Snacks, Sweet snacks, Biscuits and cakes, Biscuits and crackers, Biscuits, Filled biscuits, Chocolate sandwich cookies, en:chocolate-biscuits",1997.0,5.4,38.0,0.73,5.3,2.7,10.1439393939394,21,E,23.0,E,https://world.openfoodfacts.org/product/7622300315283/oreo-original
All Butter Pistachio and Almond Cookies,M&S Food,"Snacks,Sweet snacks,Biscuits and cakes,Biscuits and crackers,Biscuits",2212.0,13.3,19.0,0.73,10.1,3.5,22.0,21,E,55.0,C,https://world.openfoodfacts.org/product/00395496/all-butter-pistachio-and-almond-cookies-m-s-food
Finest Scottish Shortbread Fingers,Tesco,"Snacks, Sweet snacks, Biscuits and cakes, Biscuits, Shortbread cookies, Shortbread",2167.0,17.1,16.1,0.6,4.9,1.0,0.0,21,E,50.0,C,https://world.openfoodfacts.org/product/5010204049458/finest-scottish-shortbread-fingers-tesco
Le Palet Breton,"Marque Repère,P'tit Déli","Snacks,Sweet snacks,Biscuits and cakes,Biscuits and crackers,Biscuits,Shortbread cookies,fr:Palets",2106.0,17.0,22.0,0.9,5.6,1.9,0.0,24,E,63.0,B,https://world.openfoodfacts.org/product/3564700000656/le-palet-breton-marque-repere
Cookies Chocolat Noisettes,Bonne Maman,"Snacks,Sweet snacks,Biscuits and cakes,Biscuits,Chocolate biscuits,Drop cookies,Chocolate chip cookies,Chocolate and hazelnut cookies",2161.0,13.0,36.0,0.34,7.4,4.2,9.0,23,E,51.0,C,https://world.openfoodfacts.org/product/3178530405781/bonne-maman-chocolate-cookies-hazelnuts-225g-8oz
Cookies bio quinoa pépites chocolat paquet de 175g,"U,U Bio","Snacks,Snacks sucrés,Biscuits et gâteaux,Biscuits,Biscuits au chocolat,Cookies",2048.0,5.9,30.0,0.43,7.6,3.5,13.0,18,E,61.0,B,https://world.openfoodfacts.org/product/3256220368223/cookies-bio-quinoa-pepites-chocolat-paquet-de-175g-u
La Galette gourmande chocolat noir,St Michel,"Snacks,Sweet snacks,Biscuits and cakes,Biscuits,Chocolate biscuits,Shortbread cookies,Shortbread cookie with chocolate",2042.0,12.0,30.0,0.65,6.2,3.3,0.0,24,E,42.0,D,https://world.openfoodfacts.org/product/3178530416527/la-galette-gourmande-chocolat-noir-st-michel
Cookies 40% pepitas chocolate,Hacendado,"snacks, sweet-snacks, biscuits-and-cakes, biscuits-and-crackers, biscuits, chocolate-biscuits, es:botanas, es:galletas, es:galletas-de-chocolate, es:galletas-y-pasteles, es:snacks-dulces",2068.0,14.0,33.0,0.53,5.5,4.0,0.0,24,E,27.0,E,https://world.openfoodfacts.org/product/8480000142122/cookies-40-pepitas-chocolate-hacendado
Oat cookies milk chocolate,"Sondey,Lidl","Snacks,Sweet snacks,Biscuits and cakes,Biscuits and crackers,Biscuits,Chocolate biscuits,Oatmeal-cookies",2240.0,14.1,32.2,0.15,6.2,3.1,0.0,22,E,27.0,E,https://world.openfoodfacts.org/product/20761912/oat-cookies-milk-chocolate-sondey
Galettes bretonnes,Reflets de France,"Snacks,Sweet snacks,Biscuits and cakes,Biscuits,Shortbread cookies,Shortbread cookies from Brittany",2145.0,17.0,30.0,0.88,6.0,1.6,0.0,27,E,65.0,B,https://world.openfoodfacts.org/product/3245390084453/galettes-bretonnes-reflets-de-france
Bio biscuits à l'avoine,Sondey,"Snacks,Sweet snacks,Biscuits and cakes,Biscuits and crackers,Frozen foods,Biscuits,Chocolate biscuits,Oatmeal cookies",2004.0,13.7,26.8,0.91,8.5,7.9,0.0,19,E,52.0,C,https://world.openfoodfacts.org/product/4056489917601/bio-biscuits-a-l-avoine-sondey
WR Shortbread Fingers 200g,Waitrose,"Snacks, Sweet snacks, Biscuits and cakes, Biscuits, Shortbread cookies, Shortbread",2127.0,15.5,14.9,0.63,6.0,1.4,0.0,22,E,65.0,B,https://world.openfoodfacts.org/product/5000169032510/wr-shortbread-fingers-200g-waitrose
Cookies nougatine - 200g,Chabrior,"Snacks, Snacks sucrés, Biscuits et gâteaux, Biscuits, Biscuits au chocolat, Cookies, Cookies au chocolat, Cookies au chocolat et à la nougatine, Biscuits sucrés & biscuits apéritifs",2025.0,10.8,31.8,0.95,6.4,3.7,2.66666666666667,26,E,42.0,D,https://world.openfoodfacts.org/product/3250390001829/cookies-nougatine-200g-chabrior
Cookies trois chocolats,Sondey,"Snacks, Snacks sucrés, Biscuits et gâteaux, Biscuits sucrés & biscuits apéritifs, Biscuits, Biscuits au chocolat, Cookies, Cookies au chocolat",2132.0,15.0,40.0,0.75,5.3,1.4,0.0,29,E,67.0,B,https://world.openfoodfacts.org/product/20706999/cookies-trois-chocolats-sondey
Les Palets Recette à la Madeleine,"Carrefour,Carrefour Original","Snacks,Sweet snacks,Biscuits and cakes,Biscuits and crackers,Biscuits,Shortbread cookies,Sweet Biscuits",2191.0,4.8,28.0,0.43,7.5,2.1,18.2,18,E,72.0,B,https://world.openfoodfacts.org/product/3560070983247/carrefour-madeline-s-recipe-palet-biscuits
Mini,Chips Ahoy!,"Lanches comida,Lanches doces,Biscoitos e Bolos,Biscoitos,Biscoitos de chocolate,Cookies,en:Chocolate chip cookies",2080.0,12.0,30.0,1.0,5.8,3.5,0.0,25,E,43.0,D,https://world.openfoodfacts.org/product/8410000802771/mini-chips-ahoy
Choco Chips Bio Organic,Gullón,"Lanches comida,Lanches doces,Biscoitos e Bolos,en:Biscuits and crackers,Biscoitos,Biscoitos de chocolate,Cookies,en:Chocolate chip cookies",2077.0,7.0,30.0,0.65,6.5,3.4,0.0,20,E,61.0,B,https://world.openfoodfacts.org/product/8410376049053/choco-chips-bio-organic-gullon
cookies aux pépites de chocolat,sondey,"Snacks, Snacks sucrés, Biscuits et gâteaux, Biscuits, Biscuits au chocolat, Cookies, Cookies au chocolat",2079.0,13.0,31.0,1.16,6.0,4.0,0.0,26,E,41.0,D,https://world.openfoodfacts.org/product/20147426/cookies-aux-pepites-de-chocolat-sondey
Cookies Tout Chocolat,Carrefour,"Snacks,Sweet snacks,Biscuits and cakes,Biscuits,Chocolate biscuits,Drop cookies,Chocolate chip cookies",2069.0,13.0,32.0,1.2,5.5,3.5,0.0,27,E,35.0,D,https://world.openfoodfacts.org/product/3560070048786/cookies-tout-chocolat-carrefour
Sablés au deux céréales Chocolat lait,"Carrefour BIO, Carrefour","Snacks, Sweet snacks, Biscuits and cakes, Biscuits, Chocolate biscuits, Dry biscuits, Shortbread cookies, en:digestives-covered-with-chocolate",2158.0,8.1,25.0,1.2,7.7,3.5,0.0,23,E,74.0,B,https://world.openfoodfacts.org/product/3560071184124/sables-au-deux-cereales-chocolat-lait-carrefour-bio
Chocolate Orange Oat Biscuits,Nairn's,"Snacks, Sweet snacks, Biscuits and cakes, Biscuits, Oatmeal cookies",2018.0,9.5,18.9,0.975,8.0,7.0,0.0,18,E,40.0,D,https://world.openfoodfacts.org/product/0612322001414/chocolate-orange-oat-biscuits-nairn-s
Chocolate Chip Shortbread,Walkers,"Snacks, Sweet snacks, Biscuits and cakes, Biscuits, Shortbread cookies, Shortbread, fr:Biscuits écossais, fr:Goûter, en:chocolate-biscuits",2168.0,17.2,25.7,0.7,5.2,0.0,0.0,26,E,54.0,C,https://world.openfoodfacts.org/product/0039047011496/pure-butter-shortbread-walkers
Botersprits,Sondey,"Snacks, Sweet snacks, Biscuits and cakes, Biscuits and crackers, Frozen foods, Biscuits, Pastries, Shortbread cookies, Sprits biscuits",2304.0,21.0,24.0,0.18,4.9,0.9,0.0,21,E,53.0,C,https://world.openfoodfacts.org/product/20005382/botersprits-sondey
Granola Gros éclats de Chocolat,"Granola, Kraft Foods, LU, Mondelez, Unilever","Snacks,Snacks sucrés,Biscuits et gâteaux,Biscuits,Biscuits au chocolat,Cookies",2127.0,12.0,32.0,1.2,6.9,4.1,13.0,27,E,31.0,D,https://world.openfoodfacts.org/product/3017760756297/granola-gros-eclats-de-chocolat
Cookie avell choc,Carrefour,"Botanas, Snacks dulces, Galletas y pasteles, Galletas, Galletas de chocolate, Cookies, Cookies con chocolate, en:Cookies with chocolate and nougat",2055.0,11.0,33.0,1.3,5.5,3.3,6.0,28,E,37.0,D,https://world.openfoodfacts.org/product/3560070048816/cookies%F0%9F%8D%AA-et-nougatine-carrefour
Mini Granola L'Original,"LU, Mondelez International","Snacks, Snacks sucrés, Biscuits et gâteaux, Biscuits, Biscuits au chocolat, Cookies",2110.0,13.0,31.0,1.0,5.8,3.5,0.0,25,E,28.0,E,https://world.openfoodfacts.org/product/7622210420213/mini-granola-l-original-lu
Cookies aux pépites de chocolat & noisettes,Carrefour,"Snacks,Sweet snacks,Biscuits and cakes,Biscuits,Chocolate biscuits,Drop cookies,Chocolate chip cookies,Chocolate and hazelnut cookies",2094.0,12.0,33.0,0.99,6.5,3.5,7.1,26,E,29.0,E,https://world.openfoodfacts.org/product/3270190114055/cookies-with-chocolate-chips-hazelnuts-carrefour
Cookie nougatine choco,"Marque Repère, P'tit Déli","Snacks, Snacks sucrés, Biscuits et gâteaux, Biscuits, Biscuits au chocolat, Cookies, Cookies au chocolat, Cookies au chocolat et à la nougatine",2076.0,11.0,30.0,0.8,7.7,2.5,2.0,25,E,37.0,D,https://world.openfoodfacts.org/product/3564700000694/cookie-nougatine-choco-marque-repere
Cookies Pépites de chocolat noir & cacao,Biocoop,"Snacks, Snacks sucrés, Biscuits et gâteaux, Biscuits, Biscuits au chocolat, Cookies, Cookies au chocolat",2013.0,12.0,37.0,0.4,5.9,5.2,2.75,23,E,67.0,B,https://world.openfoodfacts.org/product/3760121210524/cookies-pepites-de-chocolat-noir-cacao-biocoop
Granola Cookies Chocolat & Noisettes,"Granola,Lu","Snacks,Snacks sucrés,Biscuits et gâteaux,Biscuits sucrés & biscuits apéritifs,Biscuits,Biscuits au chocolat,Cookies,Cookies au chocolat,Cookies au chocolat et aux noisettes,en:biscuits-et-gâteaux,en:snacks-sucrés",2179.0,13.0,30.0,1.2,5.7,3.0,8.5,26,E,37.0,D,https://world.openfoodfacts.org/product/7622300746742/granola-cookies-chocolat-noisettes
Cookies parfum tout chocolat bio,"Bio Village, Marque Repère","Snacks, Snacks sucrés, Biscuits et gâteaux, Biscuits, Biscuits au chocolat",2062.0,13.0,33.0,0.4,6.9,4.6,0.0,22,E,51.0,C,https://world.openfoodfacts.org/product/3564707080965/cookies-parfum-tout-chocolat-bio-bio-village
Petit beurre,Auchan,"Snacks,Sweet snacks,Biscuits and cakes,Biscuits,Petit-Beurre, Biscuits sucrés & biscuits apéritifs, Assortiments d'aliments, Assortiments de gâteaux secs et biscuits, en:Biscuits or Cookies (Perishable)",1887.0,7.8,23.0,0.75,8.4,2.9,0.0,18,E,74.0,B,https://world.openfoodfacts.org/product/3596710198153/petit-beurre-auchan
Caocream,Hacendado,"Snacks, Sweet snacks, Biscuits and cakes, Biscuits, Filled biscuits, Chocolate sandwich cookies, Biscuits cacaotés fourrés goût vanille, Sandwich biscuits",1984.0,5.9,31.0,0.98,5.0,2.9,0.0,19,E,37.0,D,https://world.openfoodfacts.org/product/8480000155979/caocream-hacendado
Cookies & cream,Nocilla,"Lácteos, Desayunos, Aceites y grasas, Untables, Untables dulces, Grasas para untar, Grasas animales, La pasta de leche, Grasas de la leche, fr:Pâtes à tartiner, Cremas a base de avellanas",2246.0,6.3,59.0,0.3,4.6,0.5,3.5,28,E,31.0,D,https://world.openfoodfacts.org/product/8410014493392/nocilla-cookies-cream
milka Cookies Sensations Coeur Choco,Milka,"Imbiss, Süßer Snack, Kekse und Kuchen, en:Biscuits and crackers, Kekse, Schokoladenkekse, Gefüllte Kekse, en:Filled drop cookies",2149.0,13.0,39.0,0.89,4.5,1.6,2.96875,30,E,40.0,D,https://world.openfoodfacts.org/product/7622210419972/milka-cookies-sensations-coeur-choco
Cookies chocolat pépite de chocolat,"U, U Bio","Snacks, Snacks sucrés, Biscuits et gâteaux, Biscuits, Biscuits au chocolat, Cookies, Cookies au chocolat",2047.0,14.0,31.0,0.55,6.6,4.3,6.37500000000001,22,E,71.0,B,https://world.openfoodfacts.org/product/3256223264720/cookies-chocolat-pepite-de-chocolat-u
Cookies aux pepites de chocolat bio,"Chabrior, Chabrior Bio","Snacks, Snacks sucrés, Biscuits et gâteaux, Biscuits, Biscuits au chocolat, Cookies",2086.0,7.2,33.0,0.42,6.2,4.4,0.0,20,E,49.0,C,https://world.openfoodfacts.org/product/3250391738229/cookies-aux-pepites-de-chocolat-bio-chabrior
Milk Chocolate Cookies,Fox’s,"Snacks,Sweet snacks,Biscuits and cakes,Biscuits,Chocolate biscuits,Biscuit (cookie) snack w chocolate filling",2060.0,12.6,30.9,0.478,5.65,1.74,0.71875,25,E,27.0,E,https://world.openfoodfacts.org/product/5010035068352/milk-chocolate-cookies-fox-s
Crocantes chocolate,Hacendado,"Snacks, Sweet snacks, Biscuits and cakes, Biscuits, Chocolate biscuits, Drop cookies, Chocolate chip cookies",2111.0,14.0,41.0,0.68,5.1,4.0,1.09375,27,E,37.0,D,https://world.openfoodfacts.org/product/8480000141606/crocantes-chocolate-hacendado
Biscuits fourrés cacao BIO,"Auchan Bio, auchan","Snacks, Snacks sucrés, Biscuits et gâteaux, Biscuits, Biscuits au chocolat, Biscuits fourrés, Biscuits sucrés & biscuits apéritifs, Assortiments d'aliments, Assortiments de gâteaux secs et biscuits, en:Biscuits or Cookies (Perishable)",1997.0,6.1,28.0,0.56,8.4,4.3,0.0,17,E,70.0,B,https://world.openfoodfacts.org/product/3596710307289/biscuits-fourres-cacao-bio-auchan-bio
"BN - Chocolate Hazelnut Cookies, 285g (10.1oz)",BN,"Snacks, Snacks sucrés, Biscuits et gâteaux, Biscuits, Biscuits au chocolat, Biscuits fourrés",1967.0,8.6,33.4,0.49,6.8,3.8,6.09166666666667,21,E,31.0,D,https://world.openfoodfacts.org/product/3061990143433/bn-chocolate-hazelnut-cookies-285g-10-1oz
Cookies chocolat quinoa,"Bio Village, Marque Repère","Snacks, Sweet snacks, Frozen foods, Biscuits and cakes, Biscuits and crackers, Biscuits, Drop cookies, en:chocolate-biscuits",2048.0,5.8,32.0,0.46,7.1,2.9,11.61,19,E,57.0,C,https://world.openfoodfacts.org/product/3564707185493/cookies-chocolat-quinoa-bio-village
Galettes Bretonnes pur beurre,Auchan,"Snacks,Snacks sucrés,Biscuits et gâteaux,Biscuits,Biscuits sablés,Galettes bretonnes au beurre,Sablés au beurre, Assortiments d'aliments, Assortiments de gâteaux secs et biscuits, en:Biscuits or Cookies (Perishable)",2081.0,14.0,26.0,0.89,6.6,2.3,0.0,25,E,59.0,C,https://world.openfoodfacts.org/product/3254560028715/galettes-bretonnes-pur-beurre-auchan
Le cookie goût chocolat et pépite de chocolat,"Marque Repère, P'tit Déli","Snacks, Snacks sucrés, Biscuits et gâteaux, Biscuits, Biscuits au chocolat",2096.0,12.0,35.0,0.88,7.3,5.5,0.0,25,E,27.0,E,https://world.openfoodfacts.org/product/3564700000717/le-cookie-gout-chocolat-et-pepite-de-chocolat-marque-repere
Chocolate O's,Schär,"Botanas,Snacks dulces,Galletas y pasteles,en:Biscuits and crackers,Galletas,Galletas de chocolate,Galletas rellenas,en:Sandwich biscuits,Galletas de cacao rellenas de crema",2087.0,15.0,31.0,1.0,6.6,4.1,0.0,25,E,48.0,C,https://world.openfoodfacts.org/product/8008698005231/chocolate-o-s-schar
Stem Ginger All Butter Cookies,Deluxe,"Snacks, Sweet snacks, Biscuits and cakes, Biscuits, Drop cookies",1927.0,13.6,34.0,0.85,5.1,2.8,0.0,25,E,55.0,C,https://world.openfoodfacts.org/product/20336097/stem-ginger-all-butter-cookies-deluxe
Hafer Cookie mit 40% Haferflocken,"DmBio,DM","Snacks,Sweet snacks,Biscuits and cakes,Biscuits and crackers,Biscuits,Plain rolled oats biscuits",2030.0,8.7,25.0,0.79,8.8,6.5,0.0,18,E,60.0,B,https://world.openfoodfacts.org/product/4066447337044/hafer-cookie-mit-40-haferflocken-dmbio
Chocolate Chip Cookies,Tate's Bake Shop,"Snacks,Snacks sucrés,Biscuits et gâteaux,Biscuits sucrés & biscuits apéritifs,Biscuits",2090.0,16.1,42.9,1.43,7.14,3.57,0.0,32,E,47.0,C,https://world.openfoodfacts.org/product/0810291001002/chocolate-chip-cookies-tate-s-bake-shop
Fleurs des blés bio cookies chocolat,Fleurs des Blés,"Snacks, Snacks sucrés, Biscuits et gâteaux, Biscuits",2063.0,13.0,33.0,0.4,7.0,4.5,0.0,22,E,73.0,B,https://world.openfoodfacts.org/product/3226219009581/fleurs-des-bles-bio-cookies-chocolat
Avena Integral Chocolate con Leche,"Bio Organic, Lidl, Sondey","en:Cookies,en:Oatmeal cookies",2080.0,13.5,33.4,0.6,7.1,5.0,0.0,23,E,72.0,B,https://world.openfoodfacts.org/product/40882017/avena-integral-chocolate-con-leche-bio-organic
all butter cookies with stem ginger and oats,Marks and Spencer,"ขนม-ของว่าง,en:Sweet snacks,ขนมปังกรอบและเค๊ก,en:Biscuits and crackers,บิสกิต,en:Dry biscuits",2011.0,13.7,31.8,0.58,6.1,3.3,0.0,24,E,50.0,C,https://world.openfoodfacts.org/product/00394697/all-butter-cookies-with-stem-ginger-and-oats-marks-and-spencer
Shortbread Rounds,Deluxe,"Snacks,Sweet snacks,Biscuits and cakes,Biscuits,Shortbread cookies,Shortbread",2180.0,16.7,16.5,0.65,6.4,2.8,0.0,20,E,50.0,C,https://world.openfoodfacts.org/product/4056489557579/shortbread-rounds-deluxe
"Biscuits Sablés bio aux céréales nappés de chocolat noir , paquet de 200g","U, U Bio","Snacks, Sweet snacks, Biscuits and cakes, Biscuits, Chocolate biscuits, Shortbread cookies, Digestives covered with chocolate, en:dark-chocolate-biscuits",2112.0,13.0,22.0,0.65,7.8,6.0,2.57142857142857,20,E,70.0,B,https://world.openfoodfacts.org/product/3256229523999/biscuits-sables-bio-aux-cereales-nappes-de-chocolat-noir-paquet-de-200g-u
Sprits,Chabrior,"Lanches comida,Lanches doces,Biscoitos e Bolos,en:Biscuits and crackers,Biscoitos,en:Shortbread cookies,en:Sprits biscuits",2204.0,19.0,20.1,0.76,5.6,1.8,0.0,23,E,63.0,B,https://world.openfoodfacts.org/product/3250391612635/sprits-chabrior
Cookies à la nougatine et pépites de chocolat étui de 200g,U,"Snacks, Snacks sucrés, Biscuits et gâteaux, Biscuits, Biscuits au chocolat, Cookies, Cookies au chocolat, Biscuits sucrés & biscuits apéritifs",2048.0,5.0,34.0,1.3,6.5,4.0,2.0,22,E,51.0,C,https://world.openfoodfacts.org/product/3256220210454/cookies-a-la-nougatine-et-pepites-de-chocolat-etui-de-200g-u
Cookie pépites de chocolat,Auchan Bio,"Snacks,Sweet snacks,Biscuits and cakes,Biscuits,Chocolate biscuits,Drop cookies, Biscuits sucrés & biscuits apéritifs, Assortiments d'aliments, Assortiments de gâteaux secs et biscuits, en:Biscuits or Cookies (Perishable)",2243.0,9.9,35.0,0.44,6.0,3.9,7.25,24,E,62.0,B,https://world.openfoodfacts.org/product/3596710380930/cookie-pepites-de-chocolat-auchan-bio
Cream Cookies,Hacendado,"Lanches comida,Lanches doces,Biscoitos e Bolos,Biscoitos",2196.0,10.1,36.6,0.69,4.9,3.1,2.86458333333334,26,E,50.0,C,https://world.openfoodfacts.org/product/8402001018299/cream-cookies-hacendado
Cookies Big Rocks chocolat (x 8),Carrefour,"Snacks,Sweet snacks,Biscuits and cakes,Biscuits and crackers,Biscuits,Chocolate biscuits,Drop cookies",2094.0,13.0,36.0,1.0,5.3,3.1,0.0,27,E,32.0,D,https://world.openfoodfacts.org/product/3560070744770/cookies-maxi-chunks-carrefour
Oreo,"Mondelēz, Oreo","Snacks, Sweet snacks, Biscuits and cakes, Biscuits and crackers, Biscuits, Filled biscuits, Chocolate sandwich cookies",1997.0,5.4,38.0,0.73,5.3,2.7,2.90178571428572,21,E,41.0,D,https://world.openfoodfacts.org/product/7622300444181/oreo-mondel%C4%93z
Cookies Maxi pépites chocolat,"Carrefour BIO, Carrefour","Snacks, Sweet snacks, Biscuits and cakes, Biscuits, Chocolate biscuits, en:drop-cookies",2136.0,11.0,32.0,0.75,6.6,5.1,0.0,24,E,57.0,C,https://world.openfoodfacts.org/product/3560071231095/cookies-maxi-pepites-chocolat-carrefour-bio
Stem Ginger Cookies Taste the Difference,Sainsbury's,Biscuits,1959.0,10.8,30.0,0.89,4.7,2.8,0.0,24,E,50.0,C,https://world.openfoodfacts.org/product/01432039/stem-ginger-cookies-taste-the-difference-sainsbury-s
Petit beurre pocket,Auchan,"Snacks,Sweet snacks,Biscuits and cakes,Biscuits,Petit-Beurre, Biscuits sucrés & biscuits apéritifs, Assortiments d'aliments, Assortiments de gâteaux secs et biscuits, en:Biscuits or Cookies (Perishable)",1887.0,7.8,23.0,0.75,8.4,2.9,0.0,18,E,70.0,B,https://world.openfoodfacts.org/product/3596710348312/petit-beurre-pocket-auchan
Sablés nappés Chocolat noir,"Auchan, Auchan Bio","Lanches comida,Lanches doces,Biscoitos e Bolos,Biscoitos,Biscoitos de chocolate,en:Dark chocolate biscuits,en:Shortbread cookies,en:Digestives covered with chocolate, Assortiments d'aliments, Assortiments de gâteaux secs et biscuits, en:Biscuits or Cookies (Perishable)",2131.0,8.2,24.0,0.85,7.4,5.3,0.0,19,E,74.0,B,https://world.openfoodfacts.org/product/3596710451395/sables-nappes-chocolat-noir-auchan
Galettes pur beurre biologiques.,"Auchan, Auchan Bio","Frozen foods,fr:Galettes pur beurre, Snacks, Snacks sucrés, Biscuits et gâteaux, Biscuits sucrés & biscuits apéritifs, Biscuits, Assortiments d'aliments, Assortiments de gâteaux secs et biscuits, en:Biscuits or Cookies (Perishable)",2080.0,14.0,25.0,0.57,6.5,2.0,0.0,23,E,75.0,A,https://world.openfoodfacts.org/product/3596710459186/galettes-pur-beurre-biologiques-auchan
Cookie chocolat noisette (12),Biocoop,"Snacks, Snacks sucrés, Biscuits et gâteaux, Biscuits, Biscuits au chocolat, Cookies, Cookies au chocolat, Cookies au chocolat et aux noisettes",2100.0,11.0,32.0,0.36,6.8,3.4,9.7,23,E,70.0,B,https://world.openfoodfacts.org/product/3760121212429/cookie-chocolat-noisette-12-biocoop
Cookies Fourrés Pâte Noisettes & Chocolat 8 pc,Carrefour,"Snacks,Sweet snacks,Biscuits and cakes,Biscuits and crackers,Biscuits,Chocolate biscuits,Filled biscuits,Filled drop cookies",2106.0,13.0,38.0,0.75,6.2,3.2,3.6,27,E,66.0,B,https://world.openfoodfacts.org/product/5400101023086/cookies-fourres-pate-noisettes-chocolat-8-pc-carrefour
Oreo Original,"Mondelez,Oreo","Snacks,Sweet snacks,Frozen foods,Biscuits and cakes,Biscuits,Filled biscuits,Chocolate sandwich cookies",1980.0,5.45,35.5,0.773,5.45,2.73,0.0,20,E,32.0,D,https://world.openfoodfacts.org/product/7622210707284/oreo-original-mondelez
Cookies 'n' Cream,Belmont,"Botanas,Snacks dulces,Galletas y pasteles,Galletas,Galletas rellenas",1972.0,5.4,37.1,0.48,4.9,2.2,0.0,21,E,70.0,B,https://world.openfoodfacts.org/product/4088600108599/cookies-n-cream-belmont
Protein cookies strawberry & lemon,Sondey,"Imbiss, Süßer Snack, Kekse und Kuchen, en:Biscuits and crackers, Kekse, Cookies",2018.0,12.0,2.8,1.2,30.0,2.3,8.34285714285714,19,E,70.0,B,https://world.openfoodfacts.org/product/4056489350859/protein-cookies-strawberry-lemon-sondey
Mini cookies,"Granola, Lu","Snacks, Snacks sucrés, Biscuits et gâteaux, Biscuits, Biscuits au chocolat, Cookies, Cookies au chocolat",2104.0,13.0,34.0,0.92,5.7,3.1,0.0,26,E,42.0,D,https://world.openfoodfacts.org/product/7622201451981/mini-cookies-granola
Filipinos,Artiach,"Snacks,Sweet snacks,Biscuits and cakes,Biscuits,Chocolate biscuits,Cookies with milk chocolate",2130.0,15.0,29.0,0.28,6.8,4.0,0.0,22,E,37.0,D,https://world.openfoodfacts.org/product/8436048964264/filipinos-artiach
Sainsbury's &quot;Taste the Difference&quot; Demerara Shortbread Rounds,"Sainsbury's, Taste the difference","Snacks, Sweet snacks, Biscuits and cakes, Biscuits, Shortbread cookies, Shortbread",2136.0,18.0,21.8,0.68,5.4,2.7,0.0,22,E,55.0,C,https://world.openfoodfacts.org/product/01273601/sainsbury-s-taste-the-difference-demerara-shortbread-rounds
Cookies au chocolat et pépites de chocolat 200g,U,"Snacks, Snacks sucrés, Biscuits et gâteaux, Biscuits, Biscuits au chocolat, Cookies, Biscuits sucrés & biscuits apéritifs",2065.0,6.5,37.0,0.65,6.5,4.0,0.0,22,E,54.0,C,https://world.openfoodfacts.org/product/3256220210461/cookies-au-chocolat-et-pepites-de-chocolat-200g-u
Caocream Chocolate Blanco,Hacendado,"Snacks,Sweet snacks,Biscuits and cakes,Biscuits and crackers,Biscuits,Filled biscuits,Chocolate sandwich cookies",2131.0,13.0,43.0,0.58,4.9,2.2,0.0,28,E,27.0,E,https://world.openfoodfacts.org/product/8480000141538/caocream-chocolate-blanco-hacendado
All butter shortbread biscuits,Morrisons,"Snacks, Sweet snacks, Biscuits and cakes, Biscuits, Shortbread cookies, Shortbread",2137.0,17.9,15.9,0.53,5.9,1.3,0.0,21,E,50.0,C,https://world.openfoodfacts.org/product/5010525263205/all-butter-shortbread-biscuits-morrisons
Cookie chocolat noisettes,Bonne Maman,"Snacks, Snacks sucrés, Biscuits et gâteaux, Biscuits sucrés & biscuits apéritifs, Biscuits, Biscuits au chocolat, Cookies, Cookies au chocolat, Cookies au chocolat et aux noisettes",2161.0,13.0,36.0,0.34,7.4,0.0,9.0,27,E,52.0,C,https://world.openfoodfacts.org/product/3178530415261/cookie-chocolat-noisettes-bonne-maman
"Les Sablés des Moissons céréales traditionnelles, chocolat au lait",Biscuiterie de l'Abbaye,"Snacks, Sweet snacks, Biscuits and cakes, Biscuits, Shortbread cookies, fr:Sablés au beurre, fr:Sablés aux céréales, fr:Sablés sur lit de chocolat, en:chocolate-biscuits",2087.0,15.0,25.0,1.0,8.1,4.8,0.0,23,E,76.0,A,https://world.openfoodfacts.org/product/3226219007464/les-sables-des-moissons-cereales-traditionnelles-chocolat-au-lait-biscuiterie-de-l-abbaye
Cookies bio maxi pépites de chocolat paquet de 184g,"U, U Bio","Snacks, Snacks sucrés, Biscuits et gâteaux, Biscuits, Biscuits au chocolat",2163.0,11.0,34.0,0.74,6.4,4.6,0.0,24,E,53.0,C,https://world.openfoodfacts.org/product/3256226325190/cookies-bio-maxi-pepites-de-chocolat-paquet-de-184g-u
Oreo,Oreo,"Snacks, Sweet snacks, Biscuits and cakes, Biscuits, Filled biscuits, Chocolate sandwich cookies, Sandwich biscuits",2058.0,8.8,39.0,0.845,5.5,2.8,0.0,26,E,46.0,C,https://world.openfoodfacts.org/product/7622300864934/oreo
Scottish All Butter Shortbread Rounds,Marks & Spencer,"Snacks, Sweet snacks, Biscuits and cakes, Biscuits, Shortbread cookies, Shortbread",2217.0,19.1,14.3,0.6,5.8,2.5,0.0,20,E,55.0,C,https://world.openfoodfacts.org/product/00672573/scottish-all-butter-shortbread-rounds-marks-spencer
Cookies chocolat noisette,Sondey,"Snacks, Snacks sucrés, Biscuits et gâteaux, Biscuits, Biscuits au chocolat, Cookies, Cookies au chocolat, Cookies au chocolat et aux noisettes",2152.0,12.0,26.0,0.3,7.0,3.5,7.0,21,E,60.0,B,https://world.openfoodfacts.org/product/20713621/cookies-chocolat-noisette-sondey
Biscuits Sablés bio céréales nappés chocolat au lait paquet de 200g,"U, U Bio","Snacks, Sweet snacks, Biscuits and cakes, Biscuits, Chocolate biscuits, Shortbread cookies, Digestives covered with chocolate, en:milk-chocolate-biscuits",2085.0,13.0,26.0,0.92,7.5,4.1,1.25,24,E,52.0,C,https://world.openfoodfacts.org/product/3256223670200/biscuits-sables-bio-cereales-nappes-chocolat-au-lait-paquet-de-200g-u
Cookies premium maxi pépites chocolat paquet de 184g,U,"Snacks, Snacks sucrés, Biscuits et gâteaux, Biscuits, Biscuits au chocolat, Cookies, Biscuits sucrés & biscuits apéritifs",2098.0,9.9,37.0,1.0,5.5,3.2,10.1,26,E,40.0,D,https://world.openfoodfacts.org/product/3256224375531/cookies-premium-maxi-pepites-chocolat-paquet-de-184g-u
Cookies aux pépites de chocolat noir,"Monoprix, Monoprix Bio","Snacks, Snacks sucrés, Biscuits et gâteaux, Biscuits, Biscuits au chocolat, Cookies, Cookies au chocolat",2035.0,15.0,34.0,0.4,7.2,5.2,0.0,22,E,62.0,B,https://world.openfoodfacts.org/product/3350033118065/cookies-aux-pepites-de-chocolat-noir-monoprix
Cookies pépites de chocolat,Top budget,"Snacks, Snacks sucrés, Biscuits et gâteaux, Biscuits, Biscuits au chocolat, Cookies, Cookies au chocolat",2097.0,12.1,27.6,1.07,5.6,2.2,0.0,27,E,50.0,C,https://world.openfoodfacts.org/product/3410280020532/cookies-pepites-de-chocolat-top-budget
Sablés pur beurre aux pépites de chocolat,"Carrefour BIO, Carrefour","Snacks, Sweet snacks, Frozen foods, Biscuits and cakes, Biscuits, Shortbread cookies, fr:Sablés au beurre, en:chocolate-biscuits",2050.0,14.0,24.0,0.73,7.6,5.1,0.0,21,E,74.0,B,https://world.openfoodfacts.org/product/3560070937707/sables-pur-beurre-aux-pepites-de-chocolat-carrefour-bio
Alfa,Nacional,en:Cookies,1908.0,7.1,18.0,0.67,7.2,3.0,0.0,17,E,45.0,C,https://world.openfoodfacts.org/product/5601286402332/alfa-nacional
COOKIES - Fourrage aux noisettes & chocolat,Newtree,"Snacks, Snacks sucrés, Biscuits et gâteaux, Biscuits, Biscuits au chocolat, Cookies, Cookies au chocolat, Cookies au chocolat et aux noisettes",2136.0,12.0,40.0,0.6,5.4,3.2,3.6,26,E,42.0,D,https://world.openfoodfacts.org/product/8710502470042/new-yorkers-hazelnut-chocolate-newtree
Cookies Griesson,Griesson,"Imbiss, Süßer Snack, Kekse und Kuchen, en:Biscuits and crackers, Kekse, Schokoladenkekse, Cookies",2063.0,14.0,32.0,0.78,7.0,4.1,0.0,25,E,65.0,B,https://world.openfoodfacts.org/product/4001518112854/cookies-griesson
Cookies aux pépites de chocolat & saveur noix de coco,"Carrefour, Carrefour Classic","Snacks,Snacks sucrés,Biscuits et gâteaux,Biscuits,Biscuits au chocolat,Cookies,Cookies au chocolat,Cookies au chocolat et à la noix de coco",2193.0,20.0,29.0,0.95,5.5,6.0,13.0,23,E,45.0,C,https://world.openfoodfacts.org/product/3560070242016/cookies-with-chocolate-chips-coconut-flavour-carrefour
Cookie maxi choco pépites et chunks* de chocolat,Carrefour,"Snacks, Snacks sucrés, Biscuits et gâteaux, Biscuits, Biscuits au chocolat, Cookies, Cookies au chocolat",2077.0,14.0,36.0,0.67,5.4,3.7,0.0,26,E,45.0,C,https://world.openfoodfacts.org/product/3560071090838/cookie-maxi-choco-chocolate-chips-and-chunks-carrefour
Chocolate Chip Cookies,Simpl,"Przekąski,Słodkie przekąski,en:Biscuits and cakes,Herbatnik,en:Chocolate biscuits,Cookies,en:Chocolate chip cookies",2098.0,12.0,31.0,0.7,6.5,2.6,0.0,25,E,37.0,D,https://world.openfoodfacts.org/product/3560071151423/chocolate-chip-cookies-simpl
Double Creme,Oreo,"Snacks, Sweet snacks, Specific products, Biscuits and cakes, Products for specific diets, Biscuits, Products without gluten, Filled biscuits, Chocolate sandwich cookies, Gluten-free biscuits, en:chocolate-biscuits",2081.0,7.4,43.0,0.57,4.2,2.1,8.68333333333333,25,E,27.0,E,https://world.openfoodfacts.org/product/7622300453893/double-creme-oreo
Le brookie éclats de biscuit et morceaux de chocolat,Les Préférés d'Amandine,"Snacks, Snacks sucrés, Biscuits et gâteaux, Gâteaux, Gâteaux au chocolat, Brookies",1907.0,9.4,34.0,0.34,5.9,3.7,0.0,21,E,46.0,C,https://world.openfoodfacts.org/product/3760026380988/le-brookie-eclats-de-biscuit-et-morceaux-de-chocolat-les-preferes-d-amandine
Neo Original,Sondey,"Snacks, Sweet snacks, Biscuits and cakes, Biscuits and crackers, Biscuits, Chocolate biscuits, Filled biscuits, Chocolate sandwich cookies, Sandwich biscuits",2044.0,13.0,35.0,0.88,5.6,3.7,2.15625,27,E,57.0,C,https://world.openfoodfacts.org/product/4056489235842/neo-original-sondey
Cookies American Style Chocolate Chips,"Ja!,Rewe,Merba","Snacks,Sweet snacks,Biscuits and cakes,Biscuits and crackers,Biscuits,Chocolate biscuits,Drop cookies,Chocolate chip cookies",2086.0,14.0,32.0,0.71,6.2,4.1,0.0,25,E,58.0,C,https://world.openfoodfacts.org/product/4337256295260/cookies-american-style-chocolate-chips-ja
Palmiers nature,Auchan,"Snacks, Snacks sucrés, Biscuits et gâteaux, Biscuits, Biscuits feuilletés, Palmiers, Biscuits sucrés & biscuits apéritifs, Assortiments d'aliments, Assortiments de gâteaux secs et biscuits, en:Biscuits or Cookies (Perishable)",2245.0,15.0,22.0,1.4,5.7,2.2,8.225,26,E,54.0,C,https://world.openfoodfacts.org/product/3254560035904/palmiers-nature-auchan
Biscuits Galettes suédoises aux flocons d'avoine nature 14 Biscuits Galettes - 100g,U,"Snacks, Sweet snacks, Biscuits and cakes, Biscuits and crackers, Biscuits, Shortbread cookies, Oatmeal-cookies, Plain rolled oats biscuits",2037.0,11.0,39.0,0.73,4.4,2.6,1.375,28,E,53.0,C,https://world.openfoodfacts.org/product/3256224757160/biscuits-galettes-suedoises-aux-flocons-d-avoine-nature-14-biscuits-galettes-100g-u
Cookies premium coeur fondant à la noisette,"Marque Repère, P'tit Déli","Snacks, Snacks sucrés, Biscuits et gâteaux, Biscuits, Biscuits au chocolat",2136.0,13.0,40.0,0.6,5.4,3.2,4.0,26,E,27.0,E,https://world.openfoodfacts.org/product/3564700564431/cookies-premium-coeur-fondant-a-la-noisette-marque-repere
Oreo Double Creme,Oreo,"Snacks, Sweet snacks, Biscuits and cakes, Biscuits and crackers, Biscuits, Filled biscuits, Chocolate sandwich cookies",2079.0,7.2,43.0,0.57,4.2,2.3,4.74166666666667,25,E,31.0,D,https://world.openfoodfacts.org/product/7622210137234/oreo-double-creme
Cookies 40% pepitas de chocolate,Carrefour classic,"Botanas, Snacks dulces, Galletas y pasteles, Galletas, Galletas de chocolate, Cookies, Cookies con chocolate, Galletas de desayuno",2068.0,14.0,33.0,0.53,5.5,4.0,0.0,24,E,42.0,D,https://world.openfoodfacts.org/product/8431876286083/cookies-40-pepitas-de-chocolate-carrefour-classic
Cookies quinoa cacao choco Bjorg,Bjorg,"Snacks, Snacks sucrés, Biscuits et gâteaux, Biscuits, Biscuits au chocolat, Biscuits secs",1981.0,13.0,30.0,0.41,8.3,5.0,0.0,21,E,73.0,B,https://world.openfoodfacts.org/product/3229820800462/cookies-quinoa-cacao-choco-bjorg
Cookies pepites de chocolat,"LÉA NATURE, karaléa Bio","Snacks, Snacks sucrés, Biscuits et gâteaux, Biscuits, Biscuits au chocolat, Cookies, Cookies au chocolat",2082.0,9.0,20.0,0.45,5.6,4.8,8.0,17,E,71.0,B,https://world.openfoodfacts.org/product/3456300017083/cookies-pepites-de-chocolat-lea-nature
soft cookie triple chocolate chunks,Allatini,"Snacks,Sweet snacks,Biscuits and cakes,Biscuits,Chocolate biscuits,Drop cookies,Chocolate chip cookies,Меки бисквити",1918.0,9.1,30.0,1.2,6.6,1.8,0.0,25,E,37.0,D,https://world.openfoodfacts.org/product/5203064008936/soft-cookie-triple-chocolate-chunks-allatini
Cookies Pépites de Chocolat et Nougatine,Casino,"Snacks, Snacks sucrés, Biscuits et gâteaux, Biscuits, Biscuits au chocolat, Cookies, Cookies au chocolat, Cookies au chocolat et à la nougatine",2054.0,5.5,36.0,1.1,6.0,5.5,2.0,21,E,51.0,C,https://world.openfoodfacts.org/product/3222471029893/cookies-pepites-de-chocolat-et-nougatine-casino
Cookies pépites de chocolat et noisettes,"Monoprix, Monoprix Bio","Snacks, Snacks sucrés, Biscuits et gâteaux, Biscuits, Biscuits au chocolat, Cookies, Cookies au chocolat, Cookies au chocolat et aux noisettes",2103.0,12.0,27.0,0.3,7.3,3.8,7.375,21,E,70.0,B,https://world.openfoodfacts.org/product/3350033118058/cookies-pepites-de-chocolat-et-noisettes-monoprix
Sablés d'Autrefois,Bonneterre,"Snacks,Sweet snacks,Biscuits and cakes,Biscuits,Shortbread cookies",2109.0,15.0,27.0,0.3,7.0,3.5,0.0,21,E,84.0,A,https://world.openfoodfacts.org/product/3396410024932/sables-d-autrefois-bonneterre
12 cookies Pépites de chocolat,Eco,"Snacks,Snacks sucrés,Biscuits et gâteaux,Biscuits,Biscuits au chocolat,Cookies au chocolat",2053.0,11.0,31.0,0.76,6.7,2.2,0.0,25,E,42.0,D,https://world.openfoodfacts.org/product/3450970090292/12-cookies-pepites-de-chocolat-eco
Le Cookie - Pépites De Chocolat & Noix De Coco,"Marque Repère, E.Leclerc, Leclerc, P'tit Déli","Snacks, Snacks sucrés, Biscuits et gâteaux, Biscuits, Biscuits au chocolat, Cookies, Cookies au chocolat, Cookies au chocolat et à la noix de coco",2121.0,18.0,26.0,1.3,6.8,6.0,13.0,24,E,37.0,D,https://world.openfoodfacts.org/product/3564700000724/le-cookie-pepites-de-chocolat-noix-de-coco-marque-repere
Biscuits petit Déj',"Auchan, Pouce","Snacks, Snacks sucrés, Biscuits et gâteaux, Biscuits, Biscuits sucrés & biscuits apéritifs, Assortiments d'aliments, Assortiments de gâteaux secs et biscuits, en:Biscuits or Cookies (Perishable)",1681.0,2.4,26.0,1.3,8.2,2.9,0.0,17,E,45.0,C,https://world.openfoodfacts.org/product/3596710220403/biscuits-petit-dej-auchan
Digestive Aveia,Vieira,"Lanches comida,Lanches doces,Biscoitos e Bolos,Biscoitos,en:Oatmeal cookies",1856.0,5.75,18.7,1.7,7.9,5.3,0.0,18,E,45.0,C,https://world.openfoodfacts.org/product/5601008100690/digestive-aveia-vieira
All Butter Cookies Chocolate Chunk & Hazelnut,"Marks & Spencer, มาร์คแอนด์สเปนเซอร์","ขนม-ของว่าง,en:Sweet snacks,ขนมปังกรอบและเค๊ก,บิสกิต,en:Chocolate biscuits,Cookies,en:Chocolate chip cookies,en:Chocolate and hazelnut cookies",2000.0,12.7,28.7,0.63,7.4,2.8,15.0,23,E,70.0,B,https://world.openfoodfacts.org/product/00393805/all-butter-cookies-chocolate-chunk-hazelnut-marks-spencer
Grandino barre cookie chocolat au lait,Sondey,"Snacks, Snacks sucrés, Biscuits et gâteaux, Biscuits, Biscuits au chocolat",1995.0,12.0,40.0,0.75,6.0,0.0,0.0,29,E,55.0,C,https://world.openfoodfacts.org/product/4056489126539/grandino-barre-cookie-chocolat-au-lait-sondey
sultana all butter cookies,Deluxe,"Snacks,Sweet snacks,Biscuits and cakes,Biscuits",1933.0,11.4,31.1,0.74,4.9,2.9,22.0,24,E,55.0,C,https://world.openfoodfacts.org/product/20336080/sultana-all-butter-cookies-deluxe
Chocolate chip cookies,,"Snacks, Snacks sucrés, Biscuits et gâteaux, Biscuits, Cookies",2152.0,11.0,33.0,0.37,4.9,2.2,0.0,24,E,50.0,C,https://world.openfoodfacts.org/product/8719153044213/chocolate-chip-cookies
"Biscuits Sablés nappés au chocolat noir, étui 200g",U,"Snacks, Sweet snacks, Biscuits and cakes, Biscuits and crackers, Biscuits, Chocolate biscuits, Shortbread cookies, en:digestives-covered-with-chocolate",2063.0,7.8,27.0,0.53,7.2,4.0,0.0,19,E,55.0,C,https://world.openfoodfacts.org/product/3256229802155/biscuits-sables-nappes-au-chocolat-noir-etui-200g-u
le petit cookie,LU,"Snacks,Sweet snacks,Biscuits and cakes,Biscuits,Chocolate biscuits,Drop cookies,Chocolate chip cookies,Cookies with milk chocolate",2104.0,14.0,36.0,1.0,5.7,3.3,0.0,27,E,37.0,D,https://world.openfoodfacts.org/product/7622202037528/le-petit-cookie-lu
Shortbread Fingers,"Hatherwood, Lidl","Snacks, Sweet snacks, Biscuits and cakes, Biscuits, Shortbread cookies, Shortbread",2156.0,15.6,13.5,0.71,6.4,2.5,0.0,20,E,50.0,C,https://world.openfoodfacts.org/product/20405588/shortbread-fingers-hatherwood
Cookies premium maxi pépites de chocolats paquet de 276g,U,"Snacks, Sweet snacks, Biscuits and cakes, Biscuits, Drop cookies, en:chocolate-biscuits, Biscuits sucrés & biscuits apéritifs",2098.0,9.9,37.0,1.0,5.5,3.2,10.1,26,E,46.0,C,https://world.openfoodfacts.org/product/3256224375548/cookies-premium-maxi-pepites-de-chocolats-paquet-de-276g-u
Cookies chocolat blanc cranberries,"P'tit Déli, Marque Repère","Snacks, Snacks sucrés, Biscuits et gâteaux, Biscuits, Biscuits au chocolat, Cookies au chocolat blanc",2044.0,12.0,43.0,0.59,4.6,2.3,17.57119140625,28,E,27.0,E,https://world.openfoodfacts.org/product/3564700564462/cookies-chocolat-blanc-cranberries-p-tit-deli
Cookies - Méga Pépites - Chocolat,"Marque Repère, P'tit Déli","Snacks, Desserts, Snacks sucrés, Biscuits et gâteaux, Biscuits, Biscuits au chocolat",2095.0,13.0,35.0,1.0,5.3,3.2,0.0,27,E,32.0,D,https://world.openfoodfacts.org/product/3564700612095/cookies-mega-pepites-chocolat-marque-repere
Cookies aux Pépites de Chocolat (Mous),"Marque Repère, P'tit Deli","Snacks, Snacks sucrés, Biscuits et gâteaux, Biscuits, Biscuits au chocolat, Cookies, Cookies au chocolat",2090.0,12.0,42.0,0.69,5.0,3.2,0.0,28,E,37.0,D,https://world.openfoodfacts.org/product/3564700793657/cookies-aux-pepites-de-chocolat-mous-marque-repere
Cookies,Ethiquable,"Snacks, Snacks sucrés, Biscuits et gâteaux, Biscuits, Biscuits au chocolat, Cookies",2060.0,13.0,29.0,0.43,8.5,3.0,7.0,23,E,66.0,B,https://world.openfoodfacts.org/product/3760091722904/cookies-pepites-de-chocolat-eclats-de-noix-de-cajou-ethiquable
L'incroyable cookie chocolat noir,Michel et Augustin,"Snacks, Snacks sucrés, Biscuits et gâteaux, Frais, Biscuits, Biscuits au chocolat, Cookies, Réfrigérés, Cookies au chocolat",1993.0,11.0,38.0,0.29,6.3,3.8,3.0,24,E,52.0,C,https://world.openfoodfacts.org/product/3760122966109/l-incroyable-cookie-chocolat-noir-michel-et-augustin
Chocolate chip Cookies,Coop Qualité & Prix,"Snacks,Snacks sucrés,Biscuits et gâteaux,Biscuits,Biscuits au chocolat,Cookies,Cookies au chocolat",2100.0,14.0,32.0,0.68,7.0,4.1,0.0,25,E,52.0,C,https://world.openfoodfacts.org/product/7613356373792/chocolate-chip-cookies-coop-qualite-prix
Campurrianas - Galletas con trocitos de chocolate,Cuétara,"Botanas, Snacks dulces, Galletas y pasteles, Galletas, Galletas de chocolate, Cookies, Cookies con chocolate",1939.0,4.9,31.0,0.5,6.2,2.8,0.0,16,E,47.0,C,https://world.openfoodfacts.org/product/8434165504493/campurrianas-galletas-con-trocitos-de-chocolate-cuetara
Doria Amaretti 250G,"Bauli, Doria","Snacks, Sweet snacks, Biscuits and cakes, Biscuits, Almond cookies",1795.0,0.7,72.0,0.06,6.2,0.8,13.8,20,E,39.0,D,https://world.openfoodfacts.org/product/8000605010376/doria-amaretti-250g-bauli
Ooh-la-la Tea Biscuits Almond Biscotti Sharing Bag,Rythm 108,"Snacks, Sweet snacks, Biscuits and cakes, Biscuits, Almond cookies",1895.0,16.0,23.0,0.4,7.1,5.0,15.0,18,E,54.0,C,https://world.openfoodfacts.org/product/7640155340526/ooh-la-la-tea-biscuits-almond-biscotti-sharing-bag-rythm-108
American Style Cookies,"EDEKA, Gut & Günstig","Imbiss, Süßer Snack, Kekse und Kuchen, en:Biscuits and crackers, Kekse, Schokoladenkekse, Cookies",2025.0,13.0,33.0,0.73,6.8,4.4,0.0,24,E,47.0,C,https://world.openfoodfacts.org/product/4311501795996/american-style-cookies-edeka
M&M'S COOKIES DOUBLE CHOCOLAT,"M&M's, Mars","Snacks, Snacks sucrés, Biscuits et gâteaux, Biscuits sucrés & biscuits apéritifs, Biscuits, Cookies",2070.0,13.0,35.0,0.45,5.5,0.0,0.0,28,E,40.0,D,https://world.openfoodfacts.org/product/5060402907685/m-m-s-cookies-double-chocolat
Cookies La Biscuiterie Delacre Double chocolat - 150g,"Delacre, Delacre cookies","Snacks, Snacks sucrés, Biscuits et gâteaux, Biscuits, Biscuits au chocolat, Cookies",2077.0,16.0,38.0,0.85,5.2,0.0,0.0,31,E,39.0,D,https://world.openfoodfacts.org/product/3116430213891/cookies-la-biscuiterie-delacre-double-chocolat-150g
Fair Cookies 50% Chocolate Chips,Griesson,"Pflanzliche Lebensmittel und Getränke, Pflanzliche Lebensmittel, Imbiss, Getreide und Kartoffeln, Süßer Snack, Kekse und Kuchen, en:Biscuits and crackers, Kekse, Backwaren, Schokoladenkekse, Cookies, Schokoladen-Cookies, Kekse mit Milchschokolade, Cookies mit Milchschokolade",2133.0,16.0,36.0,0.65,6.7,2.5,0.0002593994140625,27,E,58.0,C,https://world.openfoodfacts.org/product/4001518114476/fair-cookies-50-chocolate-chips-griesson
Bolachas Creme de Sabor Chocolate,Pingo Doce,Cookies,2079.0,7.9,34.0,0.29,5.3,3.1,0.0,20,E,40.0,D,https://world.openfoodfacts.org/product/5607047011157/bolachas-creme-de-sabor-chocolate-pingo-doce
Cookies double chocolat,Delacre,"Snacks, Snacks sucrés, Biscuits et gâteaux, Biscuits, Cookies",2152.0,14.0,35.0,0.33,5.4,2.7,0.0,24,E,47.0,C,https://world.openfoodfacts.org/product/3116430217554/cookies-double-chocolat-delacre
Coconut Cookies,Sondey,"Snacks, Desserts, Sweet snacks, Biscuits and cakes, Pastries, Macarons, Biscuits et gâteaux, Macarons à la noix de coco, Pâtisseries, en:biscuits",1992.0,20.0,47.0,0.3,4.5,5.5,34.0,24,E,31.0,D,https://world.openfoodfacts.org/product/20715809/coconut-cookies-sondey
Shortbreads pur beurre,Auchan,"Snacks, Snacks sucrés, Biscuits et gâteaux, Biscuits, Biscuits sablés, Shortbread, Biscuits sucrés & biscuits apéritifs, Assortiments d'aliments, Assortiments de gâteaux secs et biscuits, en:Biscuits or Cookies (Perishable)",2213.0,19.0,19.0,0.57,4.4,1.4,0.0,22,E,74.0,B,https://world.openfoodfacts.org/product/3596710393077/shortbreads-pur-beurre-auchan
Palmiers,Auchan Bio,"Snacks, Snacks sucrés, Biscuits et gâteaux, Biscuits, Biscuits feuilletés, Palmiers, Biscuits sucrés & biscuits apéritifs, Assortiments d'aliments, Assortiments de gâteaux secs et biscuits, en:Biscuits or Cookies (Perishable)",2281.0,14.0,19.0,1.1,6.9,2.1,1.5025,24,E,69.0,B,https://world.openfoodfacts.org/product/3596710414918/palmiers-auchan-bio
Original Speculaas,Hellema,"Snacks, Sweet snacks, Biscuits and cakes, Biscuits",2088.0,10.0,30.0,0.78,5.0,2.0,0.0,24,E,50.0,C,https://world.openfoodfacts.org/product/8710508140208/original-speculaas-hellema
Vegan oat cookies,Vemondo,"Snacks, Sweet snacks, Biscuits and cakes, Biscuits",2099.0,12.5,31.3,0.13,6.1,3.4,20.0,22,E,44.0,D,https://world.openfoodfacts.org/product/4056489487074/vegan-oat-cookies-vemondo
Oatmeal and raisin cookies,By sainsbury's,"Plant-based foods and beverages, Plant-based foods, Snacks, Breakfasts, Cereals and potatoes, Sweet snacks, Cereals and their products, Biscuits and cakes, Breakfast cereals, Biscuits, Flakes, Cereal flakes, Drop cookies, Rolled flakes, Dry biscuits, Rolled oats, Raisin cookies",1812.0,6.4,29.8,0.41,5.1,2.9,19.25,18,E,52.0,C,https://world.openfoodfacts.org/product/01066777/oatmeal-and-raisin-cookies-by-sainsbury-s
All butter chocolate chip shortbread rounds,Lidl,"Snacks, Sweet snacks, Biscuits and cakes, Biscuits and crackers, Biscuits, Chocolate biscuits, Shortbread cookies, Shortbread biscuit with butter and chocolate, en:shortbread",2134.0,15.7,22.9,0.61,5.3,2.0,0.0,23,E,52.0,C,https://world.openfoodfacts.org/product/4056489557562/all-butter-chocolate-chip-shortbread-rounds-lidl
Top Cookies,Excelo,"Snacks, Sweet snacks, Biscuits and cakes, Biscuits, Drop cookies",2074.0,10.2,31.0,0.1,5.8,0.0,0.0,24,E,37.0,D,https://world.openfoodfacts.org/product/6111259341524/top-cookies-excelo
"Sablés nappés au chocolat au lait, étui 200g",U,"Snacks, Sweet snacks, Biscuits and cakes, Biscuits and crackers, Biscuits, Chocolate biscuits, Shortbread cookies, Digestives covered with chocolate, en:milk-chocolate-biscuits",2069.0,7.4,30.0,0.55,7.0,3.1,0.0,20,E,41.0,D,https://world.openfoodfacts.org/product/3256229802148/sables-nappes-au-chocolat-au-lait-etui-200g-u
Soft Baked Flapjack Cookies & Cream Flavour,BORN WINNER,"Snacks, Sweet snacks, Bars, en:biscuits",1990.0,13.6,29.0,0.000325,6.0,3.1,0.25,20,E,37.0,D,https://world.openfoodfacts.org/product/5060961650732/soft-baked-flapjack-cookies-cream-flavour-born-winner
Fondant cœur chocolat facon cookie,Bonne Maman,"Snacks, Sweet snacks, Biscuits and cakes, Cakes, Pastries, Chocolate cakes, fr:Fondant au chocolat, en:biscuits",1838.0,15.0,31.0,0.65,5.2,2.5,0.0,24,E,27.0,E,https://world.openfoodfacts.org/product/3608580134305/fondant-coeur-chocolat-facon-cookie-bonne-maman
Soft Cookie Dark Chocolate,Kings,"Snacks, Sweet snacks, Меки бисквити, en:biscuits",1882.0,8.5,30.0,1.1,6.7,2.1,0.0,24,E,47.0,C,https://world.openfoodfacts.org/product/5203064008912/soft-cookie-dark-chocolate-kings
Oat & Sultana Cookies,Sainsbury's,"Gluten free oat and sultana cookies, en:biscuits",1944.0,12.6,31.5,0.93,6.6,2.8,20.0,25,E,61.0,B,https://world.openfoodfacts.org/product/00227599/oat-sultana-cookies-sainsbury-s
Hafer Cookie,DM,"imbiss, süßer-snack, kekse-und-kuchen, en:biscuits-and-crackers, kekse, de:hafer-cookies",1955.0,8.6,25.0,0.82,8.4,6.3,0.0,19,E,40.0,D,https://world.openfoodfacts.org/product/4067796062786/hafer-cookie-dm
Cookies Pépites de chocolat,sondey,"Snacks, Snacks sucrés, Biscuits et gâteaux, Biscuits, Biscuits au chocolat, Cookies, Cookies au chocolat",2086.0,7.2,33.0,0.4,6.2,4.4,6.4375,19,E,67.0,B,https://world.openfoodfacts.org/product/20713614/cookies-pepites-de-chocolat-sondey
Cookies aux pepites de chocolat,Maison Delsin,"Snacks, Snacks sucrés, Biscuits et gâteaux, Biscuits, Biscuits au chocolat",2073.0,11.5,31.1,1.5,6.5,2.6,0.0,30,E,31.0,D,https://world.openfoodfacts.org/product/3045470112119/cookies-aux-pepites-de-chocolat-maison-delsin
Cookies goût tout chocolat,Casino,"Snacks, Snacks sucrés, Biscuits et gâteaux, Biscuits, Biscuits au chocolat",2026.0,6.3,38.0,0.7,6.1,4.7,0.0,22,E,52.0,C,https://world.openfoodfacts.org/product/3222471358610/casino
Sablés pépites de chocolat noir,"Monoprix, Monoprix Bio","Snacks,Sweet snacks,Biscuits and cakes,Biscuits,Chocolate biscuits,Shortbread cookies",2134.0,9.3,28.0,0.78,7.8,4.2,0.0,22,E,74.0,B,https://world.openfoodfacts.org/product/3350033419254/sables-pepites-de-chocolat-noir-monoprix
Les gourmands - Cookies chocolat blanc cranberries,Auchan,"Snacks, Snacks sucrés, Biscuits et gâteaux, Biscuits, Biscuits au chocolat, Cookies, Cookies au chocolat, Biscuits sucrés & biscuits apéritifs, Assortiments d'aliments, Assortiments de gâteaux secs et biscuits, en:Biscuits or Cookies (Perishable)",2054.0,11.0,45.0,0.66,4.9,2.3,21.3333333333333,30,E,33.0,D,https://world.openfoodfacts.org/product/3596710336579/les-gourmands-cookies-chocolat-blanc-cranberries-auchan
Petit Beurre Pépites de Chocolat,Auchan,"Snacks, Snacks sucrés, Biscuits et gâteaux, Biscuits, Biscuits au chocolat, Petits beurres, Biscuits sablés, Biscuits sucrés & biscuits apéritifs, Assortiments d'aliments, Assortiments de gâteaux secs et biscuits, en:Biscuits or Cookies (Perishable)",1928.0,9.9,26.0,1.2,7.6,3.6,0.0,23,E,60.0,B,https://world.openfoodfacts.org/product/3596710348305/petit-beurre-pepites-de-chocolat-auchan
Bâtonnets chocolat au lait,"Auchan, Auchan Bio","Snacks, Snacks sucrés, Biscuits et gâteaux, Biscuits, Biscuits au chocolat, Biscuits au chocolat au lait, Biscuits bâtonnets au chocolat, Biscuits sucrés & biscuits apéritifs, Assortiments d'aliments, Assortiments de gâteaux secs et biscuits, en:Biscuits or Cookies (Perishable)",2201.0,15.0,34.0,0.4,6.6,2.8,0.0,23,E,61.0,B,https://world.openfoodfacts.org/product/3596710451357/batonnets-chocolat-au-lait-auchan
Müllermlich Shake Chocolate Cookies & Cream Geschmack,Müller,"Getränke und Getränkezubereitungen, Getränke, Milchprodukte, Milchgetränke, Aromatisierte Milch, Schokoladenmilch",379.0,2.4,10.4,0.15,3.4,0.0,0.0,5,E,36.0,D,https://world.openfoodfacts.org/product/42298786/mullermlich-shake-chocolate-cookies-cream-geschmack-muller
Cookies Classic,Continente,"Lanches comida,Lanches doces,Biscoitos e Bolos,Biscoitos,Biscoitos de chocolate,Cookies,en:Chocolate chip cookies",2102.0,14.0,36.0,0.68,6.7,3.3,0.0,26,E,47.0,C,https://world.openfoodfacts.org/product/5601312074038/cookies-classic-continente
Frollini con cacao senza glutine,"Lidl, Realforno","Snacks, Sweet snacks, Specific products, Biscuits and cakes, Products for specific diets, Biscuits, Products without gluten, Shortbread cookies, Gluten-free biscuits, en:chocolate-biscuits",2011.0,9.5,22.0,0.55,4.7,1.9,0.0,21,E,75.0,A,https://world.openfoodfacts.org/product/20499648/frollini-con-cacao-senza-glutine-lidl
Chocogusto 182 g,Auchan,"Snacks,Sweet snacks,Biscuits and cakes,Cakes,Filled sponge cake slices, Biscuits sucrés & biscuits apéritifs, Biscuits, Assortiments d'aliments, Assortiments de gâteaux secs et biscuits, en:Biscuits or Cookies (Perishable)",1576.0,6.6,37.0,0.31,5.4,2.0,0.0,19,E,40.0,D,https://world.openfoodfacts.org/product/3596710424801/chocogusto-182-g-auchan
Irish Oaty Flapjacks Choc Chip,Flahavans,"Snacks, Sweet snacks, Biscuits and cakes, Biscuits, Oatmeal cookies",1994.0,12.0,22.0,0.6,5.8,5.0,5.4625,19,E,57.0,C,https://world.openfoodfacts.org/product/5099801002127/irish-oaty-flapjacks-choc-chip-flahavans
All Butter Sultana Cookies,M&S Food,"Snacks,Sweet snacks,Biscuits and cakes,Biscuits and crackers,Biscuits",1890.0,9.6,35.2,0.68,5.3,2.7,0.0,24,E,50.0,C,https://world.openfoodfacts.org/product/00396165/all-butter-sultana-cookies-m-s-food
Palets façon Madeleine,Auchan,"Snacks, Snacks sucrés, Biscuits et gâteaux, Biscuits, Biscuits sablés, Palets, Biscuits sucrés & biscuits apéritifs, Assortiments d'aliments, Assortiments de gâteaux secs et biscuits, en:Biscuits or Cookies (Perishable)",2189.0,4.8,28.0,0.43,7.5,2.1,18.645,18,E,59.0,C,https://world.openfoodfacts.org/product/3596710481811/palets-facon-madeleine-auchan
Cookies Quinoa - Pépites de chocolat,Björg,"Snacks, Sweet snacks, Biscuits and cakes, Biscuits, Biscuit-cookie-with-chocolate-prepacked, en:chocolate-biscuits",2048.0,5.8,32.0,0.47,7.1,2.9,11.5,19,E,61.0,B,https://world.openfoodfacts.org/product/3229820800455/cookies-quinoa-pepites-de-chocolat-bjorg
Le sablé du meunier,Biscuiterie de l'Abbaye,"Snacks, Snacks sucrés, Biscuits et gâteaux, Biscuits, Biscuits au chocolat, Biscuits sablés, Sablés aux céréales, Sablés pur beurre, Sablés sur lit de chocolat au lait",2087.0,15.0,25.0,1.0,8.1,4.8,0.0,23,E,70.0,B,https://world.openfoodfacts.org/product/3226219013106/le-sable-du-meunier-biscuiterie-de-l-abbaye
Le Sablé aux Graines Pépites de chocolat BIO,Biscuiterie de l'Abbaye,"Snacks, Snacks sucrés, Biscuits et gâteaux, Biscuits, Biscuits au chocolat, Biscuits sablés, Biscuits Bio, Biscuits aux pépites de chocolat, Biscuits pur beurre",2089.0,13.0,29.0,0.62,8.3,4.2,0.0,23,E,76.0,A,https://world.openfoodfacts.org/product/3226219013076/le-sable-aux-graines-pepites-de-chocolat-bio-biscuiterie-de-l-abbaye
Les Grands Sablés Pur Beurre,biscuiterie du bocage,"Snacks, Snacks sucrés, Biscuits et gâteaux, Biscuits, Biscuits sablés, Pur beurre",2110.0,16.1,27.1,0.308,6.51,3.08,0.0,22,E,64.0,B,https://world.openfoodfacts.org/product/3226219013458/les-grands-sables-pur-beurre-biscuiterie-du-bocage
Cookies pépites de chocolat et quinoa,"Carrefour BIO, Carrefour, Carrefour Market","Snacks, Sweet snacks, Biscuits and cakes, Biscuits, Drop cookies, en:chocolate-biscuits",1994.0,13.0,31.0,0.42,8.1,4.9,0.0,21,E,57.0,C,https://world.openfoodfacts.org/product/3560071266059/cookies-pepites-de-chocolat-et-quinoa-carrefour-bio
LEIBNIZ KINIS CHOCO,Leibniz,cookies,2030.0,11.0,31.0,0.64,7.8,2.5,0.117855113636367,25,E,50.0,C,https://world.openfoodfacts.org/product/5901414204648/leibniz-kinis-choco
Biscuits nappés au Chocolat noir,Carrefour,"Snacks, Sweet snacks, Biscuits and cakes, Biscuits, Chocolate biscuits, Shortbread cookies, Biscuit with chocolate covering, Digestives covered with chocolate, en:dark-chocolate-biscuits",2076.0,8.3,23.0,0.4,7.6,4.8,2.0,17,E,56.0,C,https://world.openfoodfacts.org/product/3560071414320/biscuits-nappes-au-chocolat-noir-carrefour
Cookie Extra Choco,"Lu, Mondelez","Snacks, Snacks sucrés, Biscuits et gâteaux, Biscuits, Biscuits au chocolat",2096.0,13.0,34.0,0.94,5.4,2.6,0.0,27,E,27.0,E,https://world.openfoodfacts.org/product/7622201495022/cookie-extra-choco-lu
Chocolate Chunk Cookies,Tower Gate,"Snacks, Sweet snacks, Biscuits and cakes, Biscuits, Chocolate biscuits, Drop cookies, Chocolate chip cookies",2198.0,15.3,35.2,0.425,6.6,2.9,0.364583333333329,25,E,52.0,C,https://world.openfoodfacts.org/product/4056489542957/chocolate-chunk-cookies-tower-gate
Les classiques - Cookies Nougatine Pépites de chocolat,Auchan,"Snacks, Sweet snacks, Biscuits and cakes, Biscuits, Chocolate biscuits, Drop cookies, Chocolate chip cookies, Dry biscuits, en:cookies-with-chocolate-and-nougat, Assortiments d'aliments, Assortiments de gâteaux secs et biscuits, en:Biscuits or Cookies (Perishable)",2048.0,5.0,34.0,1.3,6.5,4.0,2.0,22,E,54.0,C,https://world.openfoodfacts.org/product/3254560015692/les-classiques-cookies-nougatine-pepites-de-chocolat-auchan
Helado Cookie Dough,Hacendado,"Postres,Congelados,Postres helados,Helados y sorbetes,Helado",1149.0,9.0,28.7,0.28,3.4,0.0,0.0901655717329519,20,E,67.0,B,https://world.openfoodfacts.org/product/8402001020865/cookie-dough-hacendado
Free From Chocolate Chip Cookies,Sainsburys,"Snacks, Sweet snacks, Biscuits and cakes, Biscuits, Chocolate biscuits, Drop cookies, Chocolate chip cookies",2210.0,14.3,26.5,0.32,5.4,1.6,1.0,23,E,43.0,D,https://world.openfoodfacts.org/product/00227643/free-from-chocolate-chip-cookies-sainsburys
Palets bretons pur beurre,Auchan,"Lanches comida,Sobremesas,Lanches doces,Biscoitos e Bolos,Biscoitos,en:Shortbread cookies,fr:Palets,fr:Sablés au beurre",2153.0,17.0,26.0,0.54,6.1,2.0,0.0,23,E,60.0,B,https://world.openfoodfacts.org/product/3254560028722/palets-bretons-pur-beurre-auchan
12 Cookies Chocolat - Pépites de Chocolat,"E.Leclerc, Eco+, Leclerc","Snacks, Snacks sucrés, Biscuits et gâteaux, Biscuits, Biscuits au chocolat, Cookies, Cookies au chocolat",2076.0,10.9,31.0,0.775,6.6,4.8,0.0,23,E,52.0,C,https://world.openfoodfacts.org/product/3450970046541/12-cookies-chocolat-pepites-de-chocolat-e-leclerc
Sablés,Carrefour,"Snacks, Sweet snacks, Biscuits and cakes, Biscuits, Filled biscuits, Shortbread cookies, Fruit biscuits, Shortbread cookie with coconut, Sablés à la noix de coco, en:cakes",2211.0,23.0,26.0,0.75,5.0,3.0,8.3,23,E,57.0,C,https://world.openfoodfacts.org/product/3560070649204/sables-carrefour
Choc Disk - Pocket - Fourrés Goût Vanille,"Marque Repère, E.Leclerc, Leclerc, P'tit Déli","Snacks, Sweet snacks, Biscuits and cakes, Biscuits, Chocolate biscuits, Filled biscuits, Chocolate sandwich cookies, Sandwich biscuits",1953.0,5.4,37.0,1.1,4.6,2.7,0.0,22,E,39.0,D,https://world.openfoodfacts.org/product/3564700582589/choc-disk-pocket-fourres-gout-vanille-marque-repere
Mega pepites chocolat amendes caramelisees,"Marque Repère, P'tit Déli","Snacks,Snacks sucrés,Biscuits et gâteaux,Biscuits,Biscuits au chocolat",2148.0,12.0,31.0,1.0,7.7,3.6,13.0,25,E,27.0,E,https://world.openfoodfacts.org/product/3564700612132/mega-pepites-chocolat-amendes-caramelisees-marque-repere
Barre cookie chocolat au lait x 6,"Marque Repère, P'tit Déli",en:milk-chocolate-biscuits,2173.0,15.0,39.0,0.7,6.3,1.6,0.0,29,E,23.0,E,https://world.openfoodfacts.org/product/3564700883051/barre-cookie-chocolat-au-lait-x-6-marque-repere
Galettes Bretonnesspécialité de Pont-Aven,"Auchan, Auchan Gourmet, Mmm!, Terroir","Snacks, Snacks sucrés, Biscuits et gâteaux, Biscuits, Biscuits secs, Biscuits sablés, Galettes bretonnes au beurre, Galettes bretonnes, Biscuits sucrés & biscuits apéritifs, Assortiments d'aliments, Assortiments de gâteaux secs et biscuits, en:Biscuits or Cookies (Perishable)",2144.0,17.0,27.0,0.89,6.0,1.5,0.0,26,E,68.0,B,https://world.openfoodfacts.org/product/3596710388134/galettes-bretonnesspecialite-de-pont-aven-auchan
Biscuits normands aux pommes à la crème d'Isigny,"AUCHAN MMM, Auchan, Terroir","Snacks, Snacks sucrés, Surgelés, Biscuits et gâteaux, Biscuits, Biscuits sablés, Sablés aux pommes, Biscuits sucrés & biscuits apéritifs, Assortiments d'aliments, Assortiments de gâteaux secs et biscuits, en:Biscuits or Cookies (Perishable)",2117.0,16.0,32.0,0.33,5.4,1.6,1.8,25,E,67.0,B,https://world.openfoodfacts.org/product/3596710388165/biscuits-normands-aux-pommes-a-la-creme-d-isigny-auchan-mmm
Mini roulés cacao noisettes,Auchan,"Snacks, Snacks sucrés, Biscuits et gâteaux, Gâteaux, Gâteaux au chocolat, en:filled-sponge-cake-rolls, Biscuits sucrés & biscuits apéritifs, Biscuits, Assortiments d'aliments, Assortiments de gâteaux secs et biscuits, en:Biscuits or Cookies (Perishable)",1765.0,6.2,38.0,0.5,5.6,0.5,2.25,24,E,17.0,E,https://world.openfoodfacts.org/product/3596710424849/mini-roules-cacao-noisettes-auchan
Biscuits fourrés chocolat au lait BIO,"Auchan, Auchan Bio","Snacks, Sweet snacks, Biscuits and cakes, Biscuits and crackers, Biscuits, Chocolate biscuits, Filled biscuits, Variety packs, Biscuits or cookies variety packs, Milk chocolate biscuits, Biscuits or Cookies (Perishable), Sandwich biscuits",1962.0,6.3,29.0,0.56,8.6,2.2,0.0,19,E,61.0,B,https://world.openfoodfacts.org/product/3596710451364/biscuits-fourres-chocolat-au-lait-bio-auchan
Petit beurre tablette chocolat lait bio,"Auchan, Auchan Bio","Snacks,Sweet snacks,Biscuits and cakes,Biscuits,Chocolate biscuits,Milk chocolate biscuits,Biscuit with a chocolate bar covering,Biscuit with a milk chocolate bar covering, Assortiments d'aliments, Assortiments de gâteaux secs et biscuits, en:Biscuits or Cookies (Perishable)",2148.0,16.0,35.0,0.38,7.2,2.6,0.0,25,E,56.0,C,https://world.openfoodfacts.org/product/3596710451371/petit-beurre-tablette-chocolat-lait-bio-auchan
Petit beurre,"Auchan, Pouce","Snacks, Snacks sucrés, Biscuits et gâteaux, Biscuits, Petits beurres, Biscuits sucrés & biscuits apéritifs, Assortiments d'aliments, Assortiments de gâteaux secs et biscuits, en:Biscuits or Cookies (Perishable)",1786.0,4.9,24.0,1.0,7.9,3.0,0.0,16,E,67.0,B,https://world.openfoodfacts.org/product/3596710743292/petit-beurre-auchan
"Cookie Mit Zartbitterschokolade, Schokolade",Bohlsener Mühle,"Imbiss, Süßer Snack, Kekse und Kuchen, en:Biscuits and crackers, Kekse, Schokoladenkekse, Cookies, Schokoladen-Cookies",2100.0,13.0,28.5,0.36,6.9,4.8,0.0,21,E,62.0,B,https://world.openfoodfacts.org/product/4005561001806/cookie-mit-zartbitterschokolade-schokolade-bohlsener-muhle
Cookies méga pépites de chocolat et noisettes,"Marque Repère, P'tit Déli","Snacks, Snacks sucrés, Biscuits et gâteaux, Biscuits, Biscuits au chocolat, Cookies, Cookies au chocolat, Cookies au chocolat et aux noisettes",2173.0,11.0,30.0,1.2,6.2,3.2,8.6,26,E,37.0,D,https://world.openfoodfacts.org/product/3564700695197/cookies-mega-pepites-de-chocolat-et-noisettes-marque-repere
Mini cookies cranberries & spiruline,"U, U Bio","Snacks,Snacks sucrés,Biscuits et gâteaux,Biscuits,Biscuits secs",1935.0,5.2,34.0,0.73,7.6,3.0,16.31875,19,E,75.0,A,https://world.openfoodfacts.org/product/3256227433344/mini-cookies-cranberries-spiruline-u
Extra cookies chocolat & noisettes,L'appétisserie,"Snacks, Snacks sucrés, Biscuits et gâteaux, Biscuits, Biscuits au chocolat, Cookies, Cookies au chocolat, Cookies au chocolat et aux noisettes",2170.0,9.5,28.0,0.17,7.5,4.7,0.0,19,E,67.0,B,https://world.openfoodfacts.org/product/3229820798912/extra-cookies-chocolat-noisettes-l-appetisserie
Cookies nature aux pépites de chocolat,Prix Mini,"Snacks, Snacks sucrés, Biscuits et gâteaux, Biscuits, Biscuits au chocolat, Cookies, Cookies au chocolat",2020.0,12.0,31.0,0.75,7.8,5.5,0.0,22,E,41.0,D,https://world.openfoodfacts.org/product/3660992011360/plain-chocolate-chip-cookies-prix-mini
Vegan Oat Cookies Chocolate Chip,"Vemondo,Lidl","Snacks,Sweet snacks,Biscuits and cakes,Biscuits,Chocolate biscuits,Oatmeal cookies",2204.0,13.7,27.0,0.32,6.6,2.5,4.5,22,E,56.0,C,https://world.openfoodfacts.org/product/4056489487081/vegan-oat-cookies-chocolate-chip-vemondo
timeout roundie imp,Cadbury,"Snacks, Sweet snacks, Biscuits and cakes, Biscuits and crackers, Biscuits, Biscuit (cookie) snack w chocolate filling, en:bars",2218.0,17.0,45.0,0.24,5.9,2.6,7.47112165178571,28,E,26.0,E,https://world.openfoodfacts.org/product/7622201384487/timeout-roundie-imp-cadbury
All Butter Cookie,Marks & Spencers,cookies,2120.0,15.0,29.5,0.637,6.5,2.5,0.0,25,E,50.0,C,https://world.openfoodfacts.org/product/29365579/all-butter-cookie-marks-spencers
Scottish All Butter Shortbread Assortment,"Marks & Spencer, มาส แอน สเปนเซอร์","ขนม-ของว่าง,en:Sweet snacks,ขนมปังกรอบและเค๊ก,บิสกิต,en:Shortbread cookies,Shortbread,en:Shortbread Assortment",2179.0,18.0,16.6,0.68,5.9,0.0,0.0,23,E,55.0,C,https://world.openfoodfacts.org/product/00672580/scottish-all-butter-shortbread-assortment-marks-spencer
Belgian Triple Chocolate Chunk Cookies,Marks & Spencer,"Snacks, Sweet snacks, Specific products, Biscuits and cakes, Products for specific diets, Biscuits, Products without gluten, Gluten-free biscuits",2018.0,12.8,35.3,0.625,4.7,2.2,0.0,27,E,64.0,B,https://world.openfoodfacts.org/product/00939133/belgian-triple-chocolate-chunk-cookies-marks-spencer
LE GLAZIK Grandes Galettes - 400g,"Le glazik, Lotus","Snacks, Snacks sucrés, Biscuits et gâteaux, Biscuits, Biscuits sucrés & biscuits apéritifs, Assortiments d'aliments, Assortiments de gâteaux secs et biscuits, en:Biscuits or Cookies (Perishable)",2046.0,14.0,25.0,0.74,7.0,1.5,0.0,25,E,50.0,C,https://world.openfoodfacts.org/product/3182650008982/le-glazik-grandes-galettes-400g
Céréal'choc lait - 195g,Chabrior,"Snacks, Sweet snacks, Biscuits and cakes, Biscuits and crackers, Biscuits, Chocolate biscuits, Shortbread cookies, Shortbread cookie with chocolate, en:milk-chocolate-biscuits",2071.0,13.0,22.3,1.13,7.2,2.9,0.0078125,24,E,40.0,D,https://world.openfoodfacts.org/product/3250390811466/cereal-choc-lait-195g-chabrior
Les classiques - Cookies noix pépites de chocolat,Auchan,"Snacks, Snacks sucrés, Biscuits et gâteaux, Biscuits, Biscuits au chocolat, Cookies, Cookies au chocolat, Biscuits sucrés & biscuits apéritifs, Assortiments d'aliments, Assortiments de gâteaux secs et biscuits, en:Biscuits or Cookies (Perishable)",2132.0,13.0,29.0,1.3,7.0,3.1,7.0,27,E,54.0,C,https://world.openfoodfacts.org/product/3254560023956/les-classiques-cookies-noix-pepites-de-chocolat-auchan
Les classiques - Cookies tout chocolat,"Auchan, Auchan Production, Groupe Auchan, L'oiseau","Snacks, Snacks sucrés, Biscuits et gâteaux, Biscuits, Biscuits au chocolat, Cookies, Cookies au chocolat, Biscuits sucrés & biscuits apéritifs, Assortiments d'aliments, Assortiments de gâteaux secs et biscuits, en:Biscuits or Cookies (Perishable)",1963.0,6.7,37.0,0.73,6.5,4.4,0.0,20,E,64.0,B,https://world.openfoodfacts.org/product/3254560899452/les-classiques-cookies-tout-chocolat-auchan
Cookies noix de coco et pépite de chocolat paquet de 200g,U,"Snacks, Snacks sucrés, Biscuits et gâteaux, Biscuits, Biscuits au chocolat, Cookies, Cookies au chocolat, Cookies au chocolat et à la noix de coco, Biscuits sucrés & biscuits apéritifs",2159.0,12.0,29.0,0.73,6.5,5.0,0.0,23,E,51.0,C,https://world.openfoodfacts.org/product/3256220210478/cookies-noix-de-coco-et-pepite-de-chocolat-paquet-de-200g-u
Cookies nougatine - 200g,Netto,"Snacks, Snacks sucrés, Biscuits et gâteaux, Biscuits, Biscuits au chocolat, Cookies, Cookies au chocolat, Cookies au chocolat et à la nougatine, Biscuits sucrés & biscuits apéritifs",2060.0,11.0,31.0,0.96,6.8,2.8,2.66666666666667,25,E,55.0,C,https://world.openfoodfacts.org/product/3410280004709/cookies-nougatine-200g-netto
Biscuit Selection,Carrefour,"Snacks, Sweet snacks, Biscuits and cakes, Biscuits, Variety packs, Biscuits or cookies variety packs, en:confectioneries",2101.0,13.0,39.0,0.51,6.1,2.5,1.4,27,E,40.0,D,https://world.openfoodfacts.org/product/3560071024291/biscuit-selection-carrefour
Broyés du Poitou,"Auchan, Auchan Gourmet, MMM!, Terroir","Snacks, Snacks sucrés, Biscuits et gâteaux, Biscuits, Biscuits sablés, Broyé du Poitou, Broyés poitevins, Biscuits sucrés & biscuits apéritifs, Assortiments d'aliments, Assortiments de gâteaux secs et biscuits, en:Biscuits or Cookies (Perishable)",2158.0,18.0,26.0,0.63,6.0,0.5,0.0,26,E,72.0,B,https://world.openfoodfacts.org/product/3596710333011/broyes-du-poitou-auchan
Biscuits nappés chocolat au lait BIO,"Auchan, Auchan Bio, L'Oiseau","Snacks,Snacks sucrés,Biscuits et gâteaux,Biscuits,Biscuits au chocolat,Biscuits au chocolat au lait,Biscuits sablés,Sablés nappés de chocolat, Assortiments d'aliments, Assortiments de gâteaux secs et biscuits, en:Biscuits or Cookies (Perishable)",2091.0,11.0,28.0,0.63,8.4,2.9,6.68611111111111,24,E,74.0,B,https://world.openfoodfacts.org/product/3596710356010/biscuits-nappes-chocolat-au-lait-bio-auchan
Lunettes de Romans myrtille BIO,"Auchan, Auchan Bio","Snacks, Sweet snacks, Biscuits and cakes, Biscuits, fr:Biscuits à la myrtille, fr:Lunettes à la myrtille, en:shortbread-cookies, Assortiments d'aliments, Assortiments de gâteaux secs et biscuits, en:Biscuits or Cookies (Perishable)",1925.0,7.7,35.0,0.14,6.2,2.2,5.0,20,E,70.0,B,https://world.openfoodfacts.org/product/3596710414703/lunettes-de-romans-myrtille-bio-auchan
Cookies,Alnatura,"Snacks, Sweet snacks, Biscuits and cakes, Biscuits, en:chocolate-biscuits",2180.0,15.0,33.0,0.34,7.2,4.5,0.0,22,E,57.0,C,https://world.openfoodfacts.org/product/4104420179615/cookies-alnatura
Tesco Scottish Shortbread Assortment Tin,Tesco,"Snacks, Sweet snacks, Biscuits and cakes, Biscuits, Shortbread cookies, Shortbread",2132.0,15.2,14.1,0.5,6.0,2.2,0.0,20,E,54.0,C,https://world.openfoodfacts.org/product/5054268303095/tesco-scottish-shortbread-assortment-tin
Cookies Gros éclats de chocolat (lot de 2 x 276 g) Maxiformat Granola,"Granola, Mondelez","Snacks, Desserts, Snacks sucrés, Biscuits et gâteaux, Biscuits",2130.0,14.0,37.0,1.05,4.5,2.9,0.0,28,E,40.0,D,https://world.openfoodfacts.org/product/7622210353252/cookies-gros-eclats-de-chocolat-lot-de-2-x-276-g-maxiformat-granola
Galletas con mantequilla,Hacendado,"Lanches comida,Lanches doces,Biscoitos e Bolos,Biscoitos,en:Shortbread cookies",2155.0,19.0,24.0,1.2,6.0,1.9,0.0,25,E,50.0,C,https://world.openfoodfacts.org/product/8480000145772/galletas-con-mantequilla-hacendado
Cookies con trozos de chocolate,Dia,"Snacks, Sweet snacks, Biscuits and cakes, Biscuits, Chocolate biscuits, Drop cookies, Chocolate chip cookies",2123.0,14.0,37.0,0.94,5.5,2.7,0.0,27,E,53.0,C,https://world.openfoodfacts.org/product/8480017048813/cookies-con-trozos-de-chocolate-dia
Le cookie - Chocolat noir et blanc,Michel et Augustin,"Snacks, Snacks sucrés, Biscuits et gâteaux, Biscuits, Gâteaux, Biscuits au chocolat, Cookies",2099.0,16.0,36.0,1.06,6.7,2.5,0.0,29,E,51.0,C,https://world.openfoodfacts.org/product/3701239900860/le-cookie-super-fin-et-croustillant-michel-et-augustin
Palets Bretons pur beurre,"Auchan, Auchan Bio","Snacks, Snacks sucrés, Biscuits et gâteaux, Biscuits, Biscuits sablés, Palets, Biscuits sucrés & biscuits apéritifs, Assortiments d'aliments, Assortiments de gâteaux secs et biscuits, en:Biscuits or Cookies (Perishable)",2110.0,17.0,24.0,0.84,6.1,1.3,0.0,25,E,84.0,A,https://world.openfoodfacts.org/product/3596710477753/palets-bretons-pur-beurre-auchan
Cookies pépites de chocolat et quinoa BIO,"Auchan, Auchan Bio","Snacks, Snacks sucrés, Biscuits et gâteaux, Biscuits, Biscuits au chocolat, Cookies, Cookies au chocolat, Biscuits sucrés & biscuits apéritifs, Assortiments d'aliments, Assortiments de gâteaux secs et biscuits, en:Biscuits or Cookies (Perishable)",2048.0,5.4,30.0,0.47,6.8,3.1,14.045,18,E,67.0,B,https://world.openfoodfacts.org/product/3596710483730/cookies-pepites-de-chocolat-et-quinoa-bio-auchan
Cookies Avellanas,Nocilla,"Botanas,Snacks dulces,Galletas y pasteles,en:Biscuits and crackers,Galletas,Galletas de chocolate,Galletas rellenas",2053.0,9.0,46.0,0.42,5.5,1.9,0.0,27,E,42.0,D,https://world.openfoodfacts.org/product/8410014482365/cookies-avellanas-nocilla
Bio Hafer Cookies mit Zartbitterschokolade,Läkaa,"Imbiss, Süßer Snack, Kekse und Kuchen, en:Biscuits and crackers, Kekse, Schokoladenkekse, Kekse mit Bitterschokolade",2040.0,12.0,31.0,0.59,7.5,6.3,0.0,21,E,61.0,B,https://world.openfoodfacts.org/product/4251318154794/bio-hafer-cookies-mit-zartbitterschokolade-lakaa
COOKIES MAXI CHUNKS* ET PÉPITES DE CHOCOLAT *Gros morceaux de chocolat,Carrefour,"Snacks, Snacks sucrés, Biscuits et gâteaux, Biscuits, Biscuits au chocolat, Cookies",2137.0,13.0,38.0,1.0,5.2,4.0,0.0,28,E,27.0,E,https://world.openfoodfacts.org/product/3560071415747/cookies-maxi-chunks-and-chocolate-chips-with-chunks-of-chocolate-carrefour
Vegan Cookies Banana,"Vemondo,Lidl","Snacks, Sweet snacks, Biscuits and cakes, Biscuits, Chocolate biscuits, Drop cookies, Chocolate chip cookies",2124.0,11.6,34.1,0.4,4.9,2.7,11.9791666666667,24,E,58.0,C,https://world.openfoodfacts.org/product/4056489526919/vegan-cookies-banana-vemondo
Ciambelline allo yogurt e farina di riso,Falcone,"Закуски,en:cookies",1892.0,9.1,19.0,0.95,7.5,2.0,0.0,21,E,55.0,C,https://world.openfoodfacts.org/product/8023696008404/crispy-donut-biscuits-with-yogurt-and-rice-flour-falcone
Schar butter cookies,Schär,"Snacks,Sweet snacks,Specific products,Biscuits and cakes,Products for specific diets,Biscuits,Products without gluten,Gluten-free biscuits",2160.0,16.0,20.0,0.55,6.2,1.9,0.0,21,E,57.0,C,https://world.openfoodfacts.org/product/8008698037171/schar-butter-cookies
Unibic cashew badam cookies 500g,Unibic,Biscuits,1996.0,9.5,24.6,0.4875,5.5,0.0,1.203125,23,E,37.0,D,https://world.openfoodfacts.org/product/8906009070834/unibic-cashew-badam-cookies-500g
Chocolate cookies American style with dark and milk chocolate,Kaufland,"Snacks, Sweet snacks, Biscuits and cakes, Biscuits, Drop cookies, en:chocolate-biscuits",2100.0,14.0,32.0,0.9,7.0,4.1,0.0,26,E,27.0,E,https://world.openfoodfacts.org/product/4337185588372/chocolate-cookies-american-style-with-dark-and-milk-chocolate-kaufland
Galletas Cookies & Cream,Nocilla,"Botanas,Snacks dulces,Galletas y pasteles,en:Biscuits and crackers,Galletas,Galletas de chocolate,Galletas rellenas",2116.0,13.0,35.0,0.35,7.0,2.0,0.0,25,E,37.0,D,https://world.openfoodfacts.org/product/8410014493132/galletas-cookies-cream-nocilla
Shorties,Sainsbury’s,"Snacks, Sweet snacks, Biscuits and cakes, Biscuits, Shortbread cookies",2032.0,9.9,18.5,0.85,6.6,1.5,0.0,23,E,40.0,D,https://world.openfoodfacts.org/product/00442787/shorties-sainsbury-s
Lyles golden flapjacks,Lyles,Oatmeal cookies,1843.0,11.0,34.0,0.27,5.8,0.0,0.0,25,E,54.0,C,https://world.openfoodfacts.org/product/5010115802760/lyles-golden-flapjacks
Pure butter shortbread,Walkers,"Snacks, Sweet snacks, Biscuits and cakes, Biscuits, Shortbread cookies, Shortbread",2226.0,18.9,16.2,0.7,5.6,2.1,0.0,21,E,60.0,B,https://world.openfoodfacts.org/product/0039047011007/pure-butter-shortbread-walkers
Bourbon Biscuits,"Marks & Spencer, Simply M&S","Snacks, Sweet snacks, Biscuits and cakes, Biscuits, Shortbread cookies, Bourbon Biscuits",2027.0,12.0,28.0,0.2,5.5,2.6,0.0,22,E,45.0,C,https://world.openfoodfacts.org/product/00701662/bourbon-biscuits-marks-spencer
LE GLAZIK Palets - 400g,Le glazik,"Snacks, Snacks sucrés, Biscuits et gâteaux, Biscuits, Biscuits sablés, Biscuits sucrés & biscuits apéritifs, Assortiments d'aliments, Assortiments de gâteaux secs et biscuits, en:Biscuits or Cookies (Perishable)",2113.0,17.0,28.0,0.85,6.0,1.1,0.0,27,E,50.0,C,https://world.openfoodfacts.org/product/3182650028744/le-glazik-palets-400g
Cookies noix de pécan et pépites de chocolat paquet de 200g,U,"Snacks, Snacks sucrés, Biscuits et gâteaux, Biscuits, Biscuits au chocolat, Cookies, Biscuits sucrés & biscuits apéritifs",2039.0,4.5,31.0,0.73,6.5,4.0,5.0,18,E,46.0,C,https://world.openfoodfacts.org/product/3256220210638/cookies-noix-de-pecan-et-pepites-de-chocolat-paquet-de-200g-u
Biscuits fourrés noir et blanc,U,"Snacks, Sweet snacks, Biscuits and cakes, Biscuits, Chocolate biscuits, Filled biscuits, Chocolate sandwich cookies, Sandwich biscuits",2040.0,10.5,35.7,0.86,5.5,2.4,0.0,28,E,45.0,C,https://world.openfoodfacts.org/product/3256225050918/biscuits-fourres-noir-et-blanc-u
Fines Galettes Bretonnes 100g,"U, U Saveurs, U de nos Régions","Snacks,Sweet snacks,Biscuits and cakes,Biscuits,Shortbread cookies,Shortbread cookies from Brittany,fr:Galettes bretonnes",2144.0,17.0,31.0,0.94,5.8,1.9,0.0,26,E,64.0,B,https://world.openfoodfacts.org/product/3368954000017/fines-galettes-bretonnes-100g-u
Mini Cookies,Bisson,"Snacks, Snacks sucrés, Biscuits et gâteaux, Biscuits, Biscuits au chocolat",2079.0,11.0,32.0,0.61000001430511,7.5999999046326,4.5,0.78125,24,E,57.0,C,https://world.openfoodfacts.org/product/3380380084638/mini-cookies-bisson
Cookies aux pépites de chocolat et aux noisettes,"LM, Le Mutant","Snacks, Snacks sucrés, Biscuits et gâteaux, Biscuits, Biscuits au chocolat, Cookies, Cookies au chocolat, Cookies au chocolat et aux noisettes",2152.0,12.0,26.0,0.3302,7.0,3.5,7.0,21,E,61.0,B,https://world.openfoodfacts.org/product/34996020706622/cookies-aux-pepites-de-chocolat-et-aux-noisettes-lm
Choc disk,"Marque Repère, P'tit Déli","Snacks, Sweet snacks, Biscuits and cakes, Biscuits, Chocolate biscuits, Filled biscuits, Chocolate sandwich cookies, Sandwich biscuits",1953.0,5.4,37.0,1.1,4.6,2.7,0.0,22,E,27.0,E,https://world.openfoodfacts.org/product/3564700760963/choc-disk-marque-repere
Sprits,"Marque Repère, P'tit Déli","Snacks, Sweet snacks, Biscuits and cakes, Biscuits, Shortbread cookies, Sprits biscuits",2202.0,21.0,23.0,0.7,5.2,2.2,7.83333333333333,23,E,50.0,C,https://world.openfoodfacts.org/product/3564706514133/sprits-marque-repere
Barre moelleuse marbrée,"Auchan, Auchan Production, Groupe Auchan","Snacks, Sweet snacks, Biscuits and cakes, Cakes, Marble cakes, en:chocolate-cakes, Biscuits sucrés & biscuits apéritifs, Biscuits, Assortiments d'aliments, Assortiments de gâteaux secs et biscuits, en:Biscuits or Cookies (Perishable)",1761.0,2.5,28.0,1.1,6.0,2.5,11.8888888888889,18,E,58.0,C,https://world.openfoodfacts.org/product/3596710019816/barre-moelleuse-marbree-auchan
Biscuits pépites de chocolat et quinoa,"Auchan, Auchan Bio","Snacks, Snacks sucrés, Biscuits et gâteaux, Biscuits, Biscuits au chocolat, Biscuits sucrés & biscuits apéritifs, Assortiments d'aliments, Assortiments de gâteaux secs et biscuits, en:Biscuits or Cookies (Perishable)",1929.0,6.9,25.0,0.86,7.5,3.8,0.0,19,E,70.0,B,https://world.openfoodfacts.org/product/3596710309009/biscuits-pepites-de-chocolat-et-quinoa-auchan
Sprits Chocolat au lait,Auchan,"Snacks, Sweet snacks, Biscuits and cakes, Biscuits, Chocolate biscuits, Milk chocolate biscuits, Sprits biscuits, en:shortbread-cookies, Assortiments d'aliments, Assortiments de gâteaux secs et biscuits, en:Biscuits or Cookies (Perishable)",2241.0,17.0,27.0,0.6,5.3,2.2,0.5,23,E,44.0,D,https://world.openfoodfacts.org/product/3596710320813/sprits-chocolat-au-lait-auchan
Biscuits cuillers aux œufs frais,Auchan Bio,"Snacks, Snacks sucrés, Biscuits et gâteaux, Biscuits, Biscuits secs, Boudoirs, Biscuits sucrés & biscuits apéritifs, Assortiments d'aliments, Assortiments de gâteaux secs et biscuits, en:Biscuits or Cookies (Perishable)",1543.0,1.6,48.0,0.5,8.0,0.7,0.0,20,E,78.0,A,https://world.openfoodfacts.org/product/3596710356096/biscuits-cuillers-aux-oeufs-frais-auchan-bio
Cookie choc noiset maxi pépites (8),Biocoop,"Snacks, Snacks sucrés, Biscuits et gâteaux, Biscuits, Biscuits au chocolat, Cookies, Cookies au chocolat, Cookies au chocolat et aux noisettes",2108.0,10.0,33.0,0.31,7.2,4.4,13.2,21,E,67.0,B,https://world.openfoodfacts.org/product/3760121212436/cookie-choc-noiset-maxi-pepites-8-biocoop
Chocolate Cream Cookie,Edeka,"Imbiss, Süßer Snack, Kekse und Kuchen, en:Biscuits and crackers, Kekse, Schokoladenkekse",2172.0,15.0,44.0,0.45,5.0,3.5,0.0,27,E,46.0,C,https://world.openfoodfacts.org/product/4311501494059/chocolate-cream-cookie-edeka
Chocolate Chips Cookies,American Style,"Imbiss, Süßer Snack, Kekse und Kuchen, en:Biscuits and crackers, Kekse, Schokoladenkekse, Cookies, Schokoladen-Cookies",2025.0,13.0,33.0,0.73,6.8,4.4,0.0,24,E,76.0,A,https://world.openfoodfacts.org/product/4316268412896/chocolate-chips-cookies-american-style
Marvelous Milk Choc Chip Cookies,Meredith & Drew,"Snacks,Snacks sucrés,Biscuits et gâteaux,Biscuits,Cookies",2108.0,13.1,32.5,0.78,5.8,2.1,0.0,26,E,45.0,C,https://world.openfoodfacts.org/product/50168781/marvelous-milk-choc-chip-cookies-meredith-drew
Bio hafer cookie,Lambertz,"Snacks,Sweet snacks,Biscuits and cakes,Biscuits and crackers,Biscuits,Chocolate biscuits,Oatmeal-cookies,Chocolate rolled oats biscuits",2081.0,13.1,25.6,1.08,7.4,7.1,0.0,22,E,43.0,D,https://world.openfoodfacts.org/product/4006894332704/bio-hafer-cookie-lambertz
Maxi cookies chocolat noisettes,Fleurs des Blés,"Snacks, Snacks sucrés, Biscuits et gâteaux, Biscuits, Biscuits au chocolat, Surgelés",2125.0,10.0,31.0,0.32,6.5,3.7,10.5,21,E,61.0,B,https://world.openfoodfacts.org/product/3226219012314/maxi-cookies-chocolat-noisettes-fleurs-des-bles
Cookies amb trossos de xocolata,Bonpreu,"Botanas, Snacks dulces, Galletas y pasteles, Galletas, Galletas de chocolate, Cookies, Cookies con chocolate",2110.0,13.0,37.0,0.75,5.3,4.4,0.0,25,E,44.0,D,https://world.openfoodfacts.org/product/8422410389759/cookies-amb-trossos-de-xocolata-bonpreu
Choco Cookies,Dr. Oetker Conditorei Coppenrath & Wiese,"Snacks,Snacks sucrés,Biscuits et gâteaux,Biscuits sucrés & biscuits apéritifs,Biscuits,Biscuits au chocolat,Cookies,Cookies au chocolat,Cookies au chocolat au lait",2150.0,13.0,30.0,0.2,6.1,2.0,0.725446428571431,22,E,66.0,B,https://world.openfoodfacts.org/product/4006952008138/choco-cookies-dr-oetker-conditorei-coppenrath-wiese
Pingo Doce - Cookies Tradicionais.,Pingo Doce,"Snacks, Sweet snacks, Biscuits and cakes, Biscuits and crackers, Biscuits, Drop cookies, en:wafers",2043.0,11.3,26.9,0.7,6.0,3.2,0.0,23,E,53.0,C,https://world.openfoodfacts.org/product/5601009927937/pingo-doce-cookies-tradicionais
Apple Pie Cookies,"K-Classic,Kaufland,Merba","Snacks,Sweet snacks,Biscuits and cakes,Biscuits and crackers,Biscuits,Filled biscuits",2037.0,9.4,35.0,0.61,4.2,2.0,4.7,26,E,45.0,C,https://world.openfoodfacts.org/product/4337185467035/apple-pie-cookies-k-classic
Cookies and cream,Häagen-Dazs,"Desserts, Surgelés, Desserts glacés, Glaces et sorbets, Glaces",1092.0,10.7,20.5,0.2,4.4,0.3,0.0,19,E,72.0,B,https://world.openfoodfacts.org/product/3415581534009/cookies-and-cream-haagen-dazs
Cookie dough,"Carrefour,Carrefour Sensation","Desserts,Frozen foods,Frozen desserts,Ice creams and sorbets,Ice creams,Ice cream tubs",1100.0,9.0,25.0,0.25,3.5,0.6,0.0,19,E,69.0,B,https://world.openfoodfacts.org/product/3560071249106/cookie-dough-carrefour
Choc gems,McVitie's,"Snacks, Sweet snacks, Biscuits and cakes, Biscuits, Biscuit (cookie) snack w chocolate filling",2074.0,12.4,34.7,0.77,6.8,2.4,0.0,27,E,27.0,E,https://world.openfoodfacts.org/product/5000168214702/choc-gems-mcvitie-s
Daim XL cookies,Marabou,"Snacks, Söta snacks, Kakor och tårtor, en:Biscuits and crackers, Kex, en:Chocolate biscuits",2114.0,14.0,35.0,1.4,4.9,1.5,0.3,31,E,23.0,E,https://world.openfoodfacts.org/product/7622300721459/daim-xl-cookies-marabou
Salted caramel cookies,Aldi Specially Selected,"Snacks,Sweet snacks,Biscuits and cakes,Biscuits,Chocolate biscuits",2080.0,14.8,37.6,0.72,5.6,2.0,0.0,28,E,42.0,D,https://world.openfoodfacts.org/product/4088600218175/salted-caramel-cookies-aldi-specially-selected
"Milk Chocolate Celebration Butter Cookies, Individually wrapped portion.",Leclerc 🇨🇦,"Snacks, Snacks sucrés, Biscuits et gâteaux, Biscuits, Biscuits au chocolat, Biscuits au chocolat au lait",2090.0,13.3,36.7,0.458,6.67,3.33,2.09077777777777,25,E,37.0,D,https://world.openfoodfacts.org/product/0064042551272/milk-chocolate-celebration-butter-cookies-individually-wrapped-portion-leclerc-%F0%9F%87%A8%F0%9F%87%A6
Cookies goût chocolat et pépites de chocolat,"Carrefour, Produits Blancs, Simpl","Snacks, Snacks sucrés, Biscuits et gâteaux, Biscuits, Biscuits au chocolat, Cookies, Cookies au chocolat",2101.0,12.0,31.0,0.83,6.7,3.4,0.0,25,E,41.0,D,https://world.openfoodfacts.org/product/3560071266011/chocolate-flavour-cookies-with-chocolate-chips-carrefour
Mini Oreos,"Oreo,Mondelez","Snacks, Sweet snacks, Biscuits and cakes, Biscuits, Chocolate biscuits, Filled biscuits, Chocolate sandwich cookies",1998.0,5.4,37.0,0.73,5.1,3.0,10.35,20,E,27.0,E,https://world.openfoodfacts.org/product/7622201802028/mini-oreos-oreo
Cookies & Cream cheesecakes,Gü,"Snacks, Desserts, Snacks sucrés, Biscuits et gâteaux, Gâteaux, Cheesecakes",1685.0,15.0,25.0,0.37,3.7,0.5,0.0,23,E,54.0,C,https://world.openfoodfacts.org/product/5060425288273/cookies-cream-cheesecakes-gu
Classic Cookies,"COVO,Penny,Merba","Snacks,Sweet snacks,Biscuits and cakes,Biscuits and crackers,Biscuits,Chocolate biscuits,Drop cookies,Dark chocolate biscuits,Milk chocolate biscuits",2086.0,14.0,32.0,0.71,6.2,4.1,0.0,25,E,47.0,C,https://world.openfoodfacts.org/product/21106347/classic-cookies-covo
Vegan Lemon Shortbread,Asda,"Snacks, Sweet snacks, Biscuits and cakes, Biscuits, Shortbread cookies, Shortbread",2181.0,14.0,16.0,0.49,5.7,2.3,0.245,20,E,43.0,D,https://world.openfoodfacts.org/product/5057172979141/vegan-lemon-shortbread-asda
Soft Cookies с шоколад,Престиж,"Закуски, Сладки закуски, Бисквити и сладкиши, en:Biscuits and crackers, Бисквити, Шоколадови бисквити, en:Десерт, en:Меки бисквити",1940.1,12.2,32.8,0.2,5.3,0.0,0.00244140625,24,E,27.0,E,https://world.openfoodfacts.org/product/3800061609375/soft-cookies-with-chocolate-%D0%BF%D1%80%D0%B5%D1%81%D1%82%D0%B8%D0%B6
Mini-cookies au chocolat au lait,Picard,"Snacks, Snacks sucrés, Biscuits et gâteaux, Biscuits, Biscuits au chocolat, Cookies, Cookies au chocolat, Biscuits au chocolat au lait",2228.0,20.0,28.0,0.85,5.6,1.8,3.42500000000001,26,E,67.0,B,https://world.openfoodfacts.org/product/3270160854226/mini-cookies-au-chocolat-au-lait-picard
Fair Cookies Chocolate-Coconut,Griesson,"Imbiss, Süßer Snack, Kekse und Kuchen, Kekse, Schokoladenkekse, Cookies, Schokoladen-Cookies, Cookies mit Schokolade und Kokosnuss",2212.0,20.0,34.0,0.65,5.3,4.6,2.92236328124999,24,E,58.0,C,https://world.openfoodfacts.org/product/4001518116272/fair-cookies-chocolate-coconut-griesson
Kings soft cookies,Allatini,en:biscuits,1920.0,9.0,30.0,1.2,6.5,1.75,0.0,25,E,47.0,C,https://world.openfoodfacts.org/product/5203064008943/kings-soft-cookie-triple-chocolate-chunks-allatini
Mini cookies,Carrefour,Cookies au chocolat,2079.0,12.0,32.0,0.66,6.1,2.5,0.0,26,E,37.0,D,https://world.openfoodfacts.org/product/3560071461577/mini-cookies-carrefour
Peanut butter and raspberry jelly cookies,"ALLNUTRITION, SFD",Biscuits,1738.0,15.0,6.4,0.68,4.6,2.0,15.225,17,E,54.0,C,https://world.openfoodfacts.org/product/5902837746692/peanut-butter-and-raspberry-jelly-cookies-allnutrition
Cookies maxis chunks chocolat noisette,Carrefour,en:chocolate-chip-cookies,2175.0,12.0,31.0,1.1,6.8,3.6,8.6,26,E,37.0,D,https://world.openfoodfacts.org/product/3560071461454/cookies-maxis-chunks-chocolat-noisette-carrefour
Organic Cookies - Dark Choco & Sea Salt,Farm Brothers,"Imbiss,Süßer Snack,Kekse und Kuchen,en:Biscuits and crackers,Kekse,Lebensmittel Mischpackungen,Mischpackungen von Kekse und Gebäck,en:biscuit-with-chocolate-covering",2082.0,17.0,34.0,0.95,6.3,4.1,0.0,26,E,52.0,C,https://world.openfoodfacts.org/product/5410471918028/organic-cookies-dark-choco-sea-salt-farm-brothers
Extremely Chocolatey Milk Chocolate Orange Biscuits,Marks & Spencer,"Snacks, Sweet snacks, Biscuits and cakes, Biscuits, Chocolate biscuits, Milk chocolate biscuits, Oatmeal cookies",2141.0,14.8,48.9,0.28,6.5,2.5,0.0,29,E,31.0,D,https://world.openfoodfacts.org/product/00156738/extremely-chocolatey-milk-chocolate-orange-biscuits-marks-spencer
Chocolate Cookies,Merba,"Snacks, Snacks sucrés, Biscuits et gâteaux, Biscuits, Biscuits au chocolat, Cookies, Cookies au chocolat",2143.0,14.0,38.0,0.64,5.5,3.8,0.0,27,E,47.0,C,https://world.openfoodfacts.org/product/0046214731774/chocolate-cookies-merba
Cookies pépites de chocolat et noix de pécan,Casino,"Snacks, Snacks sucrés, Biscuits et gâteaux, Biscuits, Biscuits au chocolat",2164.0,5.0,30.0,0.5,6.8,4.1,8.4,17,E,41.0,D,https://world.openfoodfacts.org/product/3222472334682/cookies-pepites-de-chocolat-et-noix-de-pecan-casino
Mini Cookies pépites de chocolat nougatine 160G,Netto,"Snacks sucrés,Biscuits et gâteaux,Biscuits,Biscuits au chocolat,Cookies,Cookies au chocolat, Biscuits sucrés & biscuits apéritifs",2113.0,8.1,32.0,0.66,6.5,2.9,11.4612121212121,23,E,53.0,C,https://world.openfoodfacts.org/product/3250392423339/mini-cookies-pepites-de-chocolat-nougatine-160g-netto
Maxi Cookies Noisette - 184g,Chabrior,"Snacks, Snacks sucrés, Biscuits et gâteaux, Biscuits, Biscuits au chocolat, Cookies, Cookies au chocolat, Cookies au chocolat et aux noisettes, Biscuits sucrés & biscuits apéritifs",2141.0,12.0,32.0,0.7,6.7,3.1,9.0,25,E,43.0,D,https://world.openfoodfacts.org/product/3250392580643/maxi-cookies-noisette-184g-chabrior
Sablés aux amandes,La Vie Claire,"Snacks, Snacks sucrés, Biscuits et gâteaux, Biscuits, Biscuits sablés",1890.0,4.2,31.0,0.78,7.8,3.2,11.0,17,E,74.0,B,https://world.openfoodfacts.org/product/3266191008264/sables-aux-amandes-la-vie-claire
Galettes Cacao,Protibis,"Snacks,Sweet snacks,Biscuits and cakes,Biscuits and crackers,Crêpes and galettes,Biscuits,Shortbread cookies,Galettes",1964.0,15.2,15.6,0.8,22.8,4.4,0.0,18,E,54.0,C,https://world.openfoodfacts.org/product/3401060106782/galettes-cacao-protibis
Cookie barr',Carrefour,"Snacks, Snacks sucrés, Cacao et dérivés, Confiseries, Barres, Biscuits et gâteaux, Confiseries chocolatées, Biscuits, Biscuits au chocolat, Barres chocolatées, Biscuits nappés au chocolat, Barres chocolatées biscuitées, Barre chocolatée biscuitée type KitKat",2201.0,16.0,37.0,0.65,6.3,3.4,0.0,26,E,27.0,E,https://world.openfoodfacts.org/product/3560071097554/cookie-barr-carrefour
Cookies triple chocolat,"Marque Repère, P'tit Déli","Snacks, Snacks sucrés, Biscuits et gâteaux, Biscuits, Biscuits au chocolat",2126.0,14.0,38.0,0.6,5.9,3.0,0.0,26,E,27.0,E,https://world.openfoodfacts.org/product/3564706509863/cookies-triple-chocolat-marque-repere
Sablés nappés chocolat au lait et noix de coco,Auchan,"Snacks, Sweet snacks, Biscuits and cakes, Biscuits and crackers, Biscuits, Chocolate biscuits, Dry biscuits, Shortbread cookies, Digestives covered with chocolate, Shortbread cookie with coconut, Sablés à la noix de coco, en:milk-chocolate-biscuits, en:Biscuits/Cookies (Shelf Stable)",2120.0,16.0,27.0,0.75,7.2,4.1,7.4,23,E,47.0,C,https://world.openfoodfacts.org/product/3596710366095/sables-nappes-chocolat-au-lait-et-noix-de-coco-auchan
Sablés Normands au beurre de Normandie,"Auchan, Auchan Gourmet, MMM!, Terroir","Snacks,Snacks sucrés,Biscuits et gâteaux,Biscuits,Biscuits sablés,Sablés au beurre, Assortiments d'aliments, Assortiments de gâteaux secs et biscuits, en:Biscuits or Cookies (Perishable)",2101.0,16.0,27.0,0.31,6.3,2.2,0.0,22,E,62.0,B,https://world.openfoodfacts.org/product/3596710388158/sables-normands-au-beurre-de-normandie-auchan
Cookies amandes chocolat,Viadélice,"Snacks,Snacks sucrés,Biscuits et gâteaux,Biscuits,Biscuits au chocolat",2224.0,12.0,25.0,0.28,6.7,2.6,14.3,22,E,51.0,C,https://world.openfoodfacts.org/product/3760092217072/cookies-amandes-chocolat-viadelice
Hafer Cookies,"REWE Bio,Rewe","Snacks,Sweet snacks,Biscuits and cakes,Biscuits and crackers,Biscuits,Oatmeal biscuits,Plain rolled oats biscuits",2030.0,8.6,25.0,0.8,8.8,6.5,0.0,18,E,65.0,B,https://world.openfoodfacts.org/product/4388860132175/hafer-cookies-rewe-bio
Mini coockies,Delhaize,"Snacks, Snacks sucrés, Biscuits et gâteaux, Biscuits, Biscuits au chocolat, Cookies, Cookies au chocolat",2108.0,13.2,37.6,0.6,5.8,3.5,0.0,26,E,57.0,C,https://world.openfoodfacts.org/product/5400113606420/mini-coockies-delhaize
Choc 'n' Roll Argolinhas Cobertas com Chocolate Branco,Pingo Doce,Cookies,2146.0,14.0,36.5,0.5,5.5,1.9,0.0,26,E,45.0,C,https://world.openfoodfacts.org/product/5601009935888/choc-n-roll-argolinhas-cobertas-com-chocolate-branco-pingo-doce
Choco Cookies,Migros Bio,"Snacks, Snacks sucrés, Biscuits et gâteaux, Biscuits, Biscuits au chocolat, Cookies, Biscuits sablés",2148.0,12.0,28.0,0.54,7.7,3.0,0.0,23,E,60.0,B,https://world.openfoodfacts.org/product/7617400037784/choco-cookies-migros-bio
Bio Hafer Cookies,Lambertz,"Snacks,Sweet snacks,Biscuits and cakes,Biscuits and crackers,Biscuits,Chocolate biscuits,Milk chocolate biscuits,Oatmeal-cookies,Chocolate rolled oats biscuits",2120.0,12.5,31.1,0.55,7.0,5.3,0.0,22,E,54.0,C,https://world.openfoodfacts.org/product/4006894133103/bio-hafer-cookies-lambertz
Soft baked cookies,Sondey,"Snacks, Snacks sucrés, Biscuits et gâteaux, Biscuits, Cookies",1907.0,8.7,29.5,0.52,4.9,2.4,0.23193359375,21,E,75.0,A,https://world.openfoodfacts.org/product/40895321/soft-baked-cookies-sondey
Cookies de petit épeautre,Moulin des Moines,"Snacks, Snacks sucrés, Biscuits et gâteaux, Biscuits, Biscuits au chocolat",2032.0,12.5,24.7,0.73,7.1,3.5,0.0,23,E,57.0,C,https://world.openfoodfacts.org/product/3347430021487/cookies-de-petit-epeautre-moulin-des-moines
Chocolate Cookies,"Dolciando, Eurospin","Snack, Snack dolci, Biscotti e torte, Biscotti, Biscotti al cioccolato, Cookie",2063.0,14.0,32.0,0.78,7.0,4.1,0.0,25,E,34.0,D,https://world.openfoodfacts.org/product/8017596006523/chocolate-cookies-dolciando
Cookies & Cream,Häagen-Dazs,"Desserts,Frozen foods,Frozen desserts,Ice creams and sorbets,Ice creams,Ice cream tubs,Vanilla ice cream tubs,fr:Creme-glacee-a-la-vanille-avec-morceaux-de-cookies,fr:Creme-glacee-avec-morceaux-de-cookie",1092.0,11.1,20.8,0.22,4.4,0.5,0.0,20,E,89.0,A,https://world.openfoodfacts.org/product/3415581152715/cookies-cream-haagen-dazs
The cookie mantequilla,Mels,"Botanas,Snacks dulces,Galletas y pasteles,en:Biscuits and crackers,Galletas,en:Shortbread biscuit with butter",2111.0,17.0,26.0,0.29,5.8,2.0,0.0,22,E,47.0,C,https://world.openfoodfacts.org/product/8436540922526/the-cookie-mantequilla-mels
Double Chocolate Cookies,Freee,"Snacks, Sweet snacks, Biscuits and cakes, Biscuits, Biscuit (cookie) snack w chocolate filling, en:chocolate-biscuits",2026.0,12.0,28.0,0.45,4.3,2.9,0.09375,23,E,27.0,E,https://world.openfoodfacts.org/product/5011766991261/double-chocolate-cookies-freee
Minis Cookies Classic,Griesson,"Imbiss, Süßer Snack, Kekse und Kuchen, en:Biscuits and crackers, Kekse, Schokoladenkekse, Cookies, Schokoladen-Cookies",2100.0,14.0,32.0,0.68,7.0,4.1,0.0,25,E,62.0,B,https://world.openfoodfacts.org/product/4001518112847/minis-cookies-classic-griesson
Bio-Hafer Cookies,Bio Sonne Norma,Kekse,2017.0,9.7,17.8,1.03,8.0,7.7,0.0,18,E,40.0,D,https://world.openfoodfacts.org/product/20292256/bio-hafer-cookies-bio-sonne-norma
Barquettes à la fraise bio,"Auchan, Auchan Bio","Snacks, Snacks sucrés, Biscuits et gâteaux, Biscuits, Barquettes aux fruits, Biscuits à la fraise, Barquettes, Barquettes à la fraise, Surgelés, Biscuits sucrés & biscuits apéritifs, Assortiments d'aliments, Assortiments de gâteaux secs et biscuits, en:Biscuits or Cookies (Perishable)",1516.0,0.7,52.0,0.41,5.5,1.9,5.0,19,E,75.0,A,https://world.openfoodfacts.org/product/3596710477647/barquettes-a-la-fraise-bio-auchan
Melk en puur Chocolate cookies,Jumbo,"snacks, chocoladekoekjes, nl:koekjes, nl:koekjes-en-cakes, nl:zoete-snacks, en:chocolate-biscuits",2100.0,14.0,32.0,0.68,7.0,4.1,0.0,25,E,51.0,C,https://world.openfoodfacts.org/product/8718452321681/melk-en-puur-chocolate-cookies-jumbo
Butter Cookies,"Favorina, Lidl",Biscuits,2091.0,15.1,20.1,0.31,5.5,5.3,3.0,18,E,75.0,A,https://world.openfoodfacts.org/product/20026523/butter-cookies-favorina
Brossard - le brookie pocket tout choco x4,"Brossard, Broussard","Snacks, Sweet snacks, Biscuits and cakes, Cakes, Chocolate cakes, fr:Cookie-brownie, en:brookies",1942.0,9.7,31.0,0.41,6.1,5.7,13.525,19,E,32.0,D,https://world.openfoodfacts.org/product/3660140942157/brossard-le-brookie-pocket-tout-choco-x4
American Style Cookies Haselnuss,"K-Classic,Kaufland,Merba","Snacks,Sweet snacks,Biscuits and cakes,Biscuits and crackers,Biscuits,Chocolate biscuits,Drop cookies,Chocolate chip cookies,Cookies with milk chocolate",2150.0,11.0,27.0,0.86,6.3,3.6,8.0,24,E,52.0,C,https://world.openfoodfacts.org/product/4337185537509/american-style-cookies-haselnuss-k-classic
Carrefour Extra Cookies Chocolat Blanc & Canneberges 8 Pièces,Carrefour,"Snacks, Sweet snacks, Biscuits and cakes, Biscuits, Drop cookies, en:chocolate-biscuits, Biscuits sucrés & biscuits apéritifs, EPICERIE",2033.0,12.0,42.0,0.74,4.1,1.9,18.35625,29,E,37.0,D,https://world.openfoodfacts.org/product/5400101204140/carrefour-extra-cookies-chocolat-blanc-canneberges-8-pieces
Biscotti al cioccolato,Artebianca,"Snack, Snack dolci, Biscotti e torte, Biscotti, Biscotti al cioccolato, Cookie, Biscotti con gocce di cioccolato",2045.0,10.3,30.0,0.25,6.0,3.0,0.0,22,E,47.0,C,https://world.openfoodfacts.org/product/8000972000307/biscotti-al-cioccolato-artebianca
Rocklets Galletas sabor Vainilla,"Arcor, Rocklets","Botanas, Snacks dulces, Galletas y pasteles, Galletas, Galletas de chocolate, Cookies, Cookies con chocolate, Galletas secas",1939.0,11.0,38.0,0.585,6.2,1.4,0.0,27,E,49.0,C,https://world.openfoodfacts.org/product/7802225688758/rocklets-galletas-sabor-vainilla-arcor
Oreo,"oreo,Mondelez","Snacks,Sweet snacks,Biscuits and cakes,Biscuits,Chocolate biscuits,Filled biscuits,Chocolate sandwich cookies",2070.0,8.75,40.6,0.836,5.0,2.19,0.0,27,E,51.0,C,https://world.openfoodfacts.org/product/7622201806286/oreo
Oreo ice cream with oreo cookie pieces,Oreo,"Desserts, Frozen foods, Frozen desserts, Ice creams and sorbets, Ice creams, Ice cream sandwiches",1353.0,7.1,26.0,1.3,5.4,2.7,0.985416666666667,21,E,62.0,B,https://world.openfoodfacts.org/product/5010238019328/oreo-ice-cream-with-oreo-cookie-pieces
Cookies,Airos,"Botanas, Snacks dulces, en:Specific products, Galletas y pasteles, en:Products for specific diets, Galletas, Productos sin gluten, Galletas sin gluten",1999.0,6.5,32.0,1.0,4.5,1.5,0.0,23,E,50.0,C,https://world.openfoodfacts.org/product/8436574640786/cookies-airos
Sablés fourrés,Auchan,"Snacks, Snacks sucrés, Biscuits et gâteaux, Biscuits, Biscuits sablés, Biscuits sucrés & biscuits apéritifs, Assortiments d'aliments, Assortiments de gâteaux secs et biscuits, en:Biscuits or Cookies (Perishable)",2098.0,6.2,40.0,0.3,6.0,2.4,10.7,22,E,50.0,C,https://world.openfoodfacts.org/product/3596710491117/sables-fourres-auchan
Hills Fig Rolls 200g,hill,"Biscuit (cookie) snack w chocolate filling,Biscuit filled with fruit paste",1820.0,8.7,24.2,0.63,5.9,4.4,0.0,19,E,55.0,C,https://world.openfoodfacts.org/product/5010282013501/hills-fig-rolls-200g-hill
Flapjack bites,"Co-op, Coop","Snacks, Sweet snacks, Bars, Biscuits and cakes, Biscuits, Oatmeal cookies, Flapjacks",1877.0,11.0,27.0,0.375,5.8,3.0,1.51878720238095,20,E,44.0,D,https://world.openfoodfacts.org/product/5000129317282/flapjack-bites-co-op
Oreo remix caramel & vanilla,Oreo,"Snacks, Sweet snacks, Biscuits and cakes, Biscuits and crackers, Biscuits, Filled biscuits, Chocolate sandwich cookies, de:Kakaokekse, Sandwich biscuits",2078.0,7.6,43.0,0.57,4.2,2.1,8.84358974358974,25,E,32.0,D,https://world.openfoodfacts.org/product/7622201501761/oreo-remix-caramel-vanilla
Bourbon Cream Biscuits,Marks & Spencer,"Snacks, Sweet snacks, Biscuits and cakes, Biscuits, Biscuit (cookie) snack w chocolate filling",2049.0,11.8,35.0,0.23,5.5,1.9,0.0,25,E,61.0,B,https://world.openfoodfacts.org/product/29257294/bourbon-cream-biscuits-marks-spencer
Bâtonnets folie de cookie x4 300g,"Super U, U","Desserts,Frozen foods,Frozen desserts,Ice creams and sorbets,Ice creams,Ice cream bars,Ice cream bars coated with chocolate",1159.0,10.0,28.0,0.2,4.3,0.9,0.0,19,E,67.0,B,https://world.openfoodfacts.org/product/3256229288867/batonnets-folie-de-cookie-x4-300g-super-u
Chocolate Sandwich Cookies,OREO,"Snacks, Sweet snacks, Biscuits and cakes, Biscuits, Filled biscuits, Sandwich biscuits",1970.0,5.88,41.2,0.846,2.94,2.94,6.65555555555555,23,E,40.0,D,https://world.openfoodfacts.org/product/0044000074579/chocolate-sandwich-cookies-oreo
Les gourmands - Cookies maxi pépites chocolat noisettes,Auchan,"Snacks, Snacks sucrés, Biscuits et gâteaux, Biscuits, Biscuits au chocolat, Cookies, Cookies au chocolat, Cookies au chocolat et aux noisettes, Biscuits sucrés & biscuits apéritifs, Assortiments d'aliments, Assortiments de gâteaux secs et biscuits, en:Biscuits or Cookies (Perishable)",2138.0,9.2,33.0,0.5,6.1,3.6,21.25,23,E,50.0,C,https://world.openfoodfacts.org/product/3596710492015/les-gourmands-cookies-maxi-pepites-chocolat-noisettes-auchan
Les Cookies avoine et pépites de chocolat,Biscuiterie de l'Abbaye,"Snacks, Snacks sucrés, Biscuits et gâteaux, Biscuits, Biscuits au chocolat, Cookies, Biscuits à l'avoine, Biscuits pur beurre",2027.0,14.0,30.0,0.42,6.7,5.3,0.0,21,E,63.0,B,https://world.openfoodfacts.org/product/3226219014431/les-cookies-avoine-et-pepites-de-chocolat-biscuiterie-de-l-abbaye
cereola Banana Bread Cookie,De Beukelaer,"Imbiss, Süßer Snack, Kekse und Kuchen, Kekse, Cookies",1861.0,8.3,33.0,0.5,5.5,5.5,8.0,19,E,40.0,D,https://world.openfoodfacts.org/product/4001518116418/cereola-banana-bread-cookie-de-beukelaer
WTF? cookie!,Bergen,"Snack, Snack dolci, Biscotti e torte, Biscotti",2186.0,19.0,6.7,0.78,5.2,0.0,0.0,20,E,50.0,C,https://world.openfoodfacts.org/product/5902379385830/wtf-cookie-bergen
Creams,Continente,en:Chocolate sandwich cookies,2058.0,12.0,35.0,0.95,5.0,2.5,0.0,28,E,41.0,D,https://world.openfoodfacts.org/product/5601312100706/creams-continente
Palets bretons pur beurre,Auchan,"fr:palets, Assortiments d'aliments, Assortiments de gâteaux secs et biscuits, en:Biscuits or Cookies (Perishable)",2135.0,16.0,23.0,1.2,6.0,2.0,0.0,25,E,55.0,C,https://world.openfoodfacts.org/product/3596710538768/palets-bretons-pur-beurre-auchan
Belmont Biscuits Cookies & Cream Snack Pack,Aldi,"Snacks,Sweet snacks,Biscuits and cakes,Biscuits and crackers,Biscuits,Filled biscuits,Chocolate sandwich cookies",1972.0,5.4,37.1,0.48,4.9,2.2,0.0,21,E,42.0,D,https://world.openfoodfacts.org/product/4061461862114/belmont-biscuits-cookies-cream-snack-pack-aldi
Tim Tams,Arnott’s,"Snacks, Sweet snacks, Biscuits and cakes, Biscuits and crackers, Biscuits, Biscuit (cookie) snack w chocolate filling, en:chocolate-biscuits",2196.0,15.0,45.5,0.33,4.2,1.6,0.0,29,E,35.0,D,https://world.openfoodfacts.org/product/9310072034607/tim-tams-arnott-s
Choc Chip Cookies,McVitie's,"Chocolate biscuits,Chocolate chip cookies,Sweet snacks,Snacks",2098.0,13.2,31.4,0.74,5.8,3.1,0.0,25,E,37.0,D,https://world.openfoodfacts.org/product/5000168039275/choc-chip-cookies-mcvitie-s
All Butter Lemon Shortbread Rounds,Morrisons The Best,"Snacks,Sweet snacks,Biscuits and cakes,Biscuits and crackers,Biscuits,Shortbread cookies,Biscuits/Cookies (Shelf Stable),Shortbread",2160.0,18.0,18.5,0.5,4.5,1.0,2.125,22,E,50.0,C,https://world.openfoodfacts.org/product/5010525263229/all-butter-lemon-shortbread-rounds-morrisons-the-best
Cookies & Cream,Pingo Doce,"Snacks,Sweet snacks,Biscuits and cakes,Biscuits and crackers,Biscuits,Chocolate sandwich cookies",1979.0,5.6,40.0,1.1,4.6,2.4,0.0,24,E,27.0,E,https://world.openfoodfacts.org/product/5607047011102/cookies-cream-pingo-doce
Chocolate chunk classic dark chocolate crispy Cookies,Pepperidge Farm,"Snacks, Snacks sucrés, Biscuits et gâteaux, Biscuits, Biscuits au chocolat",2140.0,15.0,34.0,0.84,5.4,5.1,0.0,25,E,27.0,E,https://world.openfoodfacts.org/product/0014100096993/pepperidge-farm-chocolate-chunk-crispy-cookies-with-dark-chocolate
Chocolate chunk and hazelnut biscuuts,Walkers,"Snacks, Snacks sucrés, Biscuits et gâteaux, Biscuits, Biscuits au chocolat, Cookies, Cookies au chocolat, Cookies au chocolat et aux noisettes",2217.0,12.8,30.1,0.75,6.1,2.4,15.75,25,E,44.0,D,https://world.openfoodfacts.org/product/0039047005440/chocolate-chunk-and-hazelnut-biscuuts-walkers
"Cookies, Pépites de Chocolat (15 Cookies)","Nestlé, Herta","Snacks, Sweet snacks, Biscuits and cakes, Fresh foods, Biscuits, en:chocolate-biscuits",1868.0,9.8,37.1,0.8,4.4,1.7,3.55,27,E,27.0,E,https://world.openfoodfacts.org/product/3154230065692/cookies-pepites-de-chocolat-15-cookies-nestle
Cookies choco noisettes,Gerblé,"Snacks, Snacks sucrés, Biscuits et gâteaux, Biscuits, Biscuits au chocolat, Cookies, Cookies au chocolat, Cookies au chocolat et aux noisettes",2152.0,11.0,35.0,0.43,5.0,1.8,12.7416666666667,26,E,41.0,D,https://world.openfoodfacts.org/product/3175681188730/cookies-choco-noisettes-gerble
LE GLAZIK Grandes Galettes - 200g,"Le glazik, Lotus Bakeries France","Snacks, Snacks sucrés, Biscuits et gâteaux, Biscuits, Biscuits secs, Biscuits sucrés & biscuits apéritifs, Assortiments d'aliments, Assortiments de gâteaux secs et biscuits, en:Biscuits or Cookies (Perishable)",2046.0,14.0,25.0,0.74,7.0,1.5,0.0,25,E,50.0,C,https://world.openfoodfacts.org/product/3182650038804/le-glazik-grandes-galettes-200g
Cookies aux pépites de chocolat noir,"Casino, Casino Bio","Snacks, Snacks sucrés, Biscuits et gâteaux, Biscuits, Biscuits au chocolat",2030.0,15.0,35.0,0.41,6.9,5.2,0.0,24,E,57.0,C,https://world.openfoodfacts.org/product/3222475123597/cookies-aux-pepites-de-chocolat-noir-casino
Cookies aux pépites gourmandes chocolat,Casino,"Snacks, Snacks sucrés, Biscuits et gâteaux, Biscuits, Biscuits au chocolat",2080.0,9.6,37.0,1.0,5.3,3.9,1.575,26,E,42.0,D,https://world.openfoodfacts.org/product/3222476283894/cookies-aux-pepites-gourmandes-chocolat-casino
Cookies coco-pépites - 200g,Chabrior,"Snacks, Snacks sucrés, Biscuits et gâteaux, Biscuits, Biscuits au chocolat, Cookies, Cookies au chocolat, Cookies au chocolat et à la noix de coco, Biscuits sucrés & biscuits apéritifs",2144.0,12.0,28.0,1.1,5.5,4.4,31.5,25,E,69.0,B,https://world.openfoodfacts.org/product/3250391326143/cookies-coco-pepites-200g-chabrior
Maxi Cookies Double choc - 200g,Netto,"Snacks, Snacks sucrés, Biscuits et gâteaux, Biscuits, Biscuits au chocolat, Cookies, Cookies au chocolat, Biscuits sucrés & biscuits apéritifs",2138.0,14.6,32.8,0.43,6.0,2.4,0.0,25,E,46.0,C,https://world.openfoodfacts.org/product/3250392024178/maxi-cookies-double-choc-200g-netto
Quatre-Quarts pur beurre,Auchan,"Snacks, Snacks sucrés, Biscuits et gâteaux, Gâteaux, Quatre-quarts, Biscuits sucrés & biscuits apéritifs, Biscuits, Assortiments d'aliments, Assortiments de gâteaux secs et biscuits, en:Biscuits or Cookies (Perishable)",1850.0,16.0,29.0,0.82,6.0,1.2,0.0,26,E,50.0,C,https://world.openfoodfacts.org/product/3254560886803/quatre-quarts-pur-beurre-auchan
Cookies goût caramel pépites de chocolat au lait paquet de 200g,U,"Snacks, Snacks sucrés, Biscuits et gâteaux, Biscuits, Biscuits au chocolat, Cookies, Cookies au chocolat, Cookies au chocolat au lait, Biscuits sucrés & biscuits apéritifs",2143.0,15.7,31.9,0.47,5.7,1.6,0.0,26,E,55.0,C,https://world.openfoodfacts.org/product/3256224557692/cookies-gout-caramel-pepites-de-chocolat-au-lait-paquet-de-200g-u
Crakeo,"Carrefour Sensation, Carrefour","Snacks, Sweet snacks, Biscuits and cakes, Biscuits, Filled biscuits, Chocolate sandwich cookies, en:chocolate-biscuits",2062.0,11.0,36.0,0.84,5.9,3.0,0.0,27,E,41.0,D,https://world.openfoodfacts.org/product/3560070939022/crakeo-carrefour-sensation
Quatre-quarts pur beurre,Auchan,"Snacks, Snacks sucrés, Biscuits et gâteaux, Gâteaux, Quatre-quarts, Biscuits sucrés & biscuits apéritifs, Biscuits, Assortiments d'aliments, Assortiments de gâteaux secs et biscuits, en:Biscuits or Cookies (Perishable)",1822.0,15.0,29.0,1.4,6.0,2.0,0.0,27,E,45.0,C,https://world.openfoodfacts.org/product/3596710386345/quatre-quarts-pur-beurre-auchan
Les gourmands - Cookies maxi pépites de chocolat,Auchan,"Snacks, Snacks sucrés, Biscuits et gâteaux, Biscuits, Biscuits au chocolat, Biscuits sucrés & biscuits apéritifs, Assortiments d'aliments, Assortiments de gâteaux secs et biscuits, en:Biscuits or Cookies (Perishable)",2065.0,9.8,38.0,1.0,5.4,3.9,5.24545454545455,27,E,45.0,C,https://world.openfoodfacts.org/product/3596710393633/les-gourmands-cookies-maxi-pepites-de-chocolat-auchan
Les gourmands - Cookies cœur fondant chocolat noisette,"Auchan, Mmm!","Snacks, Snacks sucrés, Biscuits et gâteaux, Biscuits, Biscuits au chocolat, Biscuits fourrés, Cookies fourrés, Biscuits sucrés & biscuits apéritifs, Assortiments d'aliments, Assortiments de gâteaux secs et biscuits, en:Biscuits or Cookies (Perishable)",2130.0,12.0,40.0,0.62,5.7,3.4,3.0,27,E,27.0,E,https://world.openfoodfacts.org/product/3596710404179/les-gourmands-cookies-coeur-fondant-chocolat-noisette-auchan
Speculoos pocket,Auchan,"Snacks, Snacks sucrés, Biscuits et gâteaux, Biscuits, Spéculoos, Biscuits sucrés & biscuits apéritifs, Assortiments d'aliments, Assortiments de gâteaux secs et biscuits, en:Biscuits or Cookies (Perishable)",2045.0,8.6,34.0,0.83,5.7,1.4,6.55178571428571,26,E,35.0,D,https://world.openfoodfacts.org/product/3596710448807/speculoos-pocket-auchan
Crispy Chocolate,Milka,"Desserts, Surgelés, Desserts glacés, Glaces et sorbets, Glaces, Crèmes glacées en pot",1070.0,8.1,27.1,0.18,4.0,1.3,0.0653211805555554,18,E,72.0,B,https://world.openfoodfacts.org/product/4007993020042/crispy-chocolate-milka
"Cookies Choco, Glutenfrei Und Glücklich, Vegan",Sommer,"Imbiss, Süßer Snack, Kekse und Kuchen, en:Biscuits and crackers, Kekse, Schokoladenkekse",2117.0,10.0,30.0,0.4,5.6,7.1,7.0,18,E,47.0,C,https://world.openfoodfacts.org/product/4056114005062/cookies-choco-glutenfrei-und-glucklich-vegan-sommer
Big Cookies,Amanhecer,"Lanches comida, Lanches doces, Biscoitos e Bolos, Biscoitos, Biscoitos de chocolate, en:Drop cookies, Bolachas",2068.0,13.0,32.7,0.6,6.9,4.1,0.0,24,E,58.0,C,https://world.openfoodfacts.org/product/5601227025767/big-cookies-amanhecer
Mjölk choklad XL cookies,Marabou,"Snacks, Söta snacks, Kakor och tårtor, en:Biscuits and crackers, Kex, en:Chocolate biscuits, Cookies, en:Chocolate chip cookies, en:Cookies with milk chocolate",2131.0,14.0,37.0,1.04,5.3,1.8,0.0,29,E,36.0,D,https://world.openfoodfacts.org/product/7622300589882/xl-cookies-marabou
Extra Pepitas XL,Chips Ahoy!,"Lanches comida,Lanches doces,Biscoitos e Bolos,en:Biscuits and crackers,Biscoitos,Biscoitos de chocolate,Cookies,en:Chocolate chip cookies",2108.0,14.0,36.0,1.05,4.5,2.9,0.0,28,E,29.0,E,https://world.openfoodfacts.org/product/8410000000030/extra-pepitas-xl-chips-ahoy
Mor Chocolate Chip Cookie 230g,Morrisons,"Snacks, Sweet snacks, Biscuits and cakes, Biscuits, Chocolate biscuits, Drop cookies, Chocolate chip cookies",2050.0,12.1,27.5,0.4925,5.7,5.7,0.0,21,E,37.0,D,https://world.openfoodfacts.org/product/5010251830436/mor-chocolate-chip-cookie-230g-morrisons
Belgian dark chocolate coated stem ginger cookies,Sainsbury's,"Snacks, Snacks sucrés, Biscuits et gâteaux, Biscuits, Biscuits au chocolat",2102.0,14.3,34.5,0.28,4.7,2.6,0.0,25,E,37.0,D,https://world.openfoodfacts.org/product/01432077/belgian-dark-chocolate-coated-stem-ginger-cookies-sainsbury-s
Myk Karamell,SÆTRE,"Snacks, Sweet snacks, Confectioneries, Biscuits and cakes, Biscuits, Chocolate biscuits, Drop cookies, Chocolate chip cookies, en:chocolate-candies",1950.0,9.6,41.0,1.0,4.7,2.1,2.94117647058824,27,E,54.0,C,https://world.openfoodfacts.org/product/7039317007436/myk-karamell-karamellcookies-saetre
Cookies méga pépites de chocolat - format familial,"Marque Repère, P'tit Déli","Snacks, Snacks sucrés, Biscuits et gâteaux, Biscuits, Biscuits au chocolat, Cookies, Cookies au chocolat",2095.0,13.0,35.0,1.0,5.3,3.2,0.0,27,E,42.0,D,https://world.openfoodfacts.org/product/3564706509870/cookies-mega-pepites-de-chocolat-format-familial-marque-repere
COOKIES A LA CRÈME HERSHEY,Hershey's,"Snacks, Snacks sucrés, Biscuits et gâteaux, Biscuits, Biscuits au chocolat, Biscuits fourrés, Biscuits au chocolat blanc",2201.0,20.0,42.0,0.6,5.6,3.7,0.0,27,E,27.0,E,https://world.openfoodfacts.org/product/5060250343741/cookies-n-creme-rounds-with-cookie-pieces-hershey-s
Cranberry Cookies Weiße Schokolade Rosinen,"K-Classic,Kaufland,Merba","Snacks,Sweet snacks,Biscuits and cakes,Biscuits and crackers,Biscuits,Chocolate biscuits,Drop cookies,White chocolate biscuits",2049.0,11.0,45.0,0.66,4.9,2.3,12.7408345540365,30,E,47.0,C,https://world.openfoodfacts.org/product/4337185467011/cranberry-cookies-weisse-schokolade-rosinen-k-classic
Cookies mini,Conad,"Snacks, Sweet snacks, Biscuits and cakes, Biscuits, Drop cookies, en:chocolate-biscuits",2102.0,14.0,32.0,0.68,7.0,4.1,0.0,25,E,27.0,E,https://world.openfoodfacts.org/product/8003170061095/cookies-mini-conad
cookie pépites de chocolat Bio sans allergènes,Matatie,"Snacks, Snacks sucrés, Biscuits et gâteaux, Biscuits, Biscuits au chocolat, Cookies",2090.0,5.1,30.0,0.38,3.1,1.3,0.0,19,E,70.0,B,https://world.openfoodfacts.org/product/3770009601511/cookie-pepites-de-chocolat-bio-sans-allergenes-matatie
Mini cookies chocolat/pépites de chocolat pur beurre,U,"Snacks, Snacks sucrés, Biscuits et gâteaux, Biscuits, Cookies",2113.0,17.0,27.0,1.3,6.7,3.3,0.0,26,E,54.0,C,https://world.openfoodfacts.org/product/3256227995347/mini-cookies-chocolat-pepites-de-chocolat-pur-beurre-u
Cookies épeautre,Moulin des moines,"Snacks, Snacks sucrés, Biscuits et gâteaux, Biscuits",1921.0,7.8,28.0,0.49,6.5,4.6,0.0,18,E,70.0,B,https://world.openfoodfacts.org/product/3347430022477/cookies-epeautre-moulin-des-moines
suavecitas,ParNor,"Snacks, Sweet snacks, Biscuits and cakes, Biscuits, Chocolate biscuits, Drop cookies, Chocolate chip cookies, en:dry-biscuits",1880.0,6.67,40.0,0.275,7.67,3.0,0.0,20,E,47.0,C,https://world.openfoodfacts.org/product/7791324156926/suavecitas-parnor
Barres fourrées choco-lait,"Auchan, Auchan Bio","Snacks, Snacks sucrés, Biscuits et gâteaux, Biscuits, Biscuits au chocolat, Biscuits tablette de chocolat, Biscuits tablette fourrée, Biscuits sucrés & biscuits apéritifs, Assortiments d'aliments, Assortiments de gâteaux secs et biscuits, en:Biscuits or Cookies (Perishable)",2234.0,15.0,40.0,0.33,6.0,1.9,0.0,26,E,52.0,C,https://world.openfoodfacts.org/product/3596710477654/barres-fourrees-choco-lait-auchan
Choco Cookies,Pingo Doce,"Lanches comida,Lanches doces,Biscoitos e Bolos,en:Biscuits and crackers,Biscoitos,Biscoitos de chocolate,Cookies,en:Chocolate chip cookies",2077.0,14.0,32.0,0.75,6.3,4.8,0.0,24,E,37.0,D,https://world.openfoodfacts.org/product/5601009973422/choco-cookies-pingo-doce
High Protein Crispy Cookies,Ehrmann,"Imbiss, Süßer Snack, Kekse und Kuchen, en:Biscuits and crackers, Kakao und Kakaoprodukte, Süßwaren, Kekse, Schokoladenkonfekt, Pralinen, Schokoladenkekse",1990.0,15.0,27.0,0.8,25.0,3.5,0.0,22,E,42.0,D,https://world.openfoodfacts.org/product/4062432000146/high-protein-crispy-cookies-ehrmann
Frollini con cioccolato,Eurospin,"Snacks, Sweet snacks, Biscuits and cakes, Biscuits and crackers, Biscuits, Shortbread cookies, en:chocolate-biscuits",2102.0,9.9,26.0,0.5,6.3,3.5,0.0,21,E,70.0,B,https://world.openfoodfacts.org/product/8017596106025/frollini-con-cioccolato-eurospin
Oatmeal cookies &quot;Classical&quot;,Полёт,"Biscuits/Cookies (Shelf Stable),Oatmeal cookies",1810.0,8.75,37.5,0.125,10.0,3.12,1.42045454545455,21,E,54.0,C,https://world.openfoodfacts.org/product/4607003861063/oatmeal-cookies-classical-%D0%BF%D0%BE%D0%BB%D1%91%D1%82
Triple chocolate cookies,Rose of Richmond,"Snacks, Sweet snacks, Biscuits and cakes, Biscuits, Chocolate biscuits, Drop cookies, Chocolate chip cookies, Cookies with milk chocolate",2123.0,15.8,40.4,0.8,5.8,3.5,0.0,27,E,47.0,C,https://world.openfoodfacts.org/product/0798190171579/triple-chocolate-cookies-rose-of-richmond
Belgian white choc cookies,Waitrose,Biscuit (cookie) snack w chocolate filling,2141.0,17.0,34.1,1.07,5.9,1.6,0.0,30,E,37.0,D,https://world.openfoodfacts.org/product/5000169206836/belgian-white-choc-cookies-waitrose
Half coated choc chunk,"Belmont Biscuits, Aldi","Snacks, Sweet snacks, Biscuits and cakes, Biscuits, Chocolate biscuits, Drop cookies, Chocolate chip cookies, Cookies with milk chocolate",2115.0,14.0,34.1,0.37,6.1,2.5,0.0,25,E,52.0,C,https://world.openfoodfacts.org/product/4088600217062/half-coated-choc-chunk-belmont-biscuits
Chocolate chip cookies,Unil as d,"en:Snacks, en:Sweet snacks, en:Biscuits and cakes, Kjeks, en:Chocolate biscuits, en:Drop cookies, en:Chocolate chip cookies",2058.0,14.0,34.0,0.62,5.5,3.2,2.91666666666667,25,E,47.0,C,https://world.openfoodfacts.org/product/7035620036798/choco-chip-cookies-225g-first-price-unil-as-d
Neo,Sondey,"Lanches comida,Lanches doces,Biscoitos e Bolos,en:Biscuits and crackers,Biscoitos,Biscoitos de chocolate,Biscoitos recheados,en:Chocolate sandwich cookies,fr:Biscuit-cacaote",1984.0,5.9,31.0,0.98,5.0,2.9,0.0,19,E,56.0,C,https://world.openfoodfacts.org/product/4056489356110/neo-sondey
"Chocolate Chip Grain-Free Cookies, Chocolate Chip",Hu kitchen,"Snacks, Sweet snacks, Biscuits and cakes, Biscuits and crackers, Biscuits",1790.0,17.9,25.0,0.938,3.57,10.7,55.2997295673077,18,E,50.0,C,https://world.openfoodfacts.org/product/0850024267022/chocolate-chip-grain-free-cookies-chocolate-chip-hu-kitchen
Bolacha coberta com Chocolate de Leite,Continente,"en:Biscuit with a milk chocolate bar covering,en:Cookies",2057.0,14.0,38.0,0.48,5.8,2.8,0.0,26,E,36.0,D,https://world.openfoodfacts.org/product/5601312101277/bolacha-coberta-com-chocolate-de-leite-continente
captain munch,munchy's,"Snacks, Sweet snacks, Biscuits and cakes, Biscuits, Chocolate biscuits, Filled biscuits, Chocolate sandwich cookies",2117.0,13.0,34.0,0.5,6.0,4.0,0.0,24,E,42.0,D,https://world.openfoodfacts.org/product/9556439886636/captain-munch-munchy-s
Bâtonnets gourmands chocolat au lait,"Auchan, Auchan Bio","Snacks, Snacks sucrés, Biscuits et gâteaux, Biscuits, Biscuits au chocolat, Biscuits sucrés & biscuits apéritifs, Assortiments d'aliments, Assortiments de gâteaux secs et biscuits, en:Biscuits or Cookies (Perishable)",2176.0,17.0,31.0,0.47,7.7,2.9,0.0506249999999966,23,E,71.0,B,https://world.openfoodfacts.org/product/3596710494989/batonnets-gourmands-chocolat-au-lait-auchan
Corny Big Dark Chocolate Cookies,Corny,"Botanas,Snacks dulces,Barritas,Galletas y pasteles,Galletas,Barritas de cereales,cs:Cereální tyčinka",1805.0,8.6,35.4,0.51,5.5,4.2,2.3875,21,E,47.0,C,https://world.openfoodfacts.org/product/4011800573515/corny-big-dark-chocolate-cookies
Les Classiques - Cookies noix de coco pépites de chocolat,Auchan,"Snacks, Snacks sucrés, Biscuits et gâteaux, Biscuits, Biscuits au chocolat, Biscuits sucrés & biscuits apéritifs, Assortiments d'aliments, Assortiments de gâteaux secs et biscuits, en:Biscuits or Cookies (Perishable)",2159.0,12.0,29.0,0.75,6.5,5.0,0.0,23,E,41.0,D,https://world.openfoodfacts.org/product/3596710485130/les-classiques-cookies-noix-de-coco-pepites-de-chocolat-auchan
Fruit and nut cookies,Tower Gate,Biscuits,2194.0,13.5,33.1,0.44,6.8,3.7,13.0,24,E,52.0,C,https://world.openfoodfacts.org/product/4056489542940/fruit-and-nut-cookies-tower-gate
Sablés pur beurre Noix de coco,Auchan,"Snacks, Snacks sucrés, Biscuits et gâteaux, Biscuits, Biscuits sablés, Biscuits sucrés & biscuits apéritifs, Assortiments d'aliments, Assortiments de gâteaux secs et biscuits, en:Biscuits or Cookies (Perishable)",2228.0,25.0,30.0,0.06,6.0,4.8,25.8,20,E,53.0,C,https://world.openfoodfacts.org/product/3596710496853/sables-pur-beurre-noix-de-coco-auchan
Mini Bites Mistério,Saborosa,en:Cookies,1826.0,7.4,29.3,0.09,5.9,2.5,0.0,18,E,44.0,D,https://world.openfoodfacts.org/product/5600744051372/mini-bites-misterio-saborosa
double chocolate chip cookies,gwoon,"Snacks, Zoete snacks, Koekjes en cakes, Koekjes, Chocolade koekjes, Cookies",2110.0,13.5,36.0,0.71,5.7,3.4,0.0,26,E,42.0,D,https://world.openfoodfacts.org/product/8710624355630/double-chocolate-chip-cookies-gwoon
Belgian Choc Chunk & Orange All Butter Cookies,Lidl,"Snacks, Sweet snacks, Biscuits and cakes, Biscuits",2044.0,13.1,27.7,0.55,5.7,2.0,0.0,24,E,50.0,C,https://world.openfoodfacts.org/product/4056489712442/belgian-choc-chunk-orange-all-butter-cookies-lidl
Cookies,Bisson,drop cookies,2016.0,5.7,29.5,0.54,4.9,2.1,18.3833333333333,19,E,50.0,C,https://world.openfoodfacts.org/product/3380380101229/cookies-bisson
DOUBLE CHOCOLATE COOKIES,EDEKA,"Imbiss, Süßer Snack, Kekse und Kuchen, Kekse, Schokoladenkekse, Cookies",2056.0,14.8,37.4,0.63,6.3,4.5,0.0,26,E,47.0,C,https://world.openfoodfacts.org/product/4311501766729/double-chocolate-cookies-edeka
Barre cookie - Chocolat au lait - Pocket,Auchan,"Snacks, Snacks sucrés, Biscuits et gâteaux, Biscuits, Biscuits au chocolat, Biscuits au chocolat au lait, Biscuits sucrés & biscuits apéritifs, Assortiments d'aliments, Assortiments de gâteaux secs et biscuits, en:Biscuits or Cookies (Perishable)",2100.0,14.0,36.0,0.77,6.2,3.2,0.0,26,E,30.0,D,https://world.openfoodfacts.org/product/3596710517473/barre-cookie-chocolat-au-lait-pocket-auchan
Blissful,McVitie's,"Snacks, Sweet snacks, Biscuits and cakes, Biscuits, Biscuit (cookie) snack w chocolate filling",2078.0,11.0,33.0,0.6,7.7,2.4,1.0,25,E,27.0,E,https://world.openfoodfacts.org/product/5000168040783/blissful-mcvitie-s
Argolinhas,Continente,en:Cookies,2138.0,14.0,36.0,0.5,6.4,2.0,0.0,26,E,45.0,C,https://world.openfoodfacts.org/product/5601312106654/argolinhas-continente
Dinkel Doppelkekese,"DmBio, dm","Imbiss, Süßer Snack, Kekse und Kuchen, Kekse, Schokoladenkekse, en:Biscuit (cookie) snack w chocolate filling",2082.0,10.0,28.0,0.5,6.5,4.0,0.0,22,E,54.0,C,https://world.openfoodfacts.org/product/4066447470970/dinkel-doppel-keks-dmbio
Giant Buttons Cookies,"Dairyfine,Aldi","Snacks,Sweet snacks,Biscuits and cakes,Biscuits and crackers,Biscuits",1897.0,7.7,39.5,0.86,5.6,0.7,3.3125,27,E,55.0,C,https://world.openfoodfacts.org/product/4088600550381/giant-buttons-cookies-dairyfine
Cookies goût caramel pépites de chocolat au lait - 200g,U,"Snacks, Snacks sucrés, Biscuits et gâteaux, Biscuits sucrés & biscuits apéritifs, Biscuits, Cookies",2035.0,4.3,31.0,0.61,5.6,2.1,12.5,19,E,54.0,C,https://world.openfoodfacts.org/product/3256220266130/cookies-gout-caramel-pepites-de-chocolat-au-lait-200g-u
integralni keks,Maxi,"Whole grain cookies,biscuits",2241.0,10.9,23.0,0.7,21.0,9.6,0.362723214285715,18,E,50.0,C,https://world.openfoodfacts.org/product/8600197426953/integralni-keks-maxi
Cookie Crunch,Moo Free,"Snacks,Sweet snacks,Cocoa and its products,Confectioneries,Bars,Chocolates,Plant milk chocolates,White chocolate bars",2235.0,22.0,36.0,0.06,2.3,0.0,0.0,26,E,34.0,D,https://world.openfoodfacts.org/product/5060235831768/cookie-crunch-moo-free
Sour Patch Oreo,Oreo,cookie,2020.0,8.62,41.4,0.647,3.45,0.0,8.92857142857142,29,E,40.0,D,https://world.openfoodfacts.org/product/0044000077068/sour-patch-oreo
CHOCOLATE CHIP COOKIES,"Axfood, Dazzley","Snacks,Sweet snacks,Biscuits and cakes,Biscuits,Chocolate biscuits,Drop cookies,Chocolate chip cookies",2081.0,13.0,36.0,0.67,5.4,3.7,0.0,26,E,37.0,D,https://world.openfoodfacts.org/product/7311041086377/chocolate-chip-cookies-axfood
Raisin and oat cookie with dried apple,Waitrose,Biscuits,1660.0,5.5,35.8,0.75,5.0,2.6,19.0,20,E,40.0,D,https://world.openfoodfacts.org/product/5000169643990/raisin-and-oat-cookie-with-dried-apple-waitrose
Cofler Rellenas Choco Creamy,"Arcor,Cofler","Botanas,Snacks dulces,Galletas y pasteles,en:Biscuits and crackers,Galletas,Galletas de chocolate,Cookies,Galletas rellenas,Cookies con chocolate,Galletas de cacao rellenas de crema,Cookies con chocolate con leche",2030.0,6.3,31.0,0.7,6.6,1.8,0.0,21,E,44.0,D,https://world.openfoodfacts.org/product/7790040143777/cofler-rellenas-choco-creamy-arcor
5 White Chocolate Chip Cookies,Morrisons Cake Shop,Cookies,1964.0,9.2,38.5,0.35,4.5,0.7,1.46875,26,E,40.0,D,https://world.openfoodfacts.org/product/5010525152592/5-white-chocolate-chip-cookies-morrisons-cake-shop
Dark Chocolate And M&M Cookies,Sondey,en:chocolate-biscuits,2076.0,11.8,41.2,0.69,4.9,3.1,0.0,28,E,37.0,D,https://world.openfoodfacts.org/product/4056489351207/dark-chocolate-and-m-m-cookies-sondey
Salted Caramel All Butter Cookies,Deluxe,"Snacks,Sweet snacks,Biscuits and cakes,Biscuits and crackers,Biscuits,Drop cookies",2011.0,12.7,22.2,0.65,5.5,2.0,0.0,23,E,55.0,C,https://world.openfoodfacts.org/product/4056489712435/salted-caramel-all-butter-cookies-deluxe
Chocolate Chunk Dark Double Chocolate Crispy Cookies,Pepperidge Farm,"Snacks, Snacks sucrés, Biscuits et gâteaux, Biscuits, Biscuits au chocolat",2131.0,13.9,34.8,0.8,3.8,5.8,0.0,24,E,41.0,D,https://world.openfoodfacts.org/product/0014100096986/chocolate-chunk-dark-double-chocolate-pepperidge-farm
Walkers assorted shortbread cookies,Walkers,"Snacks, Sweet snacks, Biscuits and cakes, Biscuits, Shortbread cookies, Shortbread",2183.0,17.39,17.39,0.8283,4.35,0.0,0.0,25,E,50.0,C,https://world.openfoodfacts.org/product/0039047012318/walkers-assorted-shortbread-cookies
Peanut cookies,Euro Patisserie,"Snacks, Zoete snacks, Koekjes en cakes, Koekjes",2141.0,9.4,22.2,0.73,11.8,2.7,29.550462962963,21,E,48.0,C,https://world.openfoodfacts.org/product/0799181003824/peanut-cookies-euro-patisserie
Bio Cookies chocolat noisettes,Sondey,"Snacks, Snacks sucrés, Biscuits et gâteaux, Biscuits, Biscuits au chocolat, Cookies, Cookies au chocolat, Cookies au chocolat et aux noisettes",2152.0,12.0,26.0,0.3,7.0,3.5,7.0,21,E,62.0,B,https://world.openfoodfacts.org/product/20113687/bio-cookies-chocolat-noisettes-sondey
Cookie façon pâte à tartiner,"BN, BN SENSATION","Snacks, Snacks sucrés, Biscuits et gâteaux, Biscuits, Biscuits fourrés, Cookies fourrés",2170.0,11.0,35.0,1.23,6.0,0.0,3.2,32,E,45.0,C,https://world.openfoodfacts.org/product/3061990142344/cookie-facon-pate-a-tartiner-bn
LE GLAZIK Coeur de Breizh - 150g,"Le Galzik, Lotus, Le glazik","Snacks, Snacks sucrés, Biscuits et gâteaux, Biscuits sucrés & biscuits apéritifs, Biscuits, Assortiments d'aliments, Assortiments de gâteaux secs et biscuits, en:Biscuits or Cookies (Perishable)",2162.0,17.0,28.4,0.51,6.1,1.2,0.0,25,E,50.0,C,https://world.openfoodfacts.org/product/3182650038569/le-glazik-coeur-de-breizh-150g-le-galzik
Cookies Noisettes & Chocolat,Casino bio,"Snacks, Snacks sucrés, Biscuits et gâteaux, Biscuits, Biscuits au chocolat",2119.0,12.0,27.0,0.33,7.3,3.8,0.0,21,E,61.0,B,https://world.openfoodfacts.org/product/3222475123580/cookies-noisettes-chocolat-casino-bio
Cookies aux pépites gourmandes chocolat & amandes caramélisées,Casino,"Snacks, Snacks sucrés, Biscuits et gâteaux, Biscuits",2165.0,7.6,31.0,1.0,8.6,3.8,24.95,22,E,55.0,C,https://world.openfoodfacts.org/product/3222476283900/cookies-aux-pepites-gourmandes-chocolat-amandes-caramelisees-casino
Break Barre cookies pépites de chocolat,Casino,"Snacks, Snacks sucrés, Biscuits et gâteaux, Biscuits",2160.0,15.0,38.0,0.63,6.1,4.3,0.0,26,E,63.0,B,https://world.openfoodfacts.org/product/3222476785978/break-barre-cookies-pepites-de-chocolat-casino
Mini Cookies pépites de chocolat noir et noisettes sur lit de chocolat au lait Bio,"Casino, Casino Bio","Snacks,Snacks sucrés,Biscuits et gâteaux,Biscuits,Biscuits au chocolat,Cookies,Cookies au chocolat,Cookies aux pépites de chocolat",2197.0,16.0,32.0,0.46,7.5,3.1,5.005859375,24,E,67.0,B,https://world.openfoodfacts.org/product/3222476906502/mini-cookies-pepites-de-chocolat-noir-et-noisettes-sur-lit-de-chocolat-au-lait-bio-casino
LES COOKIDZ Chocolate 200 g,Fleurs des blés,"Snacks, Snacks sucrés, Biscuits et gâteaux, Biscuits, Biscuits au chocolat, Cookies, Cookies au chocolat, Cookies au chocolat et aux noisettes",2152.0,12.0,27.0,0.3,7.0,3.5,7.0,21,E,57.0,C,https://world.openfoodfacts.org/product/3226219010273/les-cookidz-chocolate-200-g-fleurs-des-bles
Cookies double chocolat lait & noir,Chabrior,"Snacks, Snacks sucrés, Biscuits et gâteaux, Biscuits, Biscuits au chocolat, Cookies, Cookies au chocolat",2138.0,14.6,32.8,0.43,6.0,2.4,0.0,25,E,43.0,D,https://world.openfoodfacts.org/product/3250391425068/cookies-double-chocolat-lait-noir-chabrior
Maxi Cookies amandes caramélisées pépites choco 184g,Chabrior,"Snacks,Snacks sucrés,Biscuits et gâteaux,Biscuits sucrés & biscuits apéritifs,Biscuits,Biscuits au chocolat,Cookies",2146.0,8.1,30.0,0.01,7.7,3.8,13.0,19,E,33.0,D,https://world.openfoodfacts.org/product/3250392246457/maxi-cookies-amandes-caramelisees-pepites-choco-184g-chabrior
Cookies maxi pepites chocolat 184g,Chabrior,"Snacks, Snacks sucrés, Biscuits et gâteaux, Biscuits, Biscuits au chocolat, Cookies, Biscuits sucrés & biscuits apéritifs",2086.0,10.0,37.0,1.0,5.3,3.1,6.33333333333333,26,E,43.0,D,https://world.openfoodfacts.org/product/3250392259624/cookies-maxi-pepites-chocolat-184g-chabrior
Quatre-quarts pur beurre,Auchan,"Snacks, Snacks sucrés, Biscuits et gâteaux, Gâteaux, Quatre-quarts, Biscuits sucrés & biscuits apéritifs, Biscuits, Assortiments d'aliments, Assortiments de gâteaux secs et biscuits, en:Biscuits or Cookies (Perishable)",1850.0,16.0,29.0,0.82,6.0,1.2,0.0,26,E,50.0,C,https://world.openfoodfacts.org/product/3254560026452/quatre-quarts-pur-beurre-auchan
Petit lait,Auchan,"Snacks, Snacks sucrés, Biscuits et gâteaux, Biscuits, Biscuits sucrés & biscuits apéritifs, Assortiments d'aliments, Assortiments de gâteaux secs et biscuits, en:Biscuits or Cookies (Perishable)",1871.0,5.8,22.0,0.72,8.0,3.0,0.0,16,E,61.0,B,https://world.openfoodfacts.org/product/3254560076334/petit-lait-auchan
Cookies coeur fondant chocolat noisettes paquet de 160g,U,"Snacks, Snacks sucrés, Biscuits et gâteaux, Biscuits, Biscuits au chocolat, Biscuits fourrés, Cookies fourrés, Biscuits sucrés & biscuits apéritifs, Cookies",2081.0,7.9,32.0,1.8,6.0,5.4,11.65,25,E,40.0,D,https://world.openfoodfacts.org/product/3256226761271/cookies-coeur-fondant-chocolat-noisettes-paquet-de-160g-u
Cookies pépites de chocolat,Cora,"Snacks, Snacks sucrés, Biscuits et gâteaux, Biscuits, Biscuits au chocolat",2079.0,13.0,33.0,1.2,6.0,4.0,0.0,27,E,30.0,D,https://world.openfoodfacts.org/product/3257980024244/cookies-pepites-de-chocolat-cora
12 Cookies tout chocolat,Nature bio,"Snacks, Snacks sucrés, Biscuits et gâteaux, Biscuits, Biscuits au chocolat",2052.0,14.0,31.0,0.5,6.5,4.5,0.0,22,E,51.0,C,https://world.openfoodfacts.org/product/3257980251985/12-cookies-tout-chocolat-nature-bio
Cookies pépites de chocolat noix de coco,Cora,"Snacks, Snacks sucrés, Biscuits et gâteaux, Biscuits, Biscuits au chocolat, Cookies, Cookies au chocolat, Cookies au chocolat et à la noix de coco",2199.0,20.0,29.0,0.95,5.5,5.0,13.0,24,E,41.0,D,https://world.openfoodfacts.org/product/3257982273718/cookies-pepites-de-chocolat-noix-de-coco-cora
Cookies moelleux aux morceaux de chocolat et noix de pécan caramélisées,"Monoprix, Monoprix Gourmet","Aliments et boissons à base de végétaux, Aliments d'origine végétale, Snacks, Snacks sucrés, Fruits à coques et dérivés, Biscuits et gâteaux, Fruits à coques, Biscuits, Biscuits au chocolat, Cookies, Cookies au chocolat",2077.0,13.0,33.0,0.31,5.1,3.1,7.9,23,E,51.0,C,https://world.openfoodfacts.org/product/3350033304291/cookies-moelleux-aux-morceaux-de-chocolat-et-noix-de-pecan-caramelisees-monoprix
Cookie extra moelleux,Daunat,"Snacks, Snacks sucrés, Biscuits et gâteaux, Biscuits, Biscuits au chocolat, Cookies, Cookies au chocolat",1954.0,12.0,37.0,0.9,5.7,0.0,0.0,29,E,61.0,B,https://world.openfoodfacts.org/product/3367651005417/cookie-extra-moelleux-daunat
Cookies bio au chocolat noir,"Ekibio, Ma vie sans Gluten","Snacks, Snacks sucrés, Biscuits et gâteaux, Biscuits, Biscuits au chocolat, Biscuits au chocolat noir",1924.0,4.5,34.0,0.51,4.6,3.7,1.11666666666667,17,E,70.0,B,https://world.openfoodfacts.org/product/3380380049705/organic-cookies-with-dark-chocolate-ekibio
Sablés diamant chocolat au lait,Maison Du Biscuit,"Snacks, Sweet snacks, Biscuits and cakes, Biscuits and crackers, Biscuits, Shortbread cookies, en:chocolate-biscuits",2388.0,22.0,19.0,0.36,8.4,0.0,0.15625,23,E,59.0,C,https://world.openfoodfacts.org/product/3449610472208/sables-diamant-chocolat-au-lait-maison-du-biscuit
Cookies aux Pépites de Chocolat (Mous),DV,"Snacks, Snacks sucrés, Biscuits et gâteaux, Biscuits, Biscuits au chocolat, Cookies, Cookies au chocolat",2139.0,16.0,32.0,0.5,5.5,1.5,0.0,26,E,37.0,D,https://world.openfoodfacts.org/product/3555081130353/cookies-aux-pepites-de-chocolat-mous-dv
Mini cookies choco,Carrefour,"Snacks, Snacks sucrés, Biscuits et gâteaux, Biscuits, Biscuits au chocolat, Cookies, Cookies au chocolat, Biscuits au chocolat noir",2183.0,14.0,33.0,0.52,6.9,4.1,0.0,24,E,51.0,C,https://world.openfoodfacts.org/product/3560070617715/mini-cookies-all-chocolate-carrefour
Les Palets Breton Au beurre et aux oeufs frais,Carrefour,"Snacks, Sweet snacks, Biscuits and cakes, Biscuits, Shortbread cookies, fr:palets",2167.0,18.0,25.0,0.6,6.0,1.5,0.0,24,E,54.0,C,https://world.openfoodfacts.org/product/3560071080181/les-palets-breton-au-beurre-et-aux-oeufs-frais-carrefour
Trium chocolat au lait et cookies enrobage chocolat noir,"Marque Repère, Trium",en:ice-creams,1464.0,14.0,31.0,0.3,3.6,2.2,0.0,21,E,67.0,B,https://world.openfoodfacts.org/product/3564700386231/trium-chocolat-au-lait-et-cookies-enrobage-chocolat-noir-marque-repere
Biscuit caramel chocolat au lait,"Auchan, Polegar","Lanches comida,Lanches doces,Cacau e derivados,Confeitaria,Barras,Biscoitos e Bolos,Bombons de chocolate,Biscoitos,Biscoitos de chocolate,en:Caramel chocolate cookie bars",2114.0,14.0,47.0,0.44,5.2,1.9,0.0,29,E,32.0,D,https://world.openfoodfacts.org/product/3596710147724/biscuit-caramel-chocolat-au-lait-auchan
Palmiers chocolat au lait,Auchan,"Snacks, Snacks sucrés, Biscuits et gâteaux, Biscuits, Biscuits au chocolat, Biscuits au chocolat au lait, Biscuits feuilletés, Palmiers, Biscuits sucrés & biscuits apéritifs, Assortiments d'aliments, Assortiments de gâteaux secs et biscuits, en:Biscuits or Cookies (Perishable)",2246.0,17.0,31.0,1.1,6.1,2.4,5.275,27,E,46.0,C,https://world.openfoodfacts.org/product/3596710365852/palmiers-chocolat-au-lait-auchan
Sablés pur beurre framboise,Auchan,"Snacks, Sweet snacks, Biscuits and cakes, Biscuits, Filled biscuits, en:shortbread-cookies, Assortiments d'aliments, Assortiments de gâteaux secs et biscuits, en:Biscuits or Cookies (Perishable)",1974.0,15.0,28.0,0.88,4.1,2.4,16.1,25,E,54.0,C,https://world.openfoodfacts.org/product/3596710365913/sables-pur-beurre-framboise-auchan
Sablés pur beurre pomme façon tatin,Auchan,"Snacks, Sweet snacks, Biscuits and cakes, Biscuits, en:shortbread-cookies, Assortiments d'aliments, Assortiments de gâteaux secs et biscuits, en:Biscuits or Cookies (Perishable)",1978.0,14.0,30.0,0.97,4.3,2.5,22.0,25,E,68.0,B,https://world.openfoodfacts.org/product/3596710365920/sables-pur-beurre-pomme-facon-tatin-auchan
Cookies aux pépites de chocolat,Tous les jours,"Snacks, Snacks sucrés, Biscuits et gâteaux, Biscuits, Biscuits au chocolat, Cookies, Cookies au chocolat, Cookies au chocolat et à la nougatine",2050.0,12.0,27.0,1.6,6.1,2.0,2.175,28,E,41.0,D,https://world.openfoodfacts.org/product/3700311810332/cookies-aux-pepites-de-chocolat-tous-les-jours
Le cookie diététique aux pépites de chocolat,"Ceprodi, Kot","Snacks, Snacks sucrés, Biscuits et gâteaux, Biscuits, Biscuits au chocolat, Cookies, Cookies au chocolat",1940.0,14.0,15.5,1.524,9.7,17.1,0.0,19,E,41.0,D,https://world.openfoodfacts.org/product/3700413400318/le-cookie-dietetique-aux-pepites-de-chocolat-ceprodi
"Cookies Cranberry, Mandel & Sesam","SOMMER GmbH, Sommer","Imbiss, Süßer Snack, Kekse und Kuchen, en:Biscuits and crackers, Kekse",1953.0,8.5,30.0,0.4,3.8,5.0,22.0,18,E,60.0,B,https://world.openfoodfacts.org/product/4056114005055/cookies-cranberry-mandel-sesam-sommer-gmbh
Fingers,Brake,"Snacks, Sweet snacks, Biscuits and cakes, Biscuits, Shortbread cookies, Shortbread",2226.0,19.0,16.0,0.7,5.6,2.1,0.0,21,E,64.0,B,https://world.openfoodfacts.org/product/5024333218142/fingers-brake
Carrefour Extra Cookies aux 3 Chocolats 8 Pièces,Carrefour,"Snacks, Snacks sucrés, Biscuits et gâteaux, Biscuits, Biscuits au chocolat, Cookies, Cookies au chocolat, Biscuits sucrés & biscuits apéritifs, EPICERIE",2102.0,15.0,37.0,0.55,6.2,0.5,0.0,28,E,62.0,B,https://world.openfoodfacts.org/product/5400101249639/carrefour-extra-cookies-aux-3-chocolats-8-pieces
Cookies trippelchoklad,ICA,"Snacks, Söta snacks, Kakor och tårtor, Kex, en:Chocolate biscuits",2150.0,14.0,38.0,0.6,5.5,2.6,0.0,27,E,34.0,D,https://world.openfoodfacts.org/product/7318690105602/cookies-trippelchoklad-ica
GRANY Brut Chocolat noir,Lu,"Snacks, Snacks sucrés, Biscuits et gâteaux, Biscuits, Biscuits au chocolat",2108.0,14.0,36.0,1.05,4.5,2.9,0.0,28,E,32.0,D,https://world.openfoodfacts.org/product/7622210074768/grany-brut-chocolat-noir-lu
Cookie Abricot Amandes,LU,"Snacks, Snacks sucrés, Biscuits et gâteaux, Biscuits",2049.0,7.7,25.0,1.01,6.7,3.3,27.5,22,E,55.0,C,https://world.openfoodfacts.org/product/7622210854032/cookie-abricot-amandes-lu
XL cookies nut,"Milka,Mondelez","Snacks,Sweet snacks,Biscuits and cakes,Biscuits and crackers,Biscuits,Drop cookies",2193.0,14.0,29.0,1.2,6.0,2.3,8.57692307692308,27,E,37.0,D,https://world.openfoodfacts.org/product/7622300813208/xl-cookies-nut-milka
Biscuits avec morceaux de chocolat sans gluten,"Migros,aha","Snacks, Snacks sucrés, Biscuits et gâteaux, Biscuits, Biscuits au chocolat, Cookies, Cookies au chocolat",2110.0,14.0,25.0,0.0,4.0,2.5,7.3125,21,E,52.0,C,https://world.openfoodfacts.org/product/7640110770030/chocolate-chip-cookies-migros
FRAC Vainilla,"Costa, FRAC","Snacks, Sweet snacks, Biscuits and cakes, Biscuits, Chocolate biscuits, Filled biscuits, Milk chocolate biscuits, Chocolate sandwich cookies, Sandwich biscuits",2095.0,11.2,33.2,0.6825,4.2,2.8,0.0,25,E,36.0,D,https://world.openfoodfacts.org/product/7802215512285/galleta-frac-vainilla-costa
Chocolate Sandwich Cookies,Oreo,"Snacks, Sweet snacks, Biscuits and cakes, Biscuits",2040.0,5.56,40.0,1.0,4.44,2.22,9.54545454545454,24,E,37.0,D,https://world.openfoodfacts.org/product/0019320001987/chocolate-sandwich-cookies-oreo
Barre moelleuse aux pépites de chocolat,Auchan,"Snacks, Snacks sucrés, Biscuits et gâteaux, Gâteaux, Gâteaux au chocolat, Quatre-quarts, Biscuits sucrés & biscuits apéritifs, Biscuits, Assortiments d'aliments, Assortiments de gâteaux secs et biscuits, en:Biscuits or Cookies (Perishable)",1839.0,4.0,25.0,1.1,6.0,1.6,20.0,19,E,32.0,D,https://world.openfoodfacts.org/product/3596710458776/barre-moelleuse-aux-pepites-de-chocolat-auchan
Häagen-Dazs cookies & cream,Häagen-Dazs,"Desserts, Surgelés, Desserts glacés, Glaces et sorbets, Glaces, Crèmes glacées en pot",1099.0,10.8,20.4,0.19,4.3,0.3,0.0,19,E,67.0,B,https://world.openfoodfacts.org/product/3415581534931/haagen-dazs-cookies-cream
Caramel Brownie Party,"Ben & Jerry's, Unilever","Produits laitiers, Desserts, Desserts lactés, Surgelés, Desserts glacés, Glaces et sorbets, Glaces, Crèmes glacées en pot, Glace en pot",1085.0,8.5,27.0,0.46,4.0,0.0,0.0,20,E,86.0,A,https://world.openfoodfacts.org/product/8711327318816/caramel-brownie-party-ben-jerry-s
Cookies Superfruit,Delhaize,"Snacks, Snacks sucrés, Biscuits et gâteaux, Biscuits, Biscuits au chocolat",2192.0,11.0,25.0,0.47,7.8,3.5,8.0,22,E,42.0,D,https://world.openfoodfacts.org/product/5400113572237/cookies-superfruit-delhaize
Cookie dough,Carrefour,"Desserts,Frozen foods,Frozen desserts,Ice creams and sorbets,Ice creams,Ice cream bars,Ice cream bars coated with chocolate",1443.0,14.0,30.0,0.23,3.2,1.1,0.0,22,E,71.0,B,https://world.openfoodfacts.org/product/3560071196967/cookie-dough-carrefour
Sandwich,Consum,Chocolate sandwich cookies,1973.0,7.7,29.0,0.53,6.2,3.6,0.0,19,E,27.0,E,https://world.openfoodfacts.org/product/8414807520524/sandwich-consum
Digestive chocolat noir,Ma vitie’s,"Snacks, Sweet snacks, Biscuits and cakes, Biscuits, Chocolate biscuits, Digestive cookies covered with chocolate",2077.0,12.9,27.6,0.83,6.0,4.2,0.0,24,E,37.0,D,https://world.openfoodfacts.org/product/5000396042092/digestive-chocolat-noir-ma-vitie-s
Shortcake,Nacional,en:Cookies,2031.0,9.4,25.0,0.69,7.1,2.2,0.0,23,E,45.0,C,https://world.openfoodfacts.org/product/5601066400923/shortcake-nacional
Cookies,Milka,"Botanas, Snacks dulces, Galletas y pasteles, Galletas",2067.0,8.0,35.0,0.5775,6.3,2.2,0.0,23,E,55.0,C,https://world.openfoodfacts.org/product/7622210782373/cookies-milka
Bio Snack Choco orange,,"Snacks,Sweet snacks,Biscuits and cakes,Biscuits,Shortbread cookies,Shortbread biscuit with fruits",2183.0,15.0,22.0,0.4,5.7,1.6,1.1984375,22,E,65.0,B,https://world.openfoodfacts.org/product/5410464100423/bio-snack-choco-orange
Le cookie chocolat au lait noisette,Franprix,"Snacks, Snacks sucrés, Biscuits et gâteaux, Biscuits, Biscuits au chocolat, Cookies, Cookies au chocolat, Cookies au chocolat et aux noisettes, Cookies au chocolat au lait",2158.0,16.0,28.0,0.0,7.0,2.0,9.0,22,E,47.0,C,https://world.openfoodfacts.org/product/3350033646674/le-cookie-chocolat-au-lait-noisette-franprix
Mini Shortcake,Nacional,en:Cookies,2031.0,9.4,25.0,0.69,7.1,2.2,0.0,23,E,45.0,C,https://world.openfoodfacts.org/product/5601066400909/mini-shortcake-nacional
Digestive Finas Chocolate de Leite,"Triunfo,Mondelēz",en:Cookies,2081.0,12.0,33.0,0.72,6.4,3.8,0.0,25,E,54.0,C,https://world.openfoodfacts.org/product/7622210608710/digestive-finas-chocolate-de-leite-triunfo
Mini cookies praliné/pépites de chocolat pur beurre,U,"Snacks, Snacks sucrés, Biscuits et gâteaux, Biscuits, Biscuits au chocolat, Cookies",2148.0,16.0,28.0,1.1,7.9,3.0,0.0,26,E,41.0,D,https://world.openfoodfacts.org/product/3256227995354/mini-cookies-praline-pepites-de-chocolat-pur-beurre-u
Cookies sablés cœur noisettes chocolat,Bonne Maman,"Snacks, Snacks sucrés, Cacao et dérivés, Confiseries, Barres, Biscuits et gâteaux, Confiseries chocolatées, Biscuits, Biscuits au chocolat, Barres chocolatées, Barres chocolatées biscuitées aux noisettes",2251.0,16.0,28.0,0.59,6.8,2.4,7.5,24,E,40.0,D,https://world.openfoodfacts.org/product/3178530419429/cookies-sables-coeur-noisettes-chocolat-bonne-maman
Sprite Geback,"Kaufland, Verschiedene","Snacks, Sweet snacks, Biscuits and cakes, Biscuits and crackers, Biscuits, Sprits biscuits, Cookies with butter",2228.0,21.0,23.0,0.17,5.5,1.8,0.0,20,E,50.0,C,https://world.openfoodfacts.org/product/4337185467158/sprite-geback-kaufland
Chocolate chip cookies,Betty & Albert,Koekjes,2206.0,19.0,30.5,0.36,6.6,0.0,0.0,25,E,50.0,C,https://world.openfoodfacts.org/product/5430000754330/chocolate-chip-cookies-betty-albert
Walker’s Classic Shortbread Collection,Walker’s,"Snacks, Sweet snacks, Biscuits and cakes, Biscuits, Shortbread cookies, Shortbread",2211.0,18.7,16.5,0.68,5.6,2.0,0.0,21,E,50.0,C,https://world.openfoodfacts.org/product/01784640/walker-s-classic-shortbread-collection
Butter Biscuits Bretons,Reglero,"Snacks, Sweet snacks, Biscuits and cakes, Biscuits, Shortbread cookies",2011.0,13.0,30.0,1.4,6.0,0.0,0.0,30,E,64.0,B,https://world.openfoodfacts.org/product/8412674106803/butter-biscuits-bretons-reglero
Cookies and Cream Oreo,"Nabisco,Oreo","Botanas, Snacks dulces, Galletas y pasteles, Galletas, Galletas de chocolate, Galletas rellenas, Galletas de cacao rellenas de crema",1980.0,8.33,38.9,1.18,2.78,2.78,0.0,26,E,38.0,D,https://world.openfoodfacts.org/product/7702133006661/cookies-and-cream-oreo-nabisco
Chocolate Chip Cookie Ice Cream Sandwiches,Gianni's,"Desserts, Frozen foods, Frozen desserts, Ice creams and sorbets, Ice creams, Ice cream sandwiches",1600.0,10.3,27.4,0.335,5.08,2.15,0.0,21,E,72.0,B,https://world.openfoodfacts.org/product/4088600106083/chocolate-chip-cookie-ice-cream-sandwiches-gianni-s
Free From Cookie & Cream Biscuits,Tesco,"Snacks, Sweet snacks, Biscuits and cakes, Biscuits, Filled biscuits, Chocolate sandwich cookies",2096.0,10.4,37.1,0.5,7.2,3.1,0.184461805555557,26,E,32.0,D,https://world.openfoodfacts.org/product/5057753395575/free-from-cookie-cream-biscuits-tesco
Freia CookieGlede Oreo Créme,Mondelez norge as,"Snacks,Sweet snacks,Biscuits and cakes,Biscuits and crackers,Biscuits,Chocolate biscuits,Filled biscuits,Filled drop cookies",2148.0,9.8,38.0,0.58,4.1,2.0,0.0,26,E,42.0,D,https://world.openfoodfacts.org/product/7622201152192/cookieglede-oreokrem-182g-freia-mondelez-norge-as
Inspirations,Gü,"Snacks, Sweet snacks, Biscuits and cakes, Cakes, Cheesecakes",1685.0,15.0,25.0,0.37,3.7,0.5,0.01171875,23,E,43.0,D,https://world.openfoodfacts.org/product/5060425288150/inspirations-gu
Le brookie pocket choco noisettes,Brossard,"Snacks, Snacks sucrés, Biscuits et gâteaux, Gâteaux, Gâteaux au chocolat, Brookies",1954.0,8.7,28.0,0.45,6.3,4.7,16.6,19,E,32.0,D,https://world.openfoodfacts.org/product/3660140957557/le-brookie-pocket-choco-noisettes-brossard
Bâtonnets chocolat noir,"Auchan, Auchan Bio","Snacks, Snacks sucrés, Biscuits et gâteaux, Biscuits, Biscuits au chocolat, Biscuits bâtonnets au chocolat, Biscuits sucrés & biscuits apéritifs, Assortiments d'aliments, Assortiments de gâteaux secs et biscuits, en:Biscuits or Cookies (Perishable)",2195.0,15.0,30.0,0.3,6.7,5.5,0.0,20,E,57.0,C,https://world.openfoodfacts.org/product/3596710489442/batonnets-chocolat-noir-auchan
Galletas Cookies Con Almendra,Carrefour,"Snacks, Sweet snacks, Biscuits and cakes, Biscuits, Drop cookies, es:Galletas de desayuno, en:chocolate-biscuits",2216.0,12.0,32.0,1.0,7.2,4.3,13.3,25,E,27.0,E,https://world.openfoodfacts.org/product/8431876298079/galletas-cookies-con-almendra-carrefour
Ballerina Mörk Choko,Göteborgs kex,"Snacks, Söta snacks, Kakor och tårtor, Kex, en:Shortbread cookies, en:Shortbread cookie with cocoa",2050.0,15.1,32.2,0.616,5.48,3.42,0.0,25,E,52.0,C,https://world.openfoodfacts.org/product/7310520009470/ballerina-mork-choko-goteborgs-kex
Bolachas com Aveia,Amanhecer,en:Cookies,1913.0,7.6,22.1,1.4,7.4,5.0,0.0,20,E,45.0,C,https://world.openfoodfacts.org/product/5601227013818/bolachas-com-aveia-amanhecer
Gooey chocolatr chip cookie mix,Betty Crocker,"Snacks, Sweet snacks, Biscuits and cakes, Biscuits, Chocolate biscuits, Drop cookies, Chocolate chip cookies",1757.0,5.9,46.4,1.1,4.5,1.8,0.0,26,E,52.0,C,https://world.openfoodfacts.org/product/5010084905042/gooey-chocolatr-chip-cookie-mix-betty-crocker
Shortcake cacau,Amanhecer,en:Cookies,1934.0,8.2,24.9,0.5,8.8,2.5,0.0,20,E,55.0,C,https://world.openfoodfacts.org/product/5601227028720/shortcake-cacau-amanhecer
Corn cakes,,"Snacks, Sweet snacks, Biscuits and cakes, Biscuits, Biscuit (cookie) snack w chocolate filling",2003.0,13.2,27.8,0.11,6.2,6.0,9.0,18,E,44.0,D,https://world.openfoodfacts.org/product/5391525160412/corn-cakes
MULTISEED WHOLEMEAL FARMHOUSE LOAF,Sainsbury's taste the difference,"Plant-based foods and beverages,Plant-based foods,Cereals and potatoes,Breads,Sliced breads,Multigrain sliced breads,Wholemeal breads",1136.0,1.1,4.2,0.84,12.8,7.4,0.405000000000001,-2,A,75.0,A,https://world.openfoodfacts.org/product/01318180/multiseed-wholemeal-farmhouse-loaf-sainsbury-s-taste-the-difference
Pain de mie grandes tranches Toastiligne complet,la boulangère,"Pains de mie complet, en:Packaged breads",953.0,0.9,2.8,0.98,10.0,6.2,0.0,-3,A,74.0,B,https://world.openfoodfacts.org/product/3760049790252/pain-de-mie-grandes-tranches-toastiligne-complet-la-boulangere
The Original Crunchy Rye Breads,Ryvita,"snacks, salty-snacks, appetizers, da:crackers, en:crispbreads",1480.0,0.19,2.86,0.762,10.5,13.3,0.0,-4,A,72.0,B,https://world.openfoodfacts.org/product/5010265002836/the-original-crunchy-rye-breads-ryvita
4 Greek Style Flatbreads,K Kitchen Deli,"Plant-based foods and beverages, Plant-based foods, Cereals and potatoes, Cereals and their products, Breads, Flatbreads, White breads, Wheat breads, Wheat flatbreads, en:special-breads",1076.0,1.0,2.9,0.89,11.3,6.7,11.6071428571429,-3,A,78.0,A,https://world.openfoodfacts.org/product/5012121004336/4-greek-style-flatbreads-k-kitchen-deli
Wholemeal Pittas,TESCO,"Plant-based foods and beverages,Plant-based foods,Cereals and potatoes,Breads,Flatbreads,Special breads,Pitas",1016.0,0.2,2.8,0.59,10.3,9.7,0.0,-6,A,89.0,A,https://world.openfoodfacts.org/product/5000119095282/wholemeal-pittas-tesco
6 Wholemeal Pittas,Village Bakery,"Plant-based foods and beverages, Plant-based foods, Cereals and potatoes, Breads, Special breads, Flatbreads, Pitas",998.0,0.3,1.7,0.85,10.0,8.1,0.0,-5,A,75.0,A,https://world.openfoodfacts.org/product/4088600276267/6-wholemeal-pittas-village-bakery
Thin-Sliced Organic Bread 21 Whole Grains and Seeds,Dave's Killer Bread,"Plant-based foods and beverages,Plant-based foods,Cereals and potatoes,Cereals and their products,Breads,Sliced breads",896.0,0.0,10.7,0.938,10.7,10.7,0.111579241071433,-2,A,72.0,B,https://world.openfoodfacts.org/product/0013764027138/thin-sliced-organic-bread-21-whole-grains-and-seeds-dave-s-killer-bread
Wholemeal Bagels,New York Bakery Co.,"Plant-based foods and beverages,Plant-based foods,Cereals and potatoes,Breads,Special breads,Bagel breads",1055.0,0.3,6.4,0.78,10.7,6.2,0.0,-2,A,79.0,A,https://world.openfoodfacts.org/product/5018297002008/wholemeal-bagels-new-york-bakery-co
TORTILLA WRAPS WHOLEMEAL,VILLAGE BAKERY,"Plant-based foods and beverages, Plant-based foods, Cereals and potatoes, Breads, Flatbreads, White breads, Wheat breads, Wheat flatbreads",1169.0,0.714285714285715,1.07142857142857,0.0,7.32142857142857,7.85714285714286,0.0,-7,A,68.0,B,https://world.openfoodfacts.org/product/4088600111209/tortilla-wraps-wholemeal-village-bakery
Wholemeal Thick,Hovis,Wholemeal sliced breads,926.0,0.426,4.04,0.894,10.0,6.81,0.0,-3,A,79.0,A,https://world.openfoodfacts.org/product/5010003000353/wholemeal-thick-hovis
granary wholemeal bread,Hovis,"Plant-based foods and beverages,Plant-based foods,Cereals and potatoes,Breads,Sliced breads",997.0,0.4,2.4,0.98,10.6,6.8,0.009033203125,-4,A,67.0,B,https://world.openfoodfacts.org/product/5010003000292/granary-wholemeal-bread-hovis
Fruit Crunch Crisp,Ryvita,"Plant-based foods and beverages,Plant-based foods,Cereals and potatoes,Breads,Rye breads",1562.0,0.7,19.4,0.03,9.8,11.2,6.0,-2,A,77.0,A,https://world.openfoodfacts.org/product/5050974000556/fruit-crunch-crisp-ryvita
Dark Rye & Sunflower Bread,Tesco,Sliced breads,1200.0,1.3,2.4,0.6,10.8,4.3,0.0,-2,A,70.0,B,https://world.openfoodfacts.org/product/5057545928806/dark-rye-sunflower-bread-tesco
Biscottes au blé complet x36 tranches de 300g,U,"Plant-based foods and beverages,Plant-based foods,Cereals and potatoes,Breads,Rusks,Toasts,Wholemeal rusks",1628.0,0.6,3.5,1.1,13.0,10.0,0.0,-2,A,80.0,A,https://world.openfoodfacts.org/product/3256225722075/biscottes-au-ble-complet-x36-tranches-de-300g-u
biscottes braisées,Carrefour,"Plant-based foods and beverages, Plant-based foods, Cereals and potatoes, Breads, Rusks, Toasts, en:wholemeal-rusks",1560.0,0.7,3.8,0.92,14.0,14.0,0.0,-3,A,80.0,A,https://world.openfoodfacts.org/product/3560070401826/braised-rusks-wholemeal-wheat-carrefour
Pan tostado 100% integral bajo en sal y en azúcares,"Hacendado,Anitin","Alimentos e bebidas à base de plantas,Alimentos à base de plantas,Cereais e batatas,Pães,en:Rusks,en:Wholemeal breads",1636.0,0.6,2.9,0.2,17.7,10.9,0.0,-10,A,81.0,A,https://world.openfoodfacts.org/product/8480000837899/pan-tostado-100-integral-bajo-en-sal-y-en-azucares-hacendado
Wholegrain Crackerbread,Ryvita,"Plant-based foods and beverages, Plant-based foods, Snacks, Cereals and potatoes, Extruded crispbreads, en:breads",1606.0,0.6,4.1,0.58,12.5,8.5,1.17,-5,A,75.0,A,https://world.openfoodfacts.org/product/5050974000655/wholegrain-crackerbread-ryvita
Biscotte blé complet,Brioche Pasquier,"Plant-based foods and beverages,Plant-based foods,Cereals and potatoes,Breads,Rusks,Wholemeal rusks",1617.0,0.9,4.1,1.1,14.0,11.0,0.0,-2,A,81.0,A,https://world.openfoodfacts.org/product/3182189999829/biscotte-ble-complet-brioche-pasquier
Petits Pains Grillés Au blé complet,"Marque Repère, Epi d'Or","Plant-based foods and beverages,Plant-based foods,Cereals and potatoes,Breads,Toasts,Toasted bread rolls,fr:Petits pains grillés au blé complet",1712.0,0.6,2.8,0.4,12.0,6.3,10.2857142857143,-3,A,86.0,A,https://world.openfoodfacts.org/product/3564700121511/petits-pains-grilles-au-ble-complet-marque-repere
Spécial mie Complet,Classic,"plant-based-foods-and-beverages, plant-based-foods, cereals-and-potatoes, breads, sliced-breads, wholemeal-breads, wholemeal-sliced-breads, aliments-d'origine-végétale, aliments-et-boissons-à-base-de-végétaux, céréales-et-pommes-de-terre, fr:pains, fr:pains-complets, fr:pains-de-mie, fr:pains-de-mie-complet, pains-de-mie-sans-croûte, en:sliced-breads-without-crust",926.0,0.3,3.3,1.0,8.4,7.1,11.175,-3,A,84.0,A,https://world.openfoodfacts.org/product/3560070449675/special-mie-speciaal-kruim-classic
Soft Golden Wholemeal Farmhouse,Marks and Spencer,"Plant-based foods and beverages, Plant-based foods, Cereals and potatoes, Breads, Sliced breads, Wholemeal breads, Wholemeal sliced breads",936.0,0.4,2.2,1.03,10.0,7.5,0.0550735294117644,-4,A,60.0,B,https://world.openfoodfacts.org/product/00246255/soft-golden-wholemeal-farmhouse-marks-and-spencer
Original Rye Crispbread,Aldi Savoury Bakes,"Plant-based foods and beverages,Plant-based foods,Cereals and potatoes,Breads,Crispbreads,Rye breads",1520.0,0.3,2.3,0.55,10.2,14.6,0.0,-5,A,82.0,A,https://world.openfoodfacts.org/product/4088600107646/original-rye-crispbread-aldi-savoury-bakes
Very Strong Wholemeal Bread Flour,Allinson’s,"Plant-based foods and beverages, Plant-based foods, Cereals and potatoes, Cereals and their products, Flours, Cereal flours, Wheat flours, Bread flours, Whole wheat flours",1405.0,0.5,1.1,0.03,13.0,11.0,0.0,-8,A,77.0,A,https://world.openfoodfacts.org/product/5010067372533/very-strong-wholemeal-bread-flour-allinson-s
Paine grau intreg,Velpitar,"Plant-based foods and beverages, Plant-based foods, Cereals and potatoes, Breads, White breads, Wheat breads, Wholemeal breads, en:sliced-breads",934.0,0.3,2.2,1.3,10.8,8.7,0.0,-3,A,80.0,A,https://world.openfoodfacts.org/product/5941143015740/paine-grau-intreg-velpitar
"Kelderman Rye Bread, German Style",kelderman German style rye bread,"Plant-based foods and beverages, Plant-based foods, Cereals and potatoes, Breads, Rye breads",805.0,0.1,3.2,1.0,6.1,8.2,0.0,-3,A,77.0,A,https://world.openfoodfacts.org/product/8710482070621/kelderman-rye-bread-german-style-kelderman-german-style-rye-bread
Wholemeal seeded farmhouse,Marks and Spencer,"Plant-based foods and beverages, Plant-based foods, Cereals and potatoes, Breads, Sliced breads, Wholemeal breads, Wholemeal sliced breads",1104.0,0.9,2.5,0.85,11.4,8.4,0.110590277777781,-4,A,85.0,A,https://world.openfoodfacts.org/product/00496223/wholemeal-seeded-farmhouse-marks-and-spencer
Wholemeal Medium Sliced,Village Bakery,"Plant-based foods and beverages, Plant-based foods, Cereals and potatoes, Breads, Sliced breads",962.0,0.5,2.5,0.875,10.8,8.0,0.4375,-5,A,75.0,A,https://world.openfoodfacts.org/product/4088600251615/wholemeal-medium-sliced-village-bakery
Beau & bon seigle,Harry's,"Plant-based foods and beverages, Plant-based foods, Cereals and potatoes, Breads, Sliced breads, en:rye-breads, Surgelés, Céréales et dérivés, Pains surgelés",1229.0,0.7,5.0,0.98,10.0,6.5,2.5599609375,-2,A,73.0,B,https://world.openfoodfacts.org/product/3228857001811/beau-bon-seigle-harry-s
Medium Wholemeal Super Soft Loaf,Marks & Spencer,"Plant-based foods and beverages, Plant-based foods, Cereals and potatoes, Breads, Sliced breads, Wholemeal breads, Wholemeal sliced breads",988.0,0.6,3.9,0.98,11.0,6.2,0.0,-2,A,75.0,A,https://world.openfoodfacts.org/product/00515221/medium-wholemeal-super-soft-loaf-marks-spencer
Asda extra special Wholemeal & bread,Asda,"Plant-based foods and beverages, Plant-based foods, Cereals and potatoes, Breads, Sliced breads, Wholemeal breads, Wholemeal sliced breads",1069.0,0.8,2.5,0.59,11.0,7.8,0.1475,-6,A,60.0,B,https://world.openfoodfacts.org/product/5054781498070/asda-extra-special-wholemeal-bread
Extra Special Wholemeal Multigrain Sliced Loaf,Asda,"Plant-based foods and beverages,Plant-based foods,Cereals and potatoes,Breads,Sliced breads,Wholemeal breads,Bread-loaf,Wholemeal sliced breads,Multigrain sliced breads",1070.0,0.8,2.6,0.61,12.0,7.8,0.0703125,-5,A,65.0,B,https://world.openfoodfacts.org/product/5057172110827/extra-special-wholemeal-multigrain-sliced-loaf-asda
Multigrain Loaf,Promise Gluten Free,"Plant-based foods and beverages, Plant-based foods, Cereals and potatoes, Breads, Sliced breads, Multigrain sliced breads",992.0,0.7,0.8,0.95,6.0,12.9,0.0,-3,A,76.0,A,https://world.openfoodfacts.org/product/5391526414385/multigrain-loaf-promise-gluten-free
Stong White Bread Flour,Aldi,"Plant-based foods and beverages, Plant-based foods, Cereals and potatoes, Cereals and their products, Flours, Cereal flours, Wheat flours",1532.0,0.2,1.4,0.01,11.5,3.1,0.0,-3,A,77.0,A,https://world.openfoodfacts.org/product/4088600242033/stong-white-bread-flour-aldi
Petits Pains Grillés complet sans sucres ajoutés*,Auchan,"Aliments et boissons à base de végétaux,Aliments d'origine végétale,Céréales et pommes de terre,Pains,Pains grillés,Petits pains grillés, en:Dried breads",1641.0,0.5,2.8,1.3,13.0,7.6,10.9375,-2,A,72.0,B,https://world.openfoodfacts.org/product/3596710509980/petits-pains-grilles-complet-sans-sucres-ajoutes-auchan
Muffin à la Farine Complète & 7 Graines,Regent's Park,"Plant-based foods and beverages,Plant-based foods,Cereals and potatoes,Breads,Special breads,English muffins, Pains à garnir",1256.0,0.98,3.1,0.84,14.8,5.0,2.6,-3,A,70.0,B,https://world.openfoodfacts.org/product/3513851559636/muffin-a-la-farine-complete-7-graines-regent-s-park
Bread Flour Country Grain,,"Plant-based foods and beverages, Plant-based foods, Cereals and potatoes, Cereals and their products, Flours, Cereal flours, Wheat flours, Bread flours, Wheat bread flour",1403.0,0.3,1.9,0.0,12.0,11.0,0.0,-7,A,77.0,A,https://world.openfoodfacts.org/product/5015821121464/bread-flour-country-grain
Bread,Kingsmill,"Plant-based foods and beverages, Plant-based foods, Cereals and potatoes, Breads, Sliced breads",996.0,0.6,3.8,0.935,8.0,27.0,0.0906808035714306,-3,A,69.0,B,https://world.openfoodfacts.org/product/5010092093045/bread-kingsmill
Waitrose seeded tortilla wraps,Waitrose,"Plant-based foods and beverages, Plant-based foods, Cereals and potatoes, Breads, Bakery products, Flatbreads, White breads, Wheat breads, Wheat flatbreads",1192.0,2.2,2.4,0.59,9.3,7.0,0.0,-2,A,73.0,B,https://world.openfoodfacts.org/product/5000169217887/waitrose-seeded-tortilla-wraps
Wholemeal Mediun Sliced,Asda,"Plant-based foods and beverages, Plant-based foods, Cereals and potatoes, Breads, Sliced breads",986.0,0.6,3.0,0.88,12.0,6.6,0.22,-4,A,60.0,B,https://world.openfoodfacts.org/product/5054781496717/wholemeal-mediun-sliced-asda
wholemeal Seeded Slices Bread,Hi-Lo,"Plant-based foods and beverages, Plant-based foods, Cereals and potatoes, Breads, Sliced breads, Wholemeal breads, Wholemeal sliced breads",1089.0,1.3,3.4,0.93,24.7,10.2,0.0,-6,A,70.0,B,https://world.openfoodfacts.org/product/5024285012997/wholemeal-seeded-slices-bread-hi-lo
mornflake,mornflake,"Plant-based foods and beverages, Plant-based foods, Breakfasts, Cereals and potatoes, Cereals and their products, Breakfast cereals, Bran, Breads, Flakes, Cereal brans, Cereal flakes, Oat brans, Wholemeal breads, Porridge oats",615.0,1.25,1.0,0.01,11.5,9.1,0.0,-9,A,76.0,A,https://world.openfoodfacts.org/product/5010026518262/mornflake
Wholemeal Farmhouse Loaf,M&S Bakery,"Breads,Sliced breads,Wholemeal breads",966.0,0.9,3.7,0.78,11.4,7.9,0.00574448529411598,-5,A,65.0,B,https://world.openfoodfacts.org/product/00982184/wholemeal-farmhouse-loaf-m-s-bakery
pain de mie tranché aux graines de lin et tournesol et à la farine de seigle,La Boulangère,"Plant-based foods and beverages, Plant-based foods, Cereals and potatoes, Breads, Sliced breads, en:multigrain-sliced-breads",1246.0,1.0,4.2,0.98,12.0,7.2,0.49,-2,A,80.0,A,https://world.openfoodfacts.org/product/8794049798609/pain-de-mie-tranche-aux-graines-de-lin-et-tournesol-et-a-la-farine-de-seigle-la-boulangere
Sammy's Whole Grain Super Sandwich,"Harry, EDEKA Harry","Plant-based foods and beverages,Plant-based foods,Cereals and potatoes,Breads,Sliced breads,Wholemeal breads,Wholemeal sliced breads",1010.0,0.263,3.16,1.0,8.68,6.58,1.42045454545455,-2,A,70.0,B,https://world.openfoodfacts.org/product/4071800056784/sammy-s-whole-grain-super-sandwich-harry
Muffin Complet X4 245g IDS SSA,Itinéraire des saveurs,"Plant-based foods and beverages, Plant-based foods, Cereals and potatoes, Breads, Special breads, Whole-wheat English muffins, en:english-muffins, Muffins complets",1110.0,0.5,4.9,0.93,9.7,6.7,3.7,-2,A,85.0,A,https://world.openfoodfacts.org/product/3250393436451/muffins-complets-itineraire-des-saveurs
Pan De Molde Con Pipas,Oroweat,"Plant-based foods and beverages,Plant-based foods,Cereals and potatoes,Breads,Sliced breads,Wholemeal breads,Wholemeal sliced breads",1184.0,0.9,8.0,0.9,12.0,12.0,1.8,-2,A,72.0,B,https://world.openfoodfacts.org/product/8412600019818/pan-de-molde-con-pipas-oroweat
Malted Grain And Rye Folded Flatbread,Tesco,"Plant-based foods and beverages, Plant-based foods, Cereals and potatoes, Breads, Flatbreads, White breads, Wheat breads, Wheat flatbreads",1291.0,0.4,2.4,0.8,9.4,5.5,3.0,-2,A,78.0,A,https://world.openfoodfacts.org/product/5054775347803/malted-grain-and-rye-folded-flatbread-tesco
Livlife with Half the Carbs Seriously Seeded,"LOVELIFE,Sauages","Alimentos e bebidas à base de plantas,Alimentos à base de plantas,Cereais e Batatas,Pães,Pães de forma",1096.0,2.6,3.2,0.86,25.9,8.3,0.0,-5,A,70.0,B,https://world.openfoodfacts.org/product/5014272106341/livlife-with-half-the-carbs-seriously-seeded-lovelife
Bread Flour Strong White,Allison's,"Plant-based foods and beverages, Plant-based foods, Cereals and potatoes, Cereals and their products, Flours, Cereal flours, Wheat flours, Bread flours, Wheat bread flour",1477.0,0.3,0.5,0.03,12.0,3.3,0.0,-3,A,77.0,A,https://world.openfoodfacts.org/product/5015821127893/bread-flour-strong-white-allison-s
Biscottes au blé complet,Casino,"Plant-based foods and beverages, Plant-based foods, Cereals and potatoes, Breads, Rusks, Toasts, en:wholemeal-rusks",1645.0,0.7,4.3,1.1,13.0,10.0,0.0,-2,A,79.0,A,https://world.openfoodfacts.org/product/3222475629785/biscottes-au-ble-complet-casino
8 Wholemeal Tortilla Wraps,Sainsbury’s Daily’s,"Plant-based foods and beverages,Plant-based foods,Cereals and potatoes,Breads,Flatbreads,White breads,Wheat breads,Wheat flatbreads,Wholemeal tortilla",1174.0,2.1,2.8,0.55,9.7,8.8,0.0,-4,A,63.0,B,https://world.openfoodfacts.org/product/00487627/8-wholemeal-tortilla-wraps-sainsbury-s-daily-s
Muffins complet,Auchan,"Plant-based foods and beverages, Plant-based foods, Snacks, Cereals and potatoes, Sweet snacks, Biscuits and cakes, Frozen foods, Breads, Cakes, Muffins, Frozen breads, en:english-muffins",1025.0,0.3,5.5,0.73,11.0,6.7,0.821794782366069,-3,A,67.0,B,https://world.openfoodfacts.org/product/3596710530533/muffins-complet-auchan
The Bakery at asda Multigrain Loaf,Asda,French bread multigrain from bakery,1033.0,0.5,3.5,0.74,9.9,6.5,0.0315624999999997,-3,A,61.0,B,https://world.openfoodfacts.org/product/5057172980789/the-bakery-at-asda-multigrain-loaf
Medium Sliced Wholemeal,Simply,"Plant-based foods and beverages,Plant-based foods,Cereals and potatoes,Breads,Sliced breads,Wholemeal sliced breads",947.0,0.4,2.3,0.88,11.9,6.9,0.0,-4,A,77.0,A,https://world.openfoodfacts.org/product/20057855/medium-sliced-wholemeal-simply
Centeno 52%,Oroweat,"Plant-based foods and beverages, Plant-based foods, Cereals and potatoes, Breads, Sliced breads, Multigrain sliced breads, Wholemeal breads, en:rye-breads",1130.0,0.822,4.38,0.808,13.2,11.0,0.0,-4,A,77.0,A,https://world.openfoodfacts.org/product/8412600019849/oroweat-centeno
Pão de Forma  Integral,Continente,"Plant-based foods and beverages, Plant-based foods, Cereals and potatoes, Breads, Sliced breads",885.0,0.6,2.7,1.1,9.5,7.4,0.0,-2,A,70.0,B,https://world.openfoodfacts.org/product/5601312182931/pao-de-forma-integral-continente
Thick wholemeal,Sainsbury's,"Plant-based foods and beverages, Plant-based foods, Cereals and potatoes, Breads, Sliced breads",986.0,0.6,3.0,0.88,11.9,6.6,2.95138888888889,-4,A,74.0,B,https://world.openfoodfacts.org/product/00315289/thick-wholemeal-sainsbury-s
wraps complet,delhaize,"Plant-based foods and beverages, Plant-based foods, Cereals and potatoes, Breads, Flatbreads, White breads, Wheat breads, en:wheat-flatbreads",1142.0,0.8,2.9,0.81,9.3,7.7,0.0,-3,A,73.0,B,https://world.openfoodfacts.org/product/5400119580977/wraps-complet-delhaize
Integral,Panrico,"Alimentos e bebidas à base de plantas,Alimentos à base de plantas,Cereais e Batatas,Pães,Pães de forma,en:Wholemeal breads,Pães de forma integral",1004.0,0.6,2.7,1.1,9.5,7.4,0.0,-2,A,74.0,B,https://world.openfoodfacts.org/product/5607233509321/integral-panrico
Tesco FreeFrom Seeded Sliced Bread,Tesco,Gluten-free breads,1207.0,0.9,1.0,1.0,6.2,10.3,0.9375,-2,A,82.0,A,https://world.openfoodfacts.org/product/5052910640123/tesco-freefrom-seeded-sliced-bread
Microc Fette al frumento croccanti alla segale,M Classic,"Plant-based foods and beverages, Plant-based foods, Snacks, Cereals and potatoes, Breads, Extruded crispbreads, en:crispbreads",1512.0,0.3,6.0,1.0,11.0,12.0,0.113839285714285,-2,A,61.0,B,https://world.openfoodfacts.org/product/7613269293446/microc-luftige-roggen-knusperscheiben-m-classic
Hogaza de pan 100% integral,Carrefour,"Plant-based foods and beverages, Plant-based foods, Cereals and potatoes, Breads, Sliced breads, es:Hogaza de pan, en:wholemeal-sliced-breads",967.0,0.4,2.0,0.85,11.0,7.0,0.0,-4,A,70.0,B,https://world.openfoodfacts.org/product/8431876279382/hogaza-de-pan-100-integral-carrefour
Seeded Medium Sliced White,Village Bakery,"Plant-based foods and beverages, Plant-based foods, Cereals and potatoes, Breads, Sliced breads",35.2,0.909,2.73,0.833,10.9,6.97,1.0665,-6,A,77.0,A,https://world.openfoodfacts.org/product/4088600165684/seeded-medium-sliced-white-village-bakery
tortitas consum integral,consum,"Plant-based foods and beverages,Plant-based foods,Cereals and potatoes,Breads,Flatbreads,White breads,Wheat breads,Wheat flatbreads",1226.0,1.4,1.9,0.88,9.7,9.8,0.0,-3,A,73.0,B,https://world.openfoodfacts.org/product/8414807553843/tortitas-consum-integral
Kärnsund surdegsbröd,Pågen,"Växtbaserad mat och dryck,Växtbaserad mat,Spannmål och potatis,Spannmål och deras produkter,Bröd,Skivade bröd,en:Wholemeal breads,Skivade fullkornsbröd",1158.0,0.4,3.4,1.0,13.0,5.6,1.0,-3,A,85.0,A,https://world.openfoodfacts.org/product/7311070008609/karnsund-surdegsbrod-pagen
Malthouse Bread Flour,Doves Farm,"Plant-based foods and beverages, Plant-based foods, Cereals and potatoes, Cereals and their products, Flours, Cereal flours, Wheat flours, Malt flours, Barley flours, Barley malt flours, Malted flour",1466.0,0.3,1.4,0.03,12.0,7.4,0.0,-6,A,80.0,A,https://world.openfoodfacts.org/product/5011766010061/malthouse-bread-flour-doves-farm
Préparation pain aux céréales,"Marque Repère, Tablier Blanc","Aliments et boissons à base de végétaux, Aliments d'origine végétale, Céréales et pommes de terre, Pains, Pains de mie, Pains multicéréales, Préparations pour pain",1684.0,1.0,10.0,0.0,10.0,9.5,0.0,-4,A,70.0,B,https://world.openfoodfacts.org/product/3564700683798/preparation-pain-aux-cereales-marque-repere
Granfetta integrale,Delverde Industrie Alimentari S.P.A.,"Plant-based foods and beverages, Plant-based foods, Cereals and potatoes, Breads, Rusks",1659.0,0.6,6.0,1.0,12.3,7.2,0.0,-2,A,80.0,A,https://world.openfoodfacts.org/product/8000270019599/granfetta-integrale-delverde-industrie-alimentari-s-p-a
Thins,Silueta,"Alimentos y bebidas de origen vegetal, Alimentos de origen vegetal, Cereales y patatas, Panes, Panes de molde, Panes integrales",1063.0,0.7,7.0,0.88,16.0,14.0,0.0,-4,A,75.0,A,https://world.openfoodfacts.org/product/8412600024324/thins-silueta
12 Seleção / Pão de Forma com Cereais e Sementes,Oroweat,"Alimentos e bebidas à base de plantas, Alimentos à base de plantas, Cereais e Batatas, en:Specific products, en:Products for specific diets, Pães, Produtos sem glútem, Pães sem glúten, Pães de forma, Pães especiais, en:Gluten-free sliced breads, Pães de forma multicereais, en:Wholemeal breads",1163.0,0.8,3.2,0.98,11.0,6.0,0.0,-2,A,71.0,B,https://world.openfoodfacts.org/product/8412600024485/pan-12-cereales-y-semillas-oroweat
pâine integrala cu secară,Kaufland,"Plant-based foods,Cereals and potatoes,Breads,Sliced breads",752.0,0.1,1.6,1.0,4.6,9.4,0.0,-2,A,70.0,B,https://world.openfoodfacts.org/product/4337185478505/paine-integrala-cu-secar%C4%83-kaufland
Bimbo Natural,Bimbo,"Plant-based foods and beverages,Plant-based foods,Cereals and potatoes,Breads,Sliced breads",1058.0,0.6,1.0,0.328,10.2,2.4,0.0,-2,A,75.0,A,https://world.openfoodfacts.org/product/7500810010754/bimbo-natural
Luftige Weizen-Knusperscheibe,"Microc, Migros","Aliments et boissons à base de végétaux, Aliments d'origine végétale, Snacks, Céréales et pommes de terre, Pains, Tartines craquantes extrudées",1565.0,0.3,5.0,1.0,13.0,10.0,0.5,-3,A,61.0,B,https://world.openfoodfacts.org/product/7613312089040/luftige-weizen-knusperscheibe-microc
Tortilla De Trigo Integral,"Carrefour, Carrefour sensation","Plant-based foods and beverages,Plant-based foods,Cereals and potatoes,Breads,Flatbreads,White breads,Wheat breads,Wheat flatbreads,es:Tortillas,es:Tortillas de trigo",1226.0,1.4,1.9,0.88,9.7,9.8,0.0,-3,A,73.0,B,https://world.openfoodfacts.org/product/8431876300000/tortilla-de-trigo-integral-carrefour
Wholemeal Bread Flour,Asda,"Plant-based foods and beverages,Plant-based foods,Cereals and potatoes,Cereals and their products,Cereal flours,Wheat flours",1463.0,0.5,0.5,0.03,16.0,11.0,0.0,-9,A,77.0,A,https://world.openfoodfacts.org/product/5050854976896/wholemeal-bread-flour-asda
Pão de Forma Sporty com Farinha de Trigo Integral Sementes de Girassol e Linhaça,"Go Active,Pingo Doce","Alimentos e bebidas à base de plantas,Alimentos à base de plantas,Cereais e Batatas,Pães,Pães de forma,en:Wholemeal breads,Pães de forma integral",1002.0,2.1,0.7,0.82,15.0,13.0,0.0,-5,A,70.0,B,https://world.openfoodfacts.org/product/5607047008553/pao-de-forma-sporty-com-farinha-de-trigo-integral-sementes-de-girassol-e-linhaca-go-active
Pan de Fibra y Sésamo,Hacendado,"Alimentos y bebidas de origen vegetal, Alimentos de origen vegetal, Cereales y patatas, Panes, Pan tostado, en:Crispbreads",1645.0,1.1,3.0,1.13,13.0,24.7,0.0535714285714306,-2,A,80.0,A,https://world.openfoodfacts.org/product/4710043020878/pan-de-fibra-y-sesamo-hacendado
Les craquelins bio,Les Craquelins De Saint Malo,"Plant-based foods and beverages, Plant-based foods, Cereals and potatoes, Breads, Rusks, en:appetizers",1621.0,1.0,2.0,0.27,17.0,4.2,0.347222222222221,-5,A,76.0,A,https://world.openfoodfacts.org/product/3300088009184/les-craquelins-bio-les-craquelins-de-saint-malo
Eiweißbrot mit Karotten,Mestemacher,"Plant-based foods and beverages, Plant-based foods, Cereals and potatoes, Breads, de:Eiweissbrot, Protein breads, en:sliced-breads",973.0,1.2,4.2,1.2,21.9,8.8,0.0,-5,A,77.0,A,https://world.openfoodfacts.org/product/4000446011420/carrot-protein-bread-mestemacher
Kernegrov,Schulstäd levebrød,"Plantebaserede fødevarer og drikkevarer, Plantebaserede fødevarer, Korn og kartofler, Brød, en:Rye breads",343.0,0.2,2.0,1.2,5.2,9.1,0.412500000000001,-3,A,87.0,A,https://world.openfoodfacts.org/product/5701205002015/kernegrov-rugbr%C3%B8d-schulstad-levebr%C3%B8d
original mixed grain sandwich,Vogel's,"Plant-based foods and beverages,Plant-based foods,Cereals and potatoes,Breads,Sliced breads,Multigrain sliced breads",845.0,0.282,2.68,0.948,9.72,4.51,0.0,-2,A,76.0,A,https://world.openfoodfacts.org/product/9414987008033/original-mixed-grain-sandwich-vogel-s
Chunky breaded haddock fish fingers,Waitrose,"Seafood, Fishes and their products, Fish preparations, Breaded products, Breaded fish, Fish fingers, en:breads",895.0,0.7,1.1,0.59,13.7,1.7,11.71875,-2,A,16.0,E,https://world.openfoodfacts.org/product/5000169655306/chunky-breaded-haddock-fish-fingers-waitrose
Medium Wholemeal Bread,Stamford Street Co.,"Plant-based foods and beverages, Plant-based foods, Cereals and potatoes, Breads, Sliced breads",975.0,0.4,3.4,0.85,9.6,7.0,0.425,-3,A,70.0,B,https://world.openfoodfacts.org/product/01641721/medium-wholemeal-bread-stamford-street-co
Traditional Wholemeal Bread,Helga's,"Plant-based foods and beverages, Plant-based foods, Cereals and potatoes, Breads, Sliced breads",980.0,1.0,2.3,0.35,8.1,5.4,0.175,-5,A,70.0,B,https://world.openfoodfacts.org/product/9310128002499/traditional-wholemeal-bread-helga-s
6 Wholemeal Rolls,Asda,"Plant-based foods and beverages,Plant-based foods,Cereals and potatoes,Breads,Wholemeal breads,Bread rolls,Hamburger buns",950.0,0.7,4.4,0.82,11.0,6.6,0.457421875000001,-3,A,58.0,C,https://world.openfoodfacts.org/product/5057172878864/6-wholemeal-rolls-asda
proteine&fiber,morato,"Plant-based foods and beverages,Plant-based foods,Cereals and potatoes,Breads,Sliced breads,Multigrain sliced breads,it:Pane-affettato",105.0,0.7,1.3,1.4,13.0,6.1,0.0,-4,A,71.0,B,https://world.openfoodfacts.org/product/8006837003537/proteine-fiber-morato
Haferbrot,"Grafschafter, Lidl","Pflanzliche Lebensmittel und Getränke, Pflanzliche Lebensmittel, Getreide und Kartoffeln, Brote, Geschnittenes Brot",1209.0,2.2,3.2,1.0,11.2,11.5,20.2666666666667,-2,A,70.0,B,https://world.openfoodfacts.org/product/4056489864127/haferbrot-grafschafter
Pitta Breads,Safa Food,"Pitas,Bread flours",1089.0,0.3,3.3,0.07,10.4,0.0,0.0,-1,A,75.0,A,https://world.openfoodfacts.org/product/5391513620164/pitta-breads-safa-food
Unser Kerniges - Roggenvolkornbrot,"Aldi, Aerzener, Goldähren","Pflanzliche Lebensmittel und Getränke, Pflanzliche Lebensmittel, Getreide und Kartoffeln, Brote, Roggenbrote, Vollkornbrote",894.0,0.6,3.6,0.99,6.2,9.0,0.0,-2,A,83.0,A,https://world.openfoodfacts.org/product/4061458054256/unser-kerniges-roggenvolkornbrot-aldi
Medium Sliced Wholemeal Bread,Everyday Essentials,"Plant-based foods and beverages, Plant-based foods, Cereals and potatoes, Breads, Sliced breads",906.0,0.556,3.06,0.847,10.0,6.39,0.4235,-4,A,85.0,A,https://world.openfoodfacts.org/product/4088600011837/medium-sliced-wholemeal-bread-everyday-essentials
Chleb żytni,Pano,Rye breads,829.0,0.2,3.0,1.1,5.6,9.3,0.0,-2,A,77.0,A,https://world.openfoodfacts.org/product/5900340009068/chleb-%C5%BCytni-pano
Toastbrot,Mike Mitchell’s,"Plant-based foods and beverages, Plant-based foods, Cereals and potatoes, Breads, en:toasts",381.0,0.26,3.16,0.98,8.68,6.58,0.0,-4,A,72.0,B,https://world.openfoodfacts.org/product/22629135/american-sandwich-vollkorn-mike-mitchell-s
Very Strong Bread Flour,Tesco Finest,"Plant-based foods and beverages, Plant-based foods, Cereals and potatoes, Cereals and their products, Flours, Cereal flours, Wheat flours",1460.0,0.2,2.5,0.01,13.6,2.9,0.0,-4,A,77.0,A,https://world.openfoodfacts.org/product/5059697733307/very-strong-bread-flour-tesco-finest
Pan de molde integral de trigo sin azucares añadidos,Carrefour Classic,"Plant-based foods and beverages, Plant-based foods, Cereals and potatoes, Breads, Sliced breads, Wholemeal breads, es:Pan de molde integral de trigo sin azucares añadidos, en:wholemeal-sliced-breads",1000.0,0.6,3.4,1.1811,11.0,7.3,0.0,-3,A,70.0,B,https://world.openfoodfacts.org/product/8431876355482/100-integral-de-trigo-carrefour-classic
Wholemeal bread,Brennans,"Aliments et boissons à base de végétaux, Aliments d'origine végétale, Céréales et pommes de terre, Pains, Pains de mie, Pains complets",948.0,0.62,2.0,1.1,9.8,8.0,0.0,-4,A,70.0,B,https://world.openfoodfacts.org/product/5011059001929/wholemeal-bread-brennans
Pão de forma com cereais (49%),Shape,"Alimentos e bebidas à base de plantas,Alimentos à base de plantas,Cereais e Batatas,Pães,en:Wholemeal breads,Pães de forma",1037.0,0.98,1.5,0.83,14.13,8.9,0.0,-6,A,75.0,A,https://world.openfoodfacts.org/product/5606186001203/pao-de-forma-com-cereais-49-shape
Be good bread,Brennans,"sliced bread,Bread flours,Breads",887.0,0.4,1.9,0.0007725,8.7,6.0,0.00038625,-6,A,67.0,B,https://world.openfoodfacts.org/product/5011059001752/be-good-bread-brennans
Vermicelles,"Carrefour BIO, Carrefour","Plant-based foods and beverages, Plant-based foods, Cereals and potatoes, Cereals and their products, Pastas, Cereal pastas, Dry pastas, Durum wheat pasta, es:Fideos de trigo duro, Dry durum wheat pasta, en:Bread coverings, Aides culinaires, Décorations alimentaires, Aides à la pâtisserie, Vermicelles",1474.0,0.1,3.3,0.03,12.0,3.5,5.0,-3,A,84.0,A,https://world.openfoodfacts.org/product/3560071252847/vermicelles-carrefour-bio
CRACKERBREAD WITH QUINOA,Abonett,"Plant-based foods and beverages, Plant-based foods, Cereals and potatoes, Specific products, Products for specific diets, Breads, Products without gluten, Gluten-free breads, Crackerbread",1445.0,0.0,1.6,0.88,16.0,11.0,0.0,-5,A,73.0,B,https://world.openfoodfacts.org/product/5997148703601/crackerbread-with-quinoa-abonett
Făină de grâu,Grania,"Plant-based foods and beverages, Plant-based foods, Cereals and potatoes, Cereals and their products, Flours, Cereal flours, Wheat flours, Common wheat flours, White common wheat flours, ro:Faina, ro:Faina-de-grâu-alba-superioara, en:breads",1461.0,0.17,1.84,0.005,10.6,1.2,0.0,-1,A,77.0,A,https://world.openfoodfacts.org/product/5941113004439/grania-faina
Rustic Multigrain Loaf,Gallaghers Bakehouse,Multigrain sliced breads,1163.0,0.9,3.6,0.68,11.8,6.2,1.68765258789062,-2,A,79.0,A,https://world.openfoodfacts.org/product/5391526416051/rustic-multigrain-loaf-gallaghers-bakehouse
Bread,Bfree,Gluten-free breads,1182.0,0.5,2.0,1.0,5.1,8.4,0.0,-2,A,68.0,B,https://world.openfoodfacts.org/product/5391521691477/bread-bfree
Pan integral de trigo familiar,La Cestera,"Plant-based foods and beverages, Plant-based foods, Cereals and potatoes, Breads, en:wholemeal-sliced-breads",1188.6,0.45,0.5,0.89,9.3,9.6,0.0,-3,A,70.0,B,https://world.openfoodfacts.org/product/4056489746843/pan-integral-de-trigo-familiar-la-cestera
Farmhouse Wholemeal,Ploughmans Bakery,"Plant-based foods and beverages,Plant-based foods,Cereals and potatoes,Breads,Sliced breads,Wholemeal breads,Wholemeal sliced breads",987.0,0.476190476190476,2.85714285714286,0.913690476190475,9.76190476190476,7.14285714285714,0.132947781385283,-4,A,77.0,A,https://world.openfoodfacts.org/product/9415142008585/farmhouse-wholemeal-ploughmans-bakery
Пшенично брашно тип 500,"Topaz mel, Топаз мел","Plant-based foods and beverages, Plant-based foods, Cereals and potatoes, Cereals and their products, Flours, Cereal flours, Wheat flours, en:breads",1508.0,0.22,1.2,0.025,11.02,4.01,0.0,-3,A,85.0,A,https://world.openfoodfacts.org/product/3800107801015/%D0%BF%D1%88%D0%B5%D0%BD%D0%B8%D1%87%D0%BD%D0%BE-%D0%B1%D1%80%D0%B0%D1%88%D0%BD%D0%BE-%D1%82%D0%B8%D0%BF-500-topaz-mel
Toast kenyér,"Spar Budget, S-Budget","Növényi alapú élelmiszerek és italok, Növényialapú élelmiszerek, Gabona- és burgonyafélék, Kenyerek, Szeletelt kenyerek, en:Wholemeal breads, en:Wholemeal sliced breads",1071.0,1.3,2.2,1.15,9.9,9.0,0.276510416666667,-2,A,75.0,A,https://world.openfoodfacts.org/product/5999033888264/toast-kenyer-spar-budget
Wraps wholemeal,El Sabor,"Plant-based foods and beverages, Plant-based foods, Cereals and potatoes, Breads, Flatbreads, White breads, Wheat breads, Wheat flatbreads, Wholemeal-wraps",1187.0,1.0,1.4,0.67,9.5,7.9,4.44444444444444,-4,A,73.0,B,https://world.openfoodfacts.org/product/5202175002192/wraps-wholemeal-el-sabor
High Protein Dinkel Vollkorn Brot,"Goldnähren, Goldähren","Pflanzliche Lebensmittel und Getränke, Pflanzliche Lebensmittel, Getreide und Kartoffeln, Brote, Geschnittenes Brot, A, Eiweiß-brot",1141.0,1.8,1.2,1.1,23.0,6.0,0.0,-3,A,70.0,B,https://world.openfoodfacts.org/product/4061461476243/high-protein-dinkel-vollkorn-brot-goldnahren
Wessex Cobbler Bread Flour,Wessex Mill,"Plant-based foods and beverages,Plant-based foods,Flours,Wheat flours",1429.0,0.1,1.0,0.0,13.0,4.4,0.0,-5,A,77.0,A,https://world.openfoodfacts.org/product/5060033580042/wessex-cobbler-bread-flour-wessex-mill
Whole grain sandwich,REMA 1000,Sliced breads,1009.0,0.7,4.9,0.96,8.1,7.9,2.45875,-2,A,70.0,B,https://world.openfoodfacts.org/product/5705830014252/whole-grain-sandwich-rema-1000
Multigrain &quot;OneBun&quot; Sandwich Buns,Ozery Family Bakery 🇨🇦,"Plant-based foods and beverages,Plant-based foods,Cereals and potatoes,Breads,Wholemeal breads,Flat-sandwich-buns,Flat-sandwich-buns-pre-sliced,Multi-grain-bread-buns,Pre-sliced-flat-sandwich-buns,Pre-sliced-multigrain-flat-sandwich-buns,Whole-Grain Bread Portions,Multigrain sliced breads,Whole-grain bread",253.0,0.4,2.67,0.933,9.33,5.33,0.0,-4,A,71.0,B,https://world.openfoodfacts.org/product/0664164100411/multigrain-onebun-sandwich-buns-ozery-family-bakery-%F0%9F%87%A8%F0%9F%87%A6
Pan tostado integral sin sal y sin azucar,Froiz,"Alimentos y bebidas de origen vegetal, Alimentos de origen vegetal, Cereales y patatas, Panes, Pan tostado",1658.0,1.1,3.7,0.03,15.0,9.8,0.0,-7,A,72.0,B,https://world.openfoodfacts.org/product/8424818143872/pan-tostado-integral-sin-sal-y-sin-azucar-froiz
Protein-Toastbrötchen,Sinnack,"Pflanzliche Lebensmittel und Getränke, Pflanzliche Lebensmittel, Getreide und Kartoffeln, Brote, Toastbrote, Toastbrötchen",961.0,1.4,1.1,1.2,19.0,10.0,2.91666666666666,-6,A,77.0,A,https://world.openfoodfacts.org/product/4009097010813/protein-toastbrotchen-sinnack
Vital & Vitamin Weizenmischbrot,Goldahren,"Pflanzliche Lebensmittel und Getränke, Pflanzliche Lebensmittel, Getreide und Kartoffeln, Brote, Geschnittenes Brot, Weizenmischbrot",1027.0,0.5,3.9,1.0,8.0,7.5,0.09375,-2,A,77.0,A,https://world.openfoodfacts.org/product/2009010074313/vital-und-vitamin-weizen-mischbrot-goldahren
Country Grains,Ploughmans Bakery,"Plant-based foods and beverages,Plant-based foods,Cereals and potatoes,Breads,Sliced breads",1020.0,0.595,2.74,0.905,11.1,5.95,0.1328125,-2,A,82.0,A,https://world.openfoodfacts.org/product/9415142008578/country-grains-ploughmans-bakery
Ryvita Dark Rye,"Ryvita, AB Foods, Jensen & Co AS","Plant-based foods and beverages,Rye breads,Crispbreads",1540.0,0.2,2.6,0.93,10.6,22.4,0.0,-3,A,77.0,A,https://world.openfoodfacts.org/product/5010265000405/ryvita-dark-rye
Solsikke Rugbrød,Coop 365,Rye Bread,938.0,0.4,2.5,1.2,6.8,8.3,0.0,-2,A,82.0,A,https://world.openfoodfacts.org/product/5700383149710/solsikke-rugbr%C3%B8d-coop-365
American Style Sandwich: Vollkorn,"Lidl, Grafschafter","Plant-based foods and beverages, Plant-based foods, Cereals and potatoes, Breads, en:toasts",1029.0,0.2,2.2,0.9,10.7,6.9,2.77777777777778,-3,A,72.0,B,https://world.openfoodfacts.org/product/4056489875918/american-style-sandwich-lidl
Viso grudo rugine duona,Trejos girnos,Rye breads,985.0,0.2,3.5,0.9,7.4,9.1,0.0,-3,A,77.0,A,https://world.openfoodfacts.org/product/4770697197661/viso-grudo-rugine-duona-trejos-girnos
Pain de mie moelleux sans gluten,Wiso,"Aliments et boissons à base de végétaux, Aliments d'origine végétale, Céréales et pommes de terre, en:Specific products, en:Products for specific diets, Pains, Produits sans gluten, Pains sans gluten, Pains de mie, Pains de mie sans gluten",899.0,0.6,3.0,0.9,3.7,7.9,0.00144556949013008,-2,A,65.0,B,https://world.openfoodfacts.org/product/3523680383036/pain-de-mie-moelleux-sans-gluten-wiso
Crisp buckweat bread,dr-korner,"Plant-based foods and beverages, Plant-based foods, Cereals and potatoes, Cereals and their products, Puffed cereal cakes, en:crispbreads",1550.0,0.0,0.0,0.0,12.0,14.1,0.0,-7,A,44.0,D,https://world.openfoodfacts.org/product/4607065712129/crisp-buckweat-bread-dr-korner
Burgen Ancient Grains Toast,burgen,"Plant-based foods and beverages,Plant-based foods,Cereals and potatoes,Breads,Sliced breads with cereals",976.0,0.5,4.3,0.9144,13.0,5.1,0.0,-2,A,76.0,A,https://world.openfoodfacts.org/product/9415142001647/burgen-ancient-grains-toast
harvest grains toast sprouted whole grains,VOGEL,Sliced breads,990.0,0.0,2.35294117647059,0.926470588235295,10.0,5.64705882352941,5.0,-3,A,75.0,A,https://world.openfoodfacts.org/product/9414987012252/harvest-grains-toast-sprouted-whole-grains-vogel
Pan tostado integral de trigo,La Cestera,"Alimentos y bebidas de origen vegetal, Alimentos de origen vegetal, Cereales y patatas, Panes, Biscotes, Pan tostado, en:Wholemeal rusks",1633.0,1.0,4.5,1.04,13.0,10.0,0.0,-2,A,76.0,A,https://world.openfoodfacts.org/product/20194543/pan-tostado-integral-de-trigo-la-cestera
Slatinský chlieb celozrnný,Slatinská Pekáreň,"Plant-based foods and beverages, Plant-based foods, Cereals and potatoes, Breads, sk:Chlieb, sk:Pečivo, en:sliced-breads",815.0,0.1,0.8,1.5,11.0,9.2,0.0,-2,A,83.0,A,https://world.openfoodfacts.org/product/8588003676030/slatinsky-chlieb-celozrnny-slatinska-pekare%C5%88
高纤维全麦切片面包,曼可顿,"Plant-based foods and beverages, Plant-based foods, Cereals and potatoes, Breads, Sliced breads, White breads, Wheat breads, Wholemeal breads, Wholemeal sliced breads",1114.0,0.0,10.0,0.0,11.0,6.2,0.0,-4,A,75.0,A,https://world.openfoodfacts.org/product/6917486003286/%E9%AB%98%E7%BA%A4%E7%BB%B4%E5%85%A8%E9%BA%A6%E5%88%87%E7%89%87%E9%9D%A2%E5%8C%85-%E6%9B%BC%E5%8F%AF%E9%A1%BF
Toast-Brötchen Protein,"Goldähren, Meierbaer & Albro Spezialbrot","Plant-based foods and beverages, Plant-based foods, Cereals and potatoes, Breads, en:toasted-bread-rolls",1143.0,1.4,4.1,1.2,23.5,9.0,0.0,-4,A,72.0,B,https://world.openfoodfacts.org/product/4061458227650/toast-brotchen-protein-goldahren
Grissini senza sale aggiunto,BeneSì,"Plant-based foods and beverages, Plant-based foods, Cereals and potatoes, Breads, Breadsticks, cereals and their products",1700.0,1.0,3.6,0.02,14.0,4.3,0.0,-3,A,74.0,B,https://world.openfoodfacts.org/product/8001120864697/grissini-benesi
Kebab wraps,Inspired cuisine,"Plant-based foods and beverages, Plant-based foods, Cereals and potatoes, Breads, Flatbreads, White breads, Wheat breads, Wheat flatbreads",1099.0,0.7,3.1,0.64,10.7,6.5,11.6071428571429,-4,A,73.0,B,https://world.openfoodfacts.org/product/4088600379418/kebab-wraps-inspired-cuisine
Wholemeal thick sliced bread,Iceland,"Plant-based foods and beverages, Plant-based foods, Cereals and potatoes, Breads, Sliced breads, Wholemeal breads",912.0,0.1,3.3,0.9,8.7,8.0,0.0,-4,A,70.0,B,https://world.openfoodfacts.org/product/5010482793319/wholemeal-thick-sliced-bread-iceland
Wholegrain Sourdough Sliced Loaf,Tesco,"Plant-based foods and beverages, Plant-based foods, Cereals and potatoes, Breads, Sliced breads",1171.0,0.3,1.5,0.8,11.3,6.5,0.0231291118421098,-4,A,75.0,A,https://world.openfoodfacts.org/product/5057753394288/wholegrain-sourdough-sliced-loaf-tesco
Superbrød,REMA 1000,"en:Plant-based foods and beverages, en:Plant-based foods, en:Cereals and potatoes, en:Breads, en:Sliced breads",1068.0,0.4,0.7,0.83,8.5,7.2,0.0,-2,A,72.0,B,https://world.openfoodfacts.org/product/7025168001327/br%C3%B8d-rema-1000
Natúr extrudált kenyér,abonett,"Plant-based foods and beverages, Plant-based foods, Cereals and potatoes, Breads, Special breads, Sliced breads, en:crispbreads",1647.0,0.0,2.2,0.93,14.0,14.0,0.0,-4,A,75.0,A,https://world.openfoodfacts.org/product/5997148701881/natur-extrudalt-kenyer-abonett
Westfälisches Schinkenbrot,Drünte,"Pflanzliche Lebensmittel und Getränke, Pflanzliche Lebensmittel, Getreide und Kartoffeln, Brote, Geschnittenes Brot",867.0,0.2,4.5,1.0,5.6,10.7,0.0,-2,A,75.0,A,https://world.openfoodfacts.org/product/4006616000126/westfalisches-schinkenbrot-drunte
Sourdough seeded,Bertinet  Bakery,"Plant-based foods and beverages, Plant-based foods, Cereals and potatoes, Breads, Sliced breads, Multigrain sliced breads",1059.0,0.4,1.2,1.0,9.5,6.7,0.0,-2,A,71.0,B,https://world.openfoodfacts.org/product/5060149570005/sourdough-seeded-bertinet-bakery
Tesco Wholemeal bread,Tesco,Sliced breads,907.0,0.3,2.6,0.83,10.3,7.0,0.0,-4,A,70.0,B,https://world.openfoodfacts.org/product/5059316576445/tesco-wholemeal-bread
Traditional stoneground flour Brown bread wheat flour,Eureka mills,"Plant-based foods and beverages, Plant-based foods, Cereals and potatoes, Cereals and their products, Flours, Cereal flours, Wheat flours",1360.0,0.2,6.2,0.005,11.4,4.2,0.0,-3,A,77.0,A,https://world.openfoodfacts.org/product/6009624270176/traditional-stoneground-flour-brown-bread-wheat-flour-eureka-mills
Zeas Wholemeal Dicoccum Bread,Καραμολέγκος,"Plant-based foods and beverages,Plant-based foods,Cereals and potatoes,Breads,Sliced breads,el:Ψωμί-σε-φέτες",1120.0,0.96,4.48,0.0032,13.4,4.16,9.3,-5,A,70.0,B,https://world.openfoodfacts.org/product/5201673100768/zeas-wholemeal-dicoccum-bread-%CE%BA%CE%B1%CF%81%CE%B1%CE%BC%CE%BF%CE%BB%CE%AD%CE%B3%CE%BA%CE%BF%CF%82
Lower Carb Soy and Linseed Bread,Freya,Multigrain sliced breads,1060.0,1.1,3.5,0.875,16.1,8.7,0.4375,-4,A,71.0,B,https://world.openfoodfacts.org/product/9414987011866/lower-carb-soy-and-linseed-bread-freya
Rågbröd Grovt,Garant,"Plant-based foods and beverages, Plant-based foods, Cereals and potatoes, Breads, en:rye-breads",1045.0,0.2,0.6,0.9,13.0,9.5,0.0,-5,A,77.0,A,https://world.openfoodfacts.org/product/7340083482229/ragbrod-grovt-garant
Reilu täysjyvä,Oululainen,"Plant-based foods and beverages, Plant-based foods, Cereals and potatoes, Breads, Sliced breads, en:toasts",1100.0,0.645,1.94,0.645,12.3,7.42,0.85659722222222,-6,A,70.0,B,https://world.openfoodfacts.org/product/6411402164803/reilu-taysjyva-oululainen
Pan doble fibra,Bimbo,"Plant-based foods and beverages, Plant-based foods, Cereals and potatoes, Breads, Wholemeal breads, en:sliced-breads",927.0,0.952,6.35,0.766,9.52,12.7,0.0,-4,A,75.0,A,https://world.openfoodfacts.org/product/7501030471356/pan-doble-fibra-bimbo
Pita integral,,"Aliments et boissons à base de végétaux, Aliments d'origine végétale, Céréales et pommes de terre, Pains, Pains spéciaux, Pains plats, Pains Pita",942.0,0.2,2.0,1.4,9.1,8.7,0.0,-2,A,75.0,A,https://world.openfoodfacts.org/product/8414771853666/pita-integral
Havre,Wasa,"Plant-based foods and beverages,Plant-based foods,Snacks,Cereals and potatoes,Sweet snacks,Biscuits and cakes,Biscuits and crackers,Cereals and their products,Biscuits,Breads,Crispbreads",1560.0,0.9,0.5,1.2,12.0,10.0,0.0,-2,A,47.0,C,https://world.openfoodfacts.org/product/7300400130295/oat-wasa
Brood lijnzaad,TastyBasics,"Plantaardige levensmiddelen en dranken,Plantaardige levensmiddelen,Granen en aardappels,Granen en graanproducten,Broden,Gesneden broden,en:Protein bread",1100.0,1.4,0.9,1.1,22.0,14.0,0.0,-5,A,75.0,A,https://world.openfoodfacts.org/product/8718868678119/brood-lijnzaad-tastybasics
Pan de molde,beiker,"Plant-based foods and beverages,Plant-based foods,Cereals and potatoes,Breads,Sliced breads",981.0,0.5,3.3,0.99,3.5,8.1,0.0,-2,A,70.0,B,https://world.openfoodfacts.org/product/8436012583453/pan-de-molde-beiker
Zaans Volkoren,Albert Heijn,"Plant-based foods and beverages,Plant-based foods,Cereals and potatoes,Breads,Sliced breads",960.0,0.5,1.5,0.9,11.0,6.5,1.04090909090908,-4,A,70.0,B,https://world.openfoodfacts.org/product/8710400043980/zaans-volkoren-albert-heijn
Grove burgerbrød tilsatt surdeig,GOMAN JÆREN,"Plant-based foods and beverages,Plant-based foods,Cereals and potatoes,Breads,Special breads,Hamburger buns",1199.0,0.6,2.8,0.7,8.7,6.2,10.95,-2,A,77.0,A,https://world.openfoodfacts.org/product/7025165003836/coop-grove-burgerbr%C3%B8d-380g-goman-jaeren
Patentbloem,Albona,"Plantaardige levensmiddelen en dranken, Plantaardige levensmiddelen, Granen en aardappels, Granen en graanproducten, Melen, Melen van graan, Tarwemelen, Gewone tarwemelen, Witte tarwebloem, Witte tarwebloem 550",1459.0,0.1,0.7,0.01,10.0,2.8,0.0,-3,A,89.0,A,https://world.openfoodfacts.org/product/23005051/patentbloem-albona
Morrisons wholemeal muffins,Morrisons,"Plant-based foods and beverages, Plant-based foods, Cereals and potatoes, Breads, Special breads, Whole-wheat English muffins",1028.0,0.7,4.6,0.6,10.0,6.6,0.0,-4,A,76.0,A,https://world.openfoodfacts.org/product/5010251605508/morrisons-wholemeal-muffins
Soy & Canterbury Linseed Bread,Ploughmans Bakery,"Plant-based foods and beverages, Plant-based foods, Cereals and potatoes, Breads, Sliced breads",1080.0,0.8,3.0,0.7725,13.1,6.1,3.0,-4,A,70.0,B,https://world.openfoodfacts.org/product/9415142008561/soy-canterbury-linseed-bread-ploughmans-bakery
Fitnessbrot,Tegut,"Plant-based foods and beverages, Plant-based foods, Cereals and potatoes, Breads, Rye breads",793.0,0.4,2.1,1.1,5.9,9.1,0.0,-2,A,86.0,A,https://world.openfoodfacts.org/product/4305720011609/fitnessbrot-tegut
Soy & Linseedbread,Vogel's,"bread,Multigrain sliced breads",971.0,0.823529411764706,2.70588235294118,0.970588235294118,12.3529411764706,7.05882352941176,3.5,-5,A,71.0,B,https://world.openfoodfacts.org/product/9414987008316/soy-linseedbread-vogel-s
Khobz Wholemeal Pita,,"Plant-based foods and beverages, Plant-based foods, Cereals and potatoes, Breads, Special breads, Flatbreads, White breads, Pitas, Wheat breads, Wheat flatbreads",1125.0,0.3,1.5,0.625,11.8,5.4,0.0,-3,A,73.0,B,https://world.openfoodfacts.org/product/9310571010232/khobz-wholemeal-pita
Pain de mie complet,Carrefour,Sliced breads,1134.6,0.4,3.7,0.7,10.2,9.2,0.0,-4,A,70.0,B,https://world.openfoodfacts.org/product/2062629775880/sliced-brown-bread-carrefour
Hälsa,"Östras, Östras Stenugnsbageriet","Växtbaserad mat och dryck, Växtbaserad mat, Spannmål och Potatisar, Bröd, en:Sliced breads, en:Multigrain sliced breads",1050.0,0.8,1.7,0.8,10.0,5.2,0.18310546875,-2,A,71.0,B,https://world.openfoodfacts.org/product/7314320041029/halsa-ostras
Organic Loaf Slices - Hemp Seeds,Seedful,Multigrain sliced breads,1188.0,2.5,0.98,0.6,10.8,21.9,0.0,-4,A,71.0,B,https://world.openfoodfacts.org/product/5060509390816/organic-loaf-slices-hemp-seeds-seedful
T / Top Muffins Mgrain,Tip Top,"Plant-based foods and beverages, Plant-based foods, Cereals and potatoes, Breads, Special breads, English muffins",691.0,0.6,2.0,0.5725,7.5,4.8,0.234375,-3,A,66.0,B,https://world.openfoodfacts.org/product/9339423003277/t-top-muffins-mgrain-tip-top
Tortillas de maíz blancas,Mission,"Plant-based foods and beverages, Plant-based foods, Cereals and potatoes, Specific products, Products for specific diets, Breads, Products without gluten, Gluten-free breads, Arepas, en:flatbreads",825.33,0.0,0.56,0.048875,4.53,3.4,0.0,-2,A,73.0,B,https://world.openfoodfacts.org/product/7501054950370/tortillas-de-maiz-blancas-mission
Ruispalat Ohut Herkku,Vaasan,"Plant-based foods and beverages, Plant-based foods, Cereals and potatoes, Breads, Rye breads",1216.0,0.3,1.2,1.1,9.5,13.0,0.0,-2,A,77.0,A,https://world.openfoodfacts.org/product/6408180733260/ruispalat-ohut-herkku-vaasan
Brox korn,Bakehuset,"Plant-based foods and beverages, Plant-based foods, Cereals and potatoes, Breads, en:sliced-breads",1183.0,1.0,2.9,0.92,10.8,5.8,1.123125,-2,A,70.0,B,https://world.openfoodfacts.org/product/7041614020247/brox-korn-bakehuset
Tortilla Soft Wheat,Coop,"Växtbaserad mat och dryck, Växtbaserad mat, Spannmål och Potatisar, Bröd, en:Flatbreads, en:White breads, en:Wheat breads, Halvtjockkakor",1243.0,1.0,1.5,0.0,10.0,3.75,6.0,-4,A,79.0,A,https://world.openfoodfacts.org/product/7340191144651/tortilla-soft-wheat-wraps-coop
Half volkoren tarwebrood,,"Plant-based foods and beverages,Plant-based foods,Cereals and potatoes,Breads,Sliced breads,Wholemeal breads,Wholemeal sliced breads",919.0,0.3,1.9,0.7,10.0,8.6,0.0,-6,A,74.0,B,https://world.openfoodfacts.org/product/8710871372213/half-volkoren-tarwebrood
Tortillas whole grain,alfa,"Plant-based foods and beverages, Plant-based foods, Cereals and potatoes, Breads, Flatbreads, White breads, Wheat breads, Wheat flatbreads",1226.0,1.4,1.9,0.88,9.7,9.8,8.25,-3,A,78.0,A,https://world.openfoodfacts.org/product/5208056061128/tortillas-whole-grain-alfa
Soft Multigrain Sandwich,Woolworths,Multigrain sliced breads,1055.0,1.0,3.7,0.0038,9.0,5.8,0.203125,-4,A,71.0,B,https://world.openfoodfacts.org/product/8379763633650/soft-multigrain-sandwich-woolworths
Williams Harvest Grains & Seeds,Williams,Multigrain sliced breads,1030.0,0.7,0.3,0.38,10.8,4.5,0.0029296875,-4,A,71.0,B,https://world.openfoodfacts.org/product/9323975104803/williams-harvest-grains-seeds
Rye bread,Tastino,Rye breads,886.0,0.3,3.9,1.0,5.8,9.3,0.0,-2,A,77.0,A,https://world.openfoodfacts.org/product/20017255/rye-bread-tastino
Dunne rogge crackers,Aldi,"snacks, salty-snacks, appetizers, biscuits-and-crackers, da:crackers, en:breads",1454.0,0.4,1.1,1.2,11.0,20.0,0.0,-2,A,67.0,B,https://world.openfoodfacts.org/product/4068428029153/dunne-rogge-crackers-aldi
Soy & Linseed Bakehouse Bread,"Bakehouse,aldi","Plant-based foods and beverages, Plant-based foods, Cereals and potatoes, Breads, Sliced breads",1130.0,0.7,3.4,0.99314,11.1,7.0,0.0,-3,A,83.0,A,https://world.openfoodfacts.org/product/26104201/soy-linseed-bakehouse-bread
Skimmed Long Life Milk,Goldähren,"Pflanzliche Lebensmittel und Getränke, Pflanzliche Lebensmittel, Getreide und Kartoffeln, Brote, Toastbrote",140.0,0.1,4.5,0.1,3.5,0.0,1.42045454545455,0,A,72.0,B,https://world.openfoodfacts.org/product/29073382/skimmed-long-life-milk-goldahren
Best of both Medium,Hovis,"Plant-based foods and beverages, Plant-based foods, Cereals and potatoes, Breads, Sliced breads",957.0,0.3,2.9,0.9,9.5,5.6,0.0,-2,A,75.0,A,https://world.openfoodfacts.org/product/5010003065512/best-of-both-medium-hovis
The good - Coarse sunflower,Schulstad,Rye breads,982.0,0.8,2.0,1.1,6.6,8.8,-0.325000000000003,-2,A,87.0,A,https://world.openfoodfacts.org/product/5701205008314/the-good-coarse-sunflower-schulstad
Kovászos Wellness kenyér,JóKenyér,"Plant-based foods and beverages, Plant-based foods, Cereals and potatoes, Breads, Sliced breads, en:wholemeal-sliced-breads",991.0,0.9,2.4,1.07,11.4,6.1,0.0,-2,A,70.0,B,https://world.openfoodfacts.org/product/5999880160988/kovaszos-wellness-kenyer-jokenyer
Tostadas de Maiz Horneadas,"Mission,Gruma","Alimentos y bebidas de origen vegetal, Alimentos de origen vegetal, Cereales y patatas, Panes, Pan tostado, Tostadas de maíz, Tostadas de maíz horneadas",1563.61,0.0,1.07,0.6958,8.6,6.57,0.0,-2,A,77.0,A,https://world.openfoodfacts.org/product/7501054902270/tostadas-de-maiz-horneadas-mission
Farine Panifiable,"Betty Bossi,Coop,My Bakery","Aliments et boissons à base de végétaux, Aliments d'origine végétale, Céréales et pommes de terre, Céréales et dérivés, Farines, Farines de céréales, Farines de blé, Farines de pain, en:Wheat bread flour, Farines pâtissières",1460.0,0.5,0.5,0.0,12.0,4.0,0.0,-3,A,77.0,A,https://world.openfoodfacts.org/product/7610803009273/farine-panifiable-betty-bossi
Bolletje Volkoren Beschuit,Bolletje,"Plantaardige levensmiddelen en dranken, Plantaardige levensmiddelen, Granen en aardappels, Broden, Beschuiten",1672.0,2.3,7.4,0.53,16.0,12.0,0.0,-3,A,76.0,A,https://world.openfoodfacts.org/product/8710482532990/bolletje-volkoren-beschuit
Tex Mex Tortilla wraps,"TEX MEX,Coop,Leighton Foods,Leighton","en:Plant-based foods and beverages, en:Plant-based foods, en:Cereals and potatoes, en:Breads, en:Flatbreads, en:White breads, en:Wheat breads, en:Wheat flatbreads",1219.0,1.0,2.1,0.7,9.7,6.5,6.23888888888889,-4,A,80.0,A,https://world.openfoodfacts.org/product/7340011482321/tex-mex-tortilla-wraps
pan tostado integral,Docampo,Whole-grain bread,1633.0,1.0,4.5,1.0,13.0,10.0,0.0,-3,A,77.0,A,https://world.openfoodfacts.org/product/8436550310108/pan-tostado-integral-docampo
Super B Roggenbrot,Prünte,"Pflanzliche Lebensmittel und Getränke, Pflanzliche Lebensmittel, Getreide und Kartoffeln, Brote, Geschnittenes Brot",968.0,1.4,3.1,1.0,6.7,10.0,2.734375,-2,A,70.0,B,https://world.openfoodfacts.org/product/4006616000300/super-b-roggenbrot-prunte
lean bread pumpkin seeds,Prozis,"Cibi e bevande a base vegetale, Cibi a base vegetale, Cereali e patate, Pani, Pancarré, Pane ai cereali a fette",1038.0,2.0,2.4,0.8,18.0,11.0,0.0,-7,A,71.0,B,https://world.openfoodfacts.org/product/5600499523513/lean-bread-pumpkin-seeds-prozis
Gluten Free Seeded Sliced Bread,HAS NO,"Plant-based foods and beverages, Plant-based foods, Cereals and potatoes, Specific products, Products for specific diets, Breads, Products without gluten, Gluten-free breads, Sliced breads, Gluten-free sliced breads",978.0,1.5,5.5,0.7239,7.2,8.7,0.0,-2,A,75.0,A,https://world.openfoodfacts.org/product/26342207/gluten-free-seeded-sliced-bread-has-no
Soy and Linseed Bread,Burgen,"Plant-based foods and beverages,Plant-based foods,Cereals and potatoes,Breads,Sliced breads with cereals",926.0,0.8,2.7,1.075,15.1,5.5,2.5,-4,A,71.0,B,https://world.openfoodfacts.org/product/9415142005652/soy-and-linseed-bread-burgen
Golden wholemeal,Laucke,"Plant-based foods and beverages, Plant-based foods, Cereals and potatoes, Cereals and their products, Flours, Cereal flours, Breads, Wheat flours, Bread flours, Sliced breads, Wheat bread flour",962.0,0.7,0.6,0.9025,9.3,5.8,0.0,-2,A,70.0,B,https://world.openfoodfacts.org/product/0871893000718/golden-wholemeal-laucke
Knapperig volkoren beschuit,Albert Heijn,"Plant-based foods and beverages,Plant-based foods,Cereals and potatoes,Breads,Rusks",1645.0,1.5,8.0,0.6,15.0,13.0,0.0793269230769234,-4,A,66.0,B,https://world.openfoodfacts.org/product/8718796064954/knapperig-volkoren-beschuit-albert-heijn
Zaans grofvolkoren heel,Albert Heijn,"Plant-based foods and beverages,Plant-based foods,Cereals and potatoes,Breads,Sliced breads,nl:Volkoren brood",970.0,0.3,1.0,0.9,12.0,6.0,0.130113636363632,-3,A,70.0,B,https://world.openfoodfacts.org/product/8718906980280/zaans-grofvolkoren-heel-albert-heijn
Īsta rudzu rupjmaize,Lāči,"en:Plant-based foods and beverages, en:Plant-based foods, en:Cereals and potatoes, en:Breads, en:Rye breads",1092.0,0.1,10.0,0.8,8.8,12.8,0.0,-2,A,84.0,A,https://world.openfoodfacts.org/product/4751004791505/%C4%ABsta-rudzu-rupjmaize-l%C4%81%C4%8Di
Protein bread,Smaakt,"Plant-based foods and beverages, Plant-based foods, Cereals and potatoes, Breads, Sliced breads",1073.0,1.7,1.4,0.8,21.0,10.0,0.0,-7,A,75.0,A,https://world.openfoodfacts.org/product/17567152/protein-bread-smaakt
Seeded soft sliced Gluten-free bread,Bakers Life,"Plant-based foods and beverages, Plant-based foods, Cereals and potatoes, Breads, Toasts",981.0,1.1,4.8,0.725,7.1,12.3,0.0,-2,A,72.0,B,https://world.openfoodfacts.org/product/4088700106396/seeded-soft-sliced-gluten-free-bread-bakers-life
Tortillas de maïs,Tortillas Guanajuato,"Aliments et boissons à base de végétaux, Aliments d'origine végétale, Céréales et pommes de terre, Pains, Pains plats, Tortillas de maïs, Glucide",885.0,0.0,0.0,0.08,5.0,4.0,0.0,-3,A,75.0,A,https://world.openfoodfacts.org/product/7503008588288/tortillas-de-mais-tortillas-guanajuato
Rye-wheat bread,Albert Heijn,"Plant-based foods and beverages,Plant-based foods,Cereals and potatoes,Breads,Rye breads",761.0,0.6,1.0,1.1,5.2,9.0,0.0,-2,A,77.0,A,https://world.openfoodfacts.org/product/8710400310471/rye-wheat-bread-albert-heijn
Wholemeal Grain Bread,"Helga's,Helga's Continental Bakehouse","Plant-based foods and beverages, Plant-based foods, Cereals and potatoes, Breads, Sliced breads, Wholemeal breads, Wholemeal grain bread",1000.0,1.0,2.6,0.875,8.6,6.4,0.0,-3,A,78.0,A,https://world.openfoodfacts.org/product/9310128002536/wholemeal-grain-bread-helga-s
pan de salvado gde,veneziana,"Plant-based foods and beverages, Plant-based foods, Cereals and potatoes, Breads, en:sliced-breads",916.0,0.9,2.9,0.0,8.9,5.0,0.0,-5,A,70.0,B,https://world.openfoodfacts.org/product/7791708001422/pan-de-salvado-gde-veneziana
Mandel-Eiweissbrot,Korn Mühle,"Pflanzliche Lebensmittel und Getränke, Pflanzliche Lebensmittel, Getreide und Kartoffeln, Brote, Geschnittenes Brot, Eiweißbrote",1072.0,1.2,3.2,1.3,18.2,12.4,7.5,-4,A,75.0,A,https://world.openfoodfacts.org/product/4316268634441/mandel-eiweissbrot-korn-muhle
Pane integrale di segale,Gilli,"Plant-based foods and beverages, Plant-based foods, Cereals and potatoes, Breads, Rye breads",792.0,0.2,2.4,1.1,5.0,11.0,0.0,-2,A,77.0,A,https://world.openfoodfacts.org/product/8012678000840/pane-integrale-di-segale-gilli
Volkoren bollen,Jumbo,"plant-based-foods-and-beverages, plant-based-foods, cereals-and-potatoes, breads, sliced-breads, hr:buns, wholemeal-breads, wholemeal-sliced-breads",1022.0,0.9,6.4,0.95,12.5,7.1,0.00834960937500284,-3,A,70.0,B,https://world.openfoodfacts.org/product/8718452357048/volkoren-bollen-jumbo
High Fibre Low Gi 7 Seeds & Grain Toast Loaf,Coles,"Plant-based foods and beverages, Plant-based foods, Cereals and potatoes, Breads, Sliced breads, Multigrain sliced breads",1098.0,1.3,0.8,0.314,10.8,9.3,0.0623125000000009,-6,A,61.0,B,https://world.openfoodfacts.org/product/9300601464616/high-fibre-low-gi-7-seeds-grain-toast-loaf-coles
Soft Wholemeal Sandwich Loaf,Coles,"Plant-based foods and beverages, Plant-based foods, Cereals and potatoes, Cereals and their products, Breads, Wholemeal breads, Bakery, en:sliced-breads",964.0,0.758,2.7,1.0,10.6,6.0,0.0911458333333286,-3,A,70.0,B,https://world.openfoodfacts.org/product/9310645254142/soft-wholemeal-sandwich-loaf-coles
Gluten free English muffins,Coles,"Plant-based foods and beverages, Plant-based foods, Cereals and potatoes, Breads, Special breads, English muffins",971.0,1.0,3.3,0.75,6.3,6.3,0.0,-2,A,66.0,B,https://world.openfoodfacts.org/product/9310645290041/gluten-free-english-muffins-coles
Traditional Wholemeal Bakehouse,Bakers Life,"Plant-based foods and beverages, Plant-based foods, Cereals and potatoes, Breads, Sliced breads, Wholemeal breads, Wholemeal sliced breads",999.0,0.5,3.2,0.8375,10.0,4.8,0.0,-2,A,75.0,A,https://world.openfoodfacts.org/product/4088700129999/traditional-wholemeal-bakehouse-bakers-life
Grove Pølsebrød,"Høvding,Hatting","en:Plant-based foods and beverages, en:Plant-based foods, en:Cereals and potatoes, en:Breads, en:Special breads, en:Hot dog buns",1132.0,0.4,3.2,0.59,9.6,6.2,10.0,-3,A,77.0,A,https://world.openfoodfacts.org/product/7020712020632/grove-p%C3%B8lsebr%C3%B8d-h%C3%B8vding
wheat rusks without added salt,TSANOS,"Plant-based foods and beverages,Plant-based foods,Cereals and potatoes,Breads,Toasts,Wheat rusk slices",1515.0,0.8,2.9,0.018,12.9,11.8,4.0,-8,A,83.0,A,https://world.openfoodfacts.org/product/5204653010255/wheat-rusks-without-added-salt-tsanos
Seeded Whole Wheat Brown Bread,Sasko,"Plant-based foods and beverages, Plant-based foods, Cereals and potatoes, Breads, Wholemeal breads",863.0,0.6,3.8,0.94,9.6,9.1,0.0,-3,A,82.0,A,https://world.openfoodfacts.org/product/6001710010420/seeded-whole-wheat-brown-bread-sasko
100% pindakaas,1de beste,"Plantaardige levensmiddelen en dranken, Plantaardige levensmiddelen, Bonen- en afgeleide producten, Smeerbare producten, Noten en -producten, Plantaardige smeerbare producten, Broodbeleggen, Puree van oliehoudende zaden, Peulvruchtenpastas, Notenpasta's, Pindakazen, Pindakazen (100% pinda)",2646.0,9.5,6.0,0.0,27.0,7.0,100.0,-1,A,44.0,D,https://world.openfoodfacts.org/product/8710871209229/100-pindakaas-1de-beste
Vital+ Chia,Harry,"Pflanzliche Lebensmittel und Getränke, Pflanzliche Lebensmittel, Getreide und Kartoffeln, Brote, Geschnittenes Brot, Vollkornbrote, Vollkorntoast",600.0,0.3,1.2,0.57,4.8,4.3,0.0,-2,A,75.0,A,https://world.openfoodfacts.org/product/07180015/vital-chia-harry
Grove Baguetter,Rema 1000,"en:Plant-based foods and beverages, en:Plant-based foods, en:Cereals and potatoes, en:Breads, en:Baguettes",998.0,0.4,3.7,1.0,7.6,7.6,0.0,-3,A,77.0,A,https://world.openfoodfacts.org/product/7032069721643/grove-baguetter-rema-1000
Rågbröd,Eldorado,"Växtbaserad mat och dryck, Växtbaserad mat, Spannmål och Potatisar, Bröd, en:Rye breads",799.0,0.3,5.1,0.7,4.5,11.0,0.0,-2,A,82.0,A,https://world.openfoodfacts.org/product/7311041033333/ragbrod-eldorado
"Eldorado Naturell Granola Biter med hvete, havre og rug",ELDORADO,"en:Plant-based foods and beverages, en:Plant-based foods, en:Breakfasts, en:Cereals and potatoes, en:Cereals and their products, en:Breakfast cereals, en:Breads, Müsli",1634.0,0.9,11.3,0.0,9.0,17.2,0.0,-3,A,62.0,B,https://world.openfoodfacts.org/product/7035620037702/granola-eldorado
Seed bread,"Ballymore Crust, Aldi","Plant-based foods and beverages, Plant-based foods, Cereals and potatoes, Breads, Sliced breads, Multigrain sliced breads",1072.0,0.6,3.0,0.46,9.8,8.0,1.0,-6,A,66.0,B,https://world.openfoodfacts.org/product/4088600264301/seed-bread-ballymore-crust
ProVital Protein Multigrain 425g,Biaform,"Plant-based foods and beverages,Plant-based foods,Cereals and potatoes,Breads,Sliced breads,Multigrain sliced breads",1182.0,1.8,1.3,0.88,21.0,8.8,0.0029246012369768,-6,A,77.0,A,https://world.openfoodfacts.org/product/41470848/provital-protein-multigrain-425g-biaform
Pan tajado 6 cereales,Mami,"Alimentos y bebidas de origen vegetal, Alimentos de origen vegetal, Cereales y patatas, Panes, Panes de molde, Panes integrales, Panes de molde integrales",587.0,0.0,0.0,0.351,3.66,3.66,0.0,-2,A,70.0,B,https://world.openfoodfacts.org/product/7702447110047/pan-tajado-6-cereales-mami
The Best White Sandwich Bread,Bakers Life (Aldi),"Plant-based foods and beverages, Plant-based foods, Cereals and potatoes, Breads, Sliced breads, White breads",724.0,0.5,3.1,0.95,10.1,7.9,0.0,-5,A,83.0,A,https://world.openfoodfacts.org/product/4088700157268/the-best-white-sandwich-bread-bakers-life-aldi
Limburgs bruin rogge-tarwebrood,,Rye breads,785.0,0.1,1.2,0.6,5.5,7.3,0.0,-4,A,83.0,A,https://world.openfoodfacts.org/product/8710899000006/limburgs-bruin-rogge-tarwebrood
Wholemeal Loaf,Coles,"Plant-based foods and beverages, Plant-based foods, Cereals and potatoes, Breads, Sliced breads, Wholemeal breads, Wholemeal sliced breads",944.0,0.5,3.2,0.8725,8.5,6.5,0.353365384615387,-3,A,70.0,B,https://world.openfoodfacts.org/product/9310645368764/wholemeal-loaf-coles
Luchtige crackers,Picnic,"Plant-based foods and beverages,Plant-based foods,Snacks,Cereals and potatoes,Breads,Extruded crispbreads,Crispbreads",1626.0,0.5,3.5,1.2,13.0,8.4,0.0,-2,A,71.0,B,https://world.openfoodfacts.org/product/8720326041458/luchtige-crackers-picnic
Lebanese brown bread,,"Lebanese brown bread,Wheat flatbreads",1141.0,0.0,0.7,0.6875,8.4,6.2,0.34375,-2,A,73.0,B,https://world.openfoodfacts.org/product/1110000120017/lebanese-brown-bread
sandwich volkoren,Fernandes,"Plant-based foods and beverages, Plant-based foods, Cereals and potatoes, Sandwiches, Breads, Sliced breads, Wholemeal breads, Wholemeal sliced breads",972.0,0.5,1.3,0.9,12.0,6.9,0.0,-4,A,70.0,B,https://world.openfoodfacts.org/product/9501076011293/sandwich-volkoren-fernandes
Fiber frisk,Södervidinge,"Skivade surdegsbröd,en:Packaged breads",927.0,0.3,0.6,0.9,8.9,5.9,0.0,-2,A,83.0,A,https://world.openfoodfacts.org/product/7391737003710/fiber-frisk-sodervidinge
"Pâine din făină integrală, feliată",Grup Cerneștean,"Alimente și băuturi pe bază de plante, Alimente pe bază de plante, en:Cereals and potatoes, Pâini, en:Sliced breads",818.0,0.11,3.2,1.55,17.21,8.08,0.0,-5,A,75.0,A,https://world.openfoodfacts.org/product/6422416000049/paine-din-f%C4%83in%C4%83-integral%C4%83-feliat%C4%83-grup-cerne%C8%99tean
pão de forma integral,dia,"Plant-based foods and beverages, Plant-based foods, Cereals and potatoes, Breads, Sliced breads, Bran bread",1004.0,0.6,2.7,1.1,9.5,7.4,0.0,-2,A,77.0,A,https://world.openfoodfacts.org/product/8480017256317/pao-de-forma-integral-dia
Tijger volkoren heel,Albert Heijn,"Plant-based foods and beverages,Plant-based foods,Cereals and potatoes,Breads,Sliced breads,Wholemeal breads,Wholemeal sliced breads",933.0,0.2,1.4,0.9,12.0,6.3,0.0,-3,A,70.0,B,https://world.openfoodfacts.org/product/8718265909793/tijger-volkoren-heel-albert-heijn
Grove Burgerbrød,Bakehuset,"en:Plant-based foods and beverages, en:Plant-based foods, en:Cereals and potatoes, en:Breads, en:Special breads, en:Hamburger buns",1153.0,0.5,3.9,0.7,9.3,7.1,2.97083333333333,-2,A,68.0,B,https://world.openfoodfacts.org/product/7041614010217/burgerbr%C3%B8d-bakehuset
Pain poppé Nature,,"Plant-based foods and beverages, Plant-based foods, Cereals and potatoes, Cereals and their products, Puffed cereal cakes, Puffed wheat cakes, en:breads",1577.0,0.26,2.2,0.0,11.3,3.0,0.0,-3,A,44.0,D,https://world.openfoodfacts.org/product/0734449384024/pain-poppe-nature
sunflower and spelt bread,Marks & Spencer,"Plant-based foods and beverages, Plant-based foods, Cereals and potatoes, Breads, en:sliced-breads",1182.0,0.7,1.9,0.78,12.2,9.7,0.0,-6,A,70.0,B,https://world.openfoodfacts.org/product/822292960880024000095/sunflower-and-spelt-bread-marks-spencer
Pitabroodjes,Pita Original,"Plant-based foods and beverages,Plant-based foods,Cereals and potatoes,Breads,Flatbreads,Special breads,Pitas",944.0,0.2,1.2,1.0,8.4,8.7,0.0,-4,A,75.0,A,https://world.openfoodfacts.org/product/8714535110029/pitabroodjes-pita-original
Bakkersbrood les pains bastille heel,Albert heijn,"Plant-based foods and beverages,Plant-based foods,Cereals and potatoes,Breads,Sliced breads,Multigrain sliced breads,Wholewheat-sliced-bread",1060.0,0.7,3.0,0.65,14.0,7.2,0.0,-5,A,71.0,B,https://world.openfoodfacts.org/product/2289532001992/sliced-bread-albert-heijn
"Whole Grains Cereales con Avena, Trigo, Chía y Lino",Oroweat,"Alimentos y bebidas de origen vegetal,Alimentos de origen vegetal,Cereales y patatas,Panes,Panes de molde,Panes blancos,Panes de molde con cereales,Panes de trigo,Panes integrales,Panes de molde integrales,fr:Pains multicéréales,en:Bran sliced breads,en:Bran bread",1040.0,0.652,6.74,0.576,10.2,6.52,0.0,-4,A,78.0,A,https://world.openfoodfacts.org/product/0753329925843/whole-grains-cereales-con-avena-trigo-chia-y-lino-oroweat
Sourdough Wholemeal Ciabattin Bread,Jason’s,Sliced breads,928.0,0.2,2.2,0.77,11.7,6.5,0.0,-5,A,72.0,B,https://world.openfoodfacts.org/product/1985089000198/sourdough-wholemeal-ciabattin-bread-jason-s
Rugbrød,Eldorado,Rye breads,830.0,0.0,5.5,0.98,5.2,9.0,0.0,-2,A,85.0,A,https://world.openfoodfacts.org/product/7035620046292/rye-bread-eldorado
Boeren volkoren heel,Le Petit Moulin,"Plant-based foods and beverages, Plant-based foods, Cereals and potatoes, Breads, en:sliced-breads",1110.0,1.0,2.5,0.93,13.0,6.8,0.0,-4,A,60.0,B,https://world.openfoodfacts.org/product/8718185865193/boeren-volkoren-heel-le-petit-moulin
strong wholemeal bread wheat flour,Waitrose,"Plant-based foods and beverages, Plant-based foods, Cereals and potatoes, Flours, Breads, en:wheat-flours",1407.0,0.6,2.7,0.01,14.0,9.5,0.0,-8,A,77.0,A,https://world.openfoodfacts.org/product/5676099992004/strong-wholemeal-bread-wheat-flour-waitrose
Fitzgeralds Multiseed and Cereal Bagels,Fitzgeralds,"Plant-based foods and beverages,Plant-based foods,Cereals and potatoes,Breads,Special breads,Bagel breads",1130.0,0.706,5.65,0.941,10.9,9.53,4.825,-3,A,75.0,A,https://world.openfoodfacts.org/product/0086072001862/fitzgeralds-multiseed-and-cereal-bagels
Segale Pane Rustico,Daily Bread,"Cibi e bevande a base vegetale,Cibi a base vegetale,Cereali e patate,Pani,Pane di segale",910.0,0.5,1.6,1.0,7.5,6.6,0.18,-3,A,77.0,A,https://world.openfoodfacts.org/product/0032998903300/segale-pane-rustico-daily-bread
wraps volkoren,Trader Joe's,"Plant-based foods and beverages,Plant-based foods,Cereals and potatoes,Breads,Flatbreads,White breads,Wheat breads,Wheat flatbreads",1248.0,1.4,2.6,0.83,9.7,8.0,0.0,-3,A,73.0,B,https://world.openfoodfacts.org/product/4068428031071/wraps-volkoren-trader-joe-s
Seed Sensations Seven Seeds Multiseeded sliced Bread,Hovis,"Plant-based foods and beverages, Plant-based foods, Cereals and potatoes, Breads, Sliced breads, Multigrain sliced breads",1160.0,0.682,3.86,0.886,10.0,5.23,1.39285714285714,-1,B,79.0,A,https://world.openfoodfacts.org/product/5010003064744/seed-sensations-seven-seeds-multiseeded-sliced-bread-hovis
Seeded Batch,Warburtons,"Plant-based foods and beverages,Plant-based foods,Cereals and potatoes,Breads,Sliced breads,Multigrain sliced breads",1231.0,1.3,2.6,0.95,10.6,6.0,0.859375,-1,B,68.0,B,https://world.openfoodfacts.org/product/5010044002552/seeded-batch-warburtons
Harrys beau & bon pain de mie farine de ble cereales & graines 320g,Harrys,"Plant-based foods and beverages,Plant-based foods,Cereals and potatoes,Frozen foods,Breads,Sliced breads,White breads,Bread white from wheat flour of the highest grade GOST 26987-86,Frozen breads,Multigrain sliced breads",1206.0,0.7,3.5,1.0,12.0,6.0,7.125,-1,B,80.0,A,https://world.openfoodfacts.org/product/3228857001194/harrys-beau-bon-pain-de-mie-farine-de-ble-cereales-graines-320g
Tartines p’tit dej,Jacquet,"Plant-based foods and beverages,Plant-based foods,Cereals and potatoes,Cereals and their products,Breads,Sliced breads,Wholemeal breads,Wholemeal sliced breads",1127.0,0.5,5.3,1.0,10.0,6.2,0.0,-1,B,81.0,A,https://world.openfoodfacts.org/product/3029330069898/tartines-p-tit-dej-jacquet
Pan de molde natural trigo espelta 100% integral,Hacendado,"Plant-based foods and beverages, Plant-based foods, Cereals and potatoes, Cereals and their products, Breads, Sliced breads, en:wholemeal-sliced-breads",1010.0,0.8,3.7,1.1,12.0,7.4,0.0,-1,B,70.0,B,https://world.openfoodfacts.org/product/8480000864673/trigo-espelta-100-integral-hacendado
Farmhouse Super Seeded Loaf,Tesco,"Plant-based foods and beverages, Plant-based foods, Cereals and potatoes, Breads, Sliced breads, Multigrain sliced breads",1237.0,1.2,4.9,0.9,11.2,5.8,1.28333333333333,0,B,78.0,A,https://world.openfoodfacts.org/product/5057545928769/farmhouse-super-seeded-loaf-tesco
Gluten free,Schar,"Plant-based foods and beverages, Plant-based foods, Cereals and potatoes, Specific products, Products for specific diets, Breads, Products without gluten, Gluten-free breads, Sliced breads, Gluten-free sliced breads",1099.0,1.1,0.9,1.0,4.5,8.8,0.0,0,B,77.0,A,https://world.openfoodfacts.org/product/8008698011065/gluten-free-schar
Baker Street Seeded Rye Bread,Baker Street,"Plant-based foods and beverages,Plant-based foods,Cereals and potatoes,Breads,Rye breads",1018.0,0.5,2.5,1.0,8.5,5.5,0.0,-1,B,77.0,A,https://world.openfoodfacts.org/product/5027952012573/baker-street-seeded-rye-bread
Pain de mie american sandwich complet sans sucres ajoutés maxi 900g,Harrys,"Plant-based foods and beverages,Plant-based foods,Cereals and potatoes,Breads,Sliced breads,Wholemeal breads,Wholemeal sliced breads, Surgelés, Pains surgelés",1178.0,0.5,3.6,1.1,7.7,8.1,2.74462890624999,-1,B,75.0,A,https://world.openfoodfacts.org/product/3228857002351/pain-de-mie-american-sandwich-complet-sans-sucres-ajoutes-maxi-900g-harrys
Pan Gratí,Schar,"Plant-based foods and beverages, Plant-based foods, Cereals and potatoes, Specific products, Products for specific diets, Breads, Products without gluten, Gluten-free breads, en:bread-crumbs",1078.0,0.8,5.8,0.91,4.4,8.7,5.15,0,B,73.0,B,https://world.openfoodfacts.org/product/06174988/pan-grati-schar
Superseded sliced loaf bread,Asda,"Plant-based foods and beverages, Plant-based foods, Cereals and potatoes, Breads, Sliced breads, Multigrain sliced breads",1247.0,1.2,4.1,0.8175,12.0,5.5,1.41666666666667,0,B,68.0,B,https://world.openfoodfacts.org/product/5054781498063/superseded-sliced-loaf-bread-asda
seven seeds and grains sourdough,Bertinet Bakery,Multigrain sliced breads,1040.0,0.7,1.2,0.97,9.7,4.6,1.0,-1,B,71.0,B,https://world.openfoodfacts.org/product/5060149576069/seven-seeds-and-grains-sourdough-bertinet-bakery
Wasa tartine croustillante sensation aux graines de chia & touche de sel 245g,Wasa,"Plant-based foods and beverages,Plant-based foods,Cereals and potatoes,Seeds,Cereals and their products,Cereal grains,Breads,Chia,Crispbreads, Snacks, Snacks salés, Amuse-gueules, Chips et frites, Chips",1427.0,0.4,0.5,1.2,10.0,20.0,0.0,-2,B,29.0,E,https://world.openfoodfacts.org/product/7300400483063/graines-de-chia-et-touche-de-sel-wasa
Soft White Bread,Kingsmill,"Plant-based foods and beverages, Plant-based foods, Cereals and potatoes, Breads, Sliced breads",991.0,0.4,3.1,0.95,9.4,4.7,0.2375,-1,B,67.0,B,https://world.openfoodfacts.org/product/5010092097944/soft-white-bread-kingsmill
Natural 100%,Bimbo,Wholemeal sliced breads,1053.0,0.6,5.8,1.2,11.0,6.1,0.0,0,B,70.0,B,https://world.openfoodfacts.org/product/8412600038635/natural-100-bimbo
Seeded tortilla wraps,Rowan Hill Bakery,"Plant-based foods and beverages, Plant-based foods, Cereals and potatoes, Breads, Flatbreads, White breads, Wheat breads, Wheat flatbreads",1210.0,2.58,2.26,0.742,8.87,5.48,0.0,0,B,63.0,B,https://world.openfoodfacts.org/product/4056489239666/seeded-tortilla-wraps-rowan-hill-bakery
Comple,Bimbo,"Plant-based foods and beverages, Plant-based foods, Cereals and potatoes, Breads, Sliced breads, Wholemeal breads, en:wholemeal-sliced-breads",1028.0,0.5,3.0,1.1,9.41,5.8,0.0,0,B,72.0,B,https://world.openfoodfacts.org/product/6111260960639/comple-bimbo
Wholemeal wraps,The Bakery at Asda,"Plant-based foods and beverages, Plant-based foods, Cereals and potatoes, Breads, Flatbreads, White breads, Wheat breads, Wheat flatbreads",1178.0,2.5,3.3,0.9,9.0,6.9,0.0,0,B,63.0,B,https://world.openfoodfacts.org/product/5051413481905/wholemeal-wraps-the-bakery-at-asda
Pitta breads,Asda,"Plant-based foods and beverages, Plant-based foods, Cereals and potatoes, Breads, Special breads, Flatbreads, Pitas",1076.0,0.1,2.4,0.59,9.4,3.8,0.0,-1,B,80.0,A,https://world.openfoodfacts.org/product/5054070479179/pitta-breads-asda
"Bagels Semillas 8,8%",Bimbo,"Alimentos e bebidas à base de plantas,Alimentos à base de plantas,Cereais e batatas,Pães,Pães especiais,en:Bagel breads",1252.0,0.6,9.4,0.76,11.0,5.1,0.0,0,B,79.0,A,https://world.openfoodfacts.org/product/8412600018323/bagels-semillas-8-8-bimbo
Plain bagels,Asda,"Plant-based foods and beverages, Plant-based foods, Cereals and potatoes, Breads, Special breads, Bagel breads",1122.0,0.3,5.3,0.6,9.3,3.4,2.65,0,B,75.0,A,https://world.openfoodfacts.org/product/5057172612833/plain-bagels-asda
Multiseed Loaf,Sainsbury's Taste The Difference,"Plant-based foods and beverages, Plant-based foods, Cereals and potatoes, Breads, Sliced breads, Multigrain sliced breads",1546.0,1.1,2.4,1.09,14.0,5.9,1.5,0,B,85.0,A,https://world.openfoodfacts.org/product/01050974/multiseed-loaf-sainsbury-s-taste-the-difference
Seeded Batch,Hovis,"Plant-based foods and beverages,Plant-based foods,Cereals and potatoes,Breads,Sliced breads,Seeded bread",1086.0,0.7,4.6,0.91,9.8,4.9,0.0,0,B,70.0,B,https://world.openfoodfacts.org/product/5010003065604/seeded-batch-hovis
4 Muffins Nature,Carrefour,"Plant-based foods and beverages, Plant-based foods, Cereals and potatoes, Breads, Special breads, English muffins, en:pastries",965.0,0.2,2.9,0.68,10.0,2.4,0.0,-1,B,80.0,A,https://world.openfoodfacts.org/product/3245412694455/pain-muffin-nature-carrefour
Sainsburys Lightly Seeded Bread thick sliced 800g,By sainsbury's,"Plant-based foods and beverages, Plant-based foods, Cereals and potatoes, Breads, Sliced breads",972.0,0.6,2.8,0.8,8.6,3.2,0.4,-1,B,60.0,B,https://world.openfoodfacts.org/product/00490160/sainsburys-lightly-seeded-bread-thick-sliced-800g-by-sainsbury-s
Multiseed & Cereal Bagel Slims,Fitzgerald Family Bakery,"Plant-based foods and beverages, Plant-based foods, Cereals and potatoes, Breads, Special breads, Bagel breads",1140.0,0.833,6.04,1.23,11.0,7.08,3.02,0,B,88.0,A,https://world.openfoodfacts.org/product/5099077002265/multiseed-cereal-bagel-slims-fitzgerald-family-bakery
PAN RUSTICO,Schär,"Plant-based foods and beverages, Plant-based foods, Cereals and potatoes, Specific products, Products for specific diets, Breads, Products without gluten, Gluten-free breads",956.0,0.4,6.3,1.0,3.8,6.7,3.5,0,B,75.0,A,https://world.openfoodfacts.org/product/8008698024188/pan-rustico-schar
Vollkorn Complet Integrale,Migros,"Cibi e bevande a base vegetale, Cibi a base vegetale, Cereali e patate, Pani, Pancarré, Toast, Pani integrali, en:Wholemeal sliced breads",1038.0,0.4,1.7,1.5,11.0,7.1,0.673177083333336,0,B,75.0,A,https://world.openfoodfacts.org/product/7613404249895/vollkorn-complet-integrale-migros
Pâine cu secară,Vel Pitar,"Plant-based foods and beverages, Plant-based foods, Cereals and potatoes, Breads, Rye breads, en:wholemeal-breads",997.0,0.3,2.6,1.2,9.2,5.0,0.0,0,B,77.0,A,https://world.openfoodfacts.org/product/5941143013661/70098-vel-pitar-secara
Gluten Free Multi Seeded Farmhouse,Genius,"Plant-based foods and beverages, Plant-based foods, Cereals and potatoes, Specific products, Products for specific diets, Breads, Products without gluten, Special breads, Gluten-free breads, en:sliced-breads",1022.0,0.8,0.9,1.06,6.5,10.9,1.16666666666666,-1,B,70.0,B,https://world.openfoodfacts.org/product/5060746960513/gluten-free-multi-seeded-farmhouse-genius
Saaten-Sandwich,"Goldähren,Lieken","Plant-based foods and beverages,Plant-based foods,Cereals and potatoes,Breads,Sliced breads,Toasts",1260.0,0.933,3.47,1.0,10.0,5.33,4.2,-1,B,76.0,A,https://world.openfoodfacts.org/product/4061458045827/saaten-sandwich-goldahren
Biscottes très pauvres en sel,Casino,"Plant-based foods and beverages, Plant-based foods, Cereals and potatoes, Specific products, Products for specific diets, Breads, Products with reduced salt, Rusks, fr:biscottes-pauvres-en-sel, en:rusks-without-salt",1710.0,0.7,7.2,0.0,11.0,4.1,0.0,0,B,78.0,A,https://world.openfoodfacts.org/product/3222471167199/biscottes-tres-pauvres-en-sel-casino
M&S Wildfarmed White Bread,M&S,"Plant-based foods and beverages, Plant-based foods, Cereals and potatoes, Breads, Wheat-flour-sourdough, en:sliced-breads",1062.0,0.2,2.8,0.78,9.2,3.9,0.0,0,B,74.0,B,https://world.openfoodfacts.org/product/29296071/m-s-wildfarmed-white-bread
Schar Maestro Cereale,Schär,"Alimentos y bebidas de origen vegetal,Alimentos de origen vegetal,Cereales y patatas,Congelados,Comidas preparadas,Pizzas - empanadas y quiches,Panes,Pizzas,Panes especiales,Pizza y tartas congeladas,Pizzas congeladas,en:Panini breads",1044.0,0.8,4.1,0.97,4.5,9.9,0.0,0,B,73.0,B,https://world.openfoodfacts.org/product/10086988/schar-maestro-cereale
Burger Vegetali Con Semi Di Lino E Zucca,Vemondo,"Plant-based foods and beverages, Plant-based foods, Meat alternatives, Sandwiches, Meat analogues, Vegetarian patties, en:breads",1118.0,2.3,0.6,0.66,15.0,0.0,34.7,2,B,64.0,B,https://world.openfoodfacts.org/product/20047429/burger-vegetali-con-semi-di-lino-e-zucca-vemondo
Oaty Farmhouse Bread,Marks & Spencer,"Plant-based foods and beverages, Plant-based foods, Cereals and potatoes, Breads, en:sliced-breads",1068.0,0.9,3.6,0.75,10.7,4.3,0.375,-1,B,60.0,B,https://world.openfoodfacts.org/product/00162838/oaty-farmhouse-bread-marks-spencer
Meisterbäckers Mehrkorn,Schär,"Plant-based foods and beverages, Plant-based foods, Cereals and potatoes, Specific products, Products for specific diets, Breads, Products without gluten, Gluten-free breads, en:sliced-breads",1044.0,0.8,4.1,0.97,4.5,9.9,0.150000000000001,0,B,72.0,B,https://world.openfoodfacts.org/product/8008698027424/meisterbackers-mehrkorn-schar
WHITE FARMHOUSE,TESCO,"Plant-based foods and beverages, Plant-based foods, Cereals and potatoes, Breads, Sliced breads, White breads",1004.0,0.4,2.1,0.7,8.6,4.0,0.35,-1,B,72.0,B,https://world.openfoodfacts.org/product/5057545715666/white-farmhouse-tesco
White cob with sourdough,Warburton,"Plant-based foods and beverages, Plant-based foods, Cereals and potatoes, Specific products, Products for specific diets, Breads, Products without gluten, Gluten-free breads",991.0,0.6,1.9,0.74,4.1,5.4,1.49356617647059,-1,B,82.0,A,https://world.openfoodfacts.org/product/5010044007847/white-cob-with-sourdough-warburton
Tartines craquante au blé complet,Auchan,"extruded crispbreads, Pains, en:Dried breads",1476.0,0.4,3.9,1.2,10.0,14.0,0.0,-1,B,75.0,A,https://world.openfoodfacts.org/product/3596710531592/tartines-craquante-au-ble-complet-auchan
Biscottes sans sel ajouté,Auchan,"Plant-based foods and beverages, Plant-based foods, Cereals and potatoes, Specific products, Products for specific diets, Breads, Products with reduced salt, Rusks, fr:biscottes-pauvres-en-sel, en:rusks-without-salt",1698.0,0.6,6.9,0.01,11.0,4.3,0.0,-1,B,80.0,A,https://world.openfoodfacts.org/product/3254560046214/biscottes-sans-sel-ajoute-auchan
Tartine p'tit dej complet sans sucres ajoutes 410 gr offre economique,Jacquet,"Plant-based foods and beverages, Plant-based foods, Cereals and potatoes, Breads, Sliced breads, Wholemeal breads, en:wholemeal-sliced-breads",1127.0,0.5,5.3,1.0,10.0,6.2,3.3515625,-1,B,84.0,A,https://world.openfoodfacts.org/product/3029330069942/tartine-p-tit-dej-complet-sans-sucres-ajoutes-410-gr-offre-economique-jacquet
Rustic Granary Bloom,Hovis,"Plant-based foods and beverages, Plant-based foods, Cereals and potatoes, Breads, en:sliced-breads",1170.0,0.8,3.8,0.895,9.8,4.2,0.5,0,B,60.0,B,https://world.openfoodfacts.org/product/5010003065666/rustic-granary-bloom-hovis
Jackson of Yorkshire tiger bloomer,Jacksons of Yorkshire,"Plant-based foods and beverages, Plant-based foods, Cereals and potatoes, Breads, Baguettes, White breads, fr:Pains de tradition française, Baguette made with type T55-T110 flour, Bread white from wheat flour of the highest grade GOST 26987-86, en:sliced-breads",1041.0,0.6,2.0,0.8,9.7,3.4,0.000609564012094665,-1,B,77.0,A,https://world.openfoodfacts.org/product/5056142401804/jackson-of-yorkshire-tiger-bloomer-jacksons-of-yorkshire
Biona Organic Rye Bread imp,Biona Organic,"Aliments et boissons à base de végétaux,Aliments d'origine végétale,Céréales et pommes de terre,Pains,Pains de seigle",789.0,0.3,3.7,1.1,4.2,10.0,0.0,0,B,77.0,A,https://world.openfoodfacts.org/product/5032722301214/biona-organic-rye-bread-imp
Seeded folded flatbreads,M&S Food,"Plant-based foods and beverages,Plant-based foods,Cereals and potatoes,Breads,Flatbreads,White breads,Wheat breads,Wheat flatbreads",1363.0,0.9,2.0,0.68,9.3,4.5,0.0,0,B,73.0,B,https://world.openfoodfacts.org/product/00094436/seeded-folded-flatbreads-m-s-food
Pan de molde sin gluten,La Cestera,"Plant-based foods and beverages, Plant-based foods, Cereals and potatoes, Breads, Special breads, en:gluten-free-sliced-breads",938.0,0.8,1.9,1.25,2.6,11.3,0.0,0,B,70.0,B,https://world.openfoodfacts.org/product/20796327/pan-de-molde-sin-gluten-la-cestera
Bake at Home Brown Baguettes,"Sainsbury's,By sainsbury's","Plant-based foods and beverages, Plant-based foods, Cereals and potatoes, Breads, Baguettes, fr:Pains de tradition française, Brown bread baguette with flour type 80",1206.0,0.2,4.5,0.77,8.8,4.4,0.0,0,B,84.0,A,https://world.openfoodfacts.org/product/01577433/bake-at-home-brown-baguettes-sainsbury-s
Galettes de riz complet au sésame,Auchan Bio,"Aliments et boissons à base de végétaux, Aliments d'origine végétale, Céréales et pommes de terre, Céréales et dérivés, Galettes de céréales soufflées, Galettes de riz soufflé, Galettes de riz complet soufflé, Pains, en:Dried breads",1651.0,0.6,0.8,0.28,8.1,3.1,0.0,-1,B,69.0,B,https://world.openfoodfacts.org/product/3596710519712/galettes-de-riz-complet-au-sesame-auchan-bio
100% Integral Familiar,Hacendado,"Alimentos e bebidas à base de plantas,Alimentos à base de plantas,Cereais e Batatas,Pães,Pães de forma,en:Wholemeal breads,Pães de forma integral",1009.0,0.5,4.0,1.2,10.0,6.0,0.0,0,B,75.0,A,https://world.openfoodfacts.org/product/8480000824776/100-integral-familiar-hacendado
White seeded farmhouse 8 seed blend,Deluxe,"Plant-based foods and beverages, Plant-based foods, Cereals and potatoes, Breads, Sliced breads, Multigrain sliced breads",1100.0,0.5,2.6,0.975,10.4,4.8,1.17343750000001,-1,B,61.0,B,https://world.openfoodfacts.org/product/4056489520016/white-seeded-farmhouse-8-seed-blend-deluxe
Pain façon campagnard,"Marque Repère,Chaque Jour","Plant-based foods and beverages,Plant-based foods,Cereals and potatoes,Specific products,Products for specific diets,Breads,Products without gluten,Gluten-free breads",962.0,0.7,2.4,1.28,3.3,8.3,0.00072479248046875,0,B,75.0,A,https://world.openfoodfacts.org/product/3564700653593/pain-facon-campagnard-marque-repere
Panini,By sainsbury's,Panini bread,1125.0,1.0,3.4,0.6875,10.5,3.3,4.0,-1,B,73.0,B,https://world.openfoodfacts.org/product/01197396/panini-by-sainsbury-s
Galettes 4 cereales,"Auchan, Auchan Bio","Plant-based foods and beverages, Plant-based foods, Cereals and potatoes, Cereals and their products, Breads, Puffed cereal cakes, Dried breads, Puffed multigrain cakes, en:puffed-rice-cakes",1639.0,0.4,0.8,0.28,8.0,3.2,0.0,-1,B,64.0,B,https://world.openfoodfacts.org/product/3596710519736/galettes-4-cereales-auchan
Vollkorn Toast,Golden Toast,"plant-based-foods-and-beverages, plant-based-foods, cereals-and-potatoes, breads, sliced-breads, toasts, de:brote, de:geschnittenes-brot, de:getreide-und-kartoffeln, de:pflanzliche-lebensmittel, pflanzliche-lebensmittel-und-getränke, de:toastbrote",1119.0,0.5,4.3,1.1,8.8,6.5,4.5,0,B,77.0,A,https://world.openfoodfacts.org/product/4009249022565/vollkorn-toast-golden-toast
Super Oaty,Roberts,"Plant-based foods and beverages,Plant-based foods,Cereals and potatoes,Breads,Sliced breads",1024.0,0.3,3.0,1.0,9.7,4.1,0.5,0,B,70.0,B,https://world.openfoodfacts.org/product/5011579450146/super-oaty-roberts
Tramezzino,Schär,"Plant-based foods and beverages,Plant-based foods,Cereals and potatoes,Specific products,Products for specific diets,Breads,Products without gluten,Gluten-free breads,Sliced breads,Gluten-free sliced breads",944.0,0.4,4.3,1.1,5.4,8.9,-0.202083333333334,-1,B,70.0,B,https://world.openfoodfacts.org/product/8008698037720/tramezzino-schar
Pains aux graines sans gluten,"U, U Sans Gluten","Plant-based foods and beverages, Plant-based foods, Cereals and potatoes, Specific products, Products for specific diets, Breads, Products without gluten, Gluten-free breads, Special breads",1003.0,1.1,1.7,1.2,3.8,11.0,0.0,0,B,81.0,A,https://world.openfoodfacts.org/product/3256225427857/pains-aux-graines-sans-gluten-u
50/50 Bread,Kingsmill,"Plant-based foods and beverages, Plant-based foods, Cereals and potatoes, Breads, Sliced breads",993.0,0.5,3.5,0.95,9.2,4.9,0.2375,0,B,60.0,B,https://world.openfoodfacts.org/product/5010092236541/50-50-bread-kingsmill
Rustic White Sourdough,Promise Gluten Free,"Plant-based foods and beverages, Plant-based foods, Cereals and potatoes, Breads, Sliced breads",770.0,0.3,0.8,1.01,1.7,19.8,0.0,0,B,77.0,A,https://world.openfoodfacts.org/product/5391526414880/rustic-white-sourdough-promise-gluten-free
Galettes de riz complet biologiques,Auchan Bio,"Aliments et boissons à base de végétaux, Aliments d'origine végétale, Céréales et pommes de terre, Céréales et dérivés, Galettes de céréales soufflées, Galettes de riz soufflé, Galettes de riz complet soufflé, Pains, en:Dried breads",1640.0,0.5,0.8,0.28,8.0,3.0,0.0,-1,B,69.0,B,https://world.openfoodfacts.org/product/3596710519729/galettes-de-riz-complet-biologiques-auchan-bio
Brown Seeded Loaf,Made Without,"Plant-based foods and beverages,Plant-based foods,Cereals and potatoes,Specific products,Products for specific diets,Breads,Products without gluten,Gluten-free breads,Sliced breads,Gluten-free sliced breads",1246.0,1.4,2.8,0.85,5.6,10.3,0.0,-1,B,74.0,B,https://world.openfoodfacts.org/product/00731492/brown-seeded-loaf-made-without
Chia Wholemeal Bread,Brennans,"Plant-based foods and beverages, Plant-based foods, Cereals and potatoes, Seeds, Cereals and their products, Cereal grains, Breads, Sliced breads, White breads, Bread white from wheat flour of the highest grade GOST 26987-86, en:wholemeal-breads",983.0,0.75,15.5,0.0,24.25,2.75,0.95,-4,B,60.0,B,https://world.openfoodfacts.org/product/5011059001592/chia-wholemeal-bread-brennans
Типов хляб тип ръчен нарязан,Родна Стряха,"Plant-based foods and beverages,Plant-based foods,Cereals and potatoes,Cereals and their products,Breads,Sliced breads,White breads,Wheat breads",1038.0,0.1,2.0,0.9,7.5,5.0,0.0,0,B,79.0,A,https://world.openfoodfacts.org/product/4056489473909/%D1%82%D0%B8%D0%BF%D0%BE%D0%B2-%D1%85%D0%BB%D1%8F%D0%B1-%D1%80%D1%8A%D1%87%D0%B5%D0%BD-%D0%BD%D0%B0%D1%80%D1%8F%D0%B7%D0%B0%D0%BD-%D1%80%D0%BE%D0%B4%D0%BD%D0%B0-%D1%81%D1%82%D1%80%D1%8F%D1%85%D0%B0
Gluten Free 4 Triple Seeded Rolls,Genius,"Bread rolls, Multi-seeded bread rolls, en:gluten-free-breads",1393.0,1.1,2.1,1.0,5.1,10.0,4.0,0,B,68.0,B,https://world.openfoodfacts.org/product/5060195900313/gluten-free-4-triple-seeded-rolls-genius
Tuscan Mixed Grain,Freya's,"Plant-based foods and beverages,Plant-based foods,Cereals and potatoes,Breads,Sliced breads,Multigrain sliced breads",1080.0,0.6,3.0,0.975,10.2,5.1,0.1875,-1,B,83.0,A,https://world.openfoodfacts.org/product/9414987007326/tuscan-mixed-grain-freya-s
Landbrot mit Buchweizen,Schär,"Plant-based foods and beverages,Plant-based foods,Cereals and potatoes,Specific products,Products for specific diets,Breads,Products without gluten,Special breads,Gluten-free breads,Crispbreads",932.0,0.4,2.6,1.1,4.2,8.2,0.0,-1,B,73.0,B,https://world.openfoodfacts.org/product/8008698028315/schar-buckwheat-country-bread
Fries Roggebrood,Bolletje,"Plant-based foods and beverages,Plant-based foods,Cereals and potatoes,Breads,Rye breads",851.0,0.3,9.3,0.94,5.9,9.1,0.0,-1,B,82.0,A,https://world.openfoodfacts.org/product/8710482533614/fries-roggebrood-bolletje
Pan de molde 100% integral con corteza,Carrefour,"Plant-based foods and beverages, Plant-based foods, Cereals and potatoes, Breads, Sliced breads, Multigrain sliced breads, es:Pan de molde integral, en:wholemeal-sliced-breads",999.0,0.7,3.6,1.2,10.0,5.7,0.0,-1,B,70.0,B,https://world.openfoodfacts.org/product/8431876281040/pan-de-molde-100-integral-con-corteza-carrefour
original mixed grain TOAST,VOGEL'S,Multigrain sliced breads,841.0,0.387,3.1,1.07,11.0,5.17,0.0,-1,B,76.0,A,https://world.openfoodfacts.org/product/9414987008194/original-mixed-grain-toast-vogel-s
hot dog rustique,Dulcesol,"Plant-based foods and beverages,Plant-based foods,Cereals and potatoes,Breads,Special breads,Hot dog buns",1190.0,1.0,6.2,1.2,9.9,5.4,0.0,0,B,68.0,B,https://world.openfoodfacts.org/product/8410087402383/hot-dog-rustique-dulcesol
100% mie seigle te,"Harris, Harrys","Plant-based foods and beverages, Plant-based foods, Cereals and potatoes, Breads, Sliced breads, fr:Pain de mie seigle, en:rye-breads, Surgelés, Pains surgelés",1114.0,0.4,5.4,1.0,7.7,5.5,10.2544921875,0,B,77.0,A,https://world.openfoodfacts.org/product/3228857001989/100-mie-seigle-harris
Bio-Sandwich - Mehrkorn,"Gut Bio, Lieken","Plant-based foods and beverages, Plant-based foods, Cereals and potatoes, Breads, en:sliced-breads",1268.0,0.8,5.6,1.0,9.8,4.2,3.65,0,B,72.0,B,https://world.openfoodfacts.org/product/4061461670023/bio-sandwich-mehrkorn-gut-bio
GOSH! Aloo Tikki Bites,Gosh,"Plant-based foods and beverages, Plant-based foods, Legumes and their products, Snacks, Legumes, Seeds, Legume seeds, Pulses, Lentils, Variety packs, Green lentils, Prepared foods variety packs, Indian snacks, Potato, Vegetable bites, en:breads",729.0,0.7,5.8,0.72,6.7,5.6,61.0406786160162,-3,B,80.0,A,https://world.openfoodfacts.org/product/5036829757745/gosh-aloo-tikki-bites
quadrottine,"Sapori & Piaceri, sapori e piaceri","Plant-based foods and beverages,Plant-based foods,Cereals and potatoes,Breads,Sliced breads,Multigrain sliced breads",1247.0,1.0,8.4,1.1,11.0,9.0,0.5,-1,B,76.0,A,https://world.openfoodfacts.org/product/8029404011230/quadrottine-sapori-piaceri
Chleb Tostowy Z Mąką Pełnoziarnistą,Piekarnia w sercu Lidla,"Żywność i napoje na bazie roślin,Żywność na bazie roślin,Zboża i ziemniaki,Chleb,Chleb krojony,en:Multigrain sliced breads",1046.0,0.4,1.7,1.17,9.5,6.9,0.585,-1,B,71.0,B,https://world.openfoodfacts.org/product/20319205/chleb-torfowy-z-m%C4%85k%C4%85-pe%C5%82noziarnist%C4%85-piekarnia-w-sercu-lidla
Integral Sem Côdea,Bimbo,"Pães,en:Wholemeal sliced breads,Pães de forma,Pães especiais,en:Wheat breads",1015.0,0.9,4.1,0.96,11.0,5.3,0.0,-1,B,75.0,A,https://world.openfoodfacts.org/product/5601027946200/integral-sem-codea-bimbo
Pumpernickel,Mestemacher,"Plant-based foods and beverages, Plant-based foods, Cereals and potatoes, Breads, Pumpernickel, Rye breads",881.0,0.3,6.4,1.2,5.4,10.2,5.20833333333333,-1,B,82.0,A,https://world.openfoodfacts.org/product/4000446001216/pumpernickel-mestemacher
Pumpernickel,Lidl,"Plant-based foods and beverages,Plant-based foods,Cereals and potatoes,Breads,Bakery products,German bakery products,Pumpernickel,Rye breads,Westphalian Pumpernickel",745.0,0.3,6.2,0.81,4.4,9.6,0.0,-1,B,86.0,A,https://world.openfoodfacts.org/product/4056489026051/pumpernickel-lidl
Super soft sandwich wholemeal bread,Ölz,"Aliments et boissons à base de végétaux, Aliments d'origine végétale, Céréales et pommes de terre, Pains, Pains de mie, Pains complets, Pains de mie complet",1029.0,0.4,2.3,1.2,9.3,6.9,0.877403846153847,-1,B,77.0,A,https://world.openfoodfacts.org/product/9005300010347/super-soft-sandwich-wholemeal-bread-olz
Tortillas de maíz artesanales sin gluten,Nagual,"Plant-based foods and beverages,Plant-based foods,Cereals and potatoes,Specific products,Products for specific diets,Breads,Products without gluten,Flatbreads,Gluten-free breads,White breads,Wheat breads,Wheat flatbreads",883.0,0.4,0.9,1.1,4.5,6.6,0.0,0,B,73.0,B,https://world.openfoodfacts.org/product/8437011855015/tortillas-de-maiz-artesanales-sin-gluten-nagual
100% integral sin azúcares añadidos,Consum,"Alimentos y bebidas de origen vegetal, Alimentos de origen vegetal, Cereales y patatas, Panes, Panes de molde, Panes integrales, Panes de molde integrales",1062.0,0.8,1.6,1.4,9.2,6.7,0.0,0,B,70.0,B,https://world.openfoodfacts.org/product/8414807529541/100-integral-sin-azucares-anadidos-consum
Free From Seeded White Sliced Loaf,Asda,"Plant-based foods and beverages,Plant-based foods,Cereals and potatoes,Breads,Sliced breads",1147.0,1.0,1.7,0.84,3.5,10.0,11.6127450980392,-1,B,70.0,B,https://world.openfoodfacts.org/product/5054781844013/free-from-seeded-white-sliced-loaf-asda
Pitta Bread,Dina,"Plant-based foods and beverages, Plant-based foods, Cereals and potatoes, Breads, Flatbreads, Special breads, en:pitas",931.0,0.3,0.4,0.5,5.8,2.5,0.0,0,B,75.0,A,https://world.openfoodfacts.org/product/5022824040487/pitta-bread-dina
Mehrkorntoast,"Ölz der Meisterbäcker, Ölz","Plant-based foods and beverages, Plant-based foods, Cereals and potatoes, Breads, Toasts, en:sliced-breads",1146.0,0.5,2.7,1.2,8.5,6.1,2.5,0,B,79.0,A,https://world.openfoodfacts.org/product/9005300009594/mehrkorntoastbrot-olz-der-meisterbacker
ORIGINAL TOAST,MOLENBERG,"Plant-based foods and beverages, Plant-based foods, Cereals and potatoes, Breads, Sliced breads, en:toasts",990.0,0.540540540540541,1.89189189189189,0.945945945945945,10.9459459459459,4.05405405405405,0.472972972972973,-1,B,70.0,B,https://world.openfoodfacts.org/product/9414987000426/original-toast-molenberg
Multimedia batch,One Stop,"Plant-based foods and beverages, Plant-based foods, Cereals and potatoes, Breads, en:sliced-breads",1101.0,0.7,2.9,0.92,9.7,4.0,0.1953125,0,B,80.0,A,https://world.openfoodfacts.org/product/5019180078872/multimedia-batch-one-stop
Farine de maïs,"Auchan, Santé","Plant-based foods and beverages, Plant-based foods, Cereals and potatoes, Cereals and their products, Flours, Cereal flours, Cornmeal, en:breads, Assortiments d'aliments, Assortiments d'aliments préparés",1479.0,0.1,1.0,0.01,6.5,3.4,0.0,-1,B,80.0,A,https://world.openfoodfacts.org/product/3596710443017/farine-de-mais-auchan
Quickbury Rye Bread,Quickbury,"Plant-based foods and beverages, Plant-based foods, Cereals and potatoes, Breads, Rye breads",804.0,0.2,2.9,1.25,5.2,10.6,0.0,-1,B,82.0,A,https://world.openfoodfacts.org/product/4028491400907/quickbury-rye-bread
Brown Seeded Loaf,BFree,"Plant-based foods and beverages, Plant-based foods, Cereals and potatoes, Specific products, Products for specific diets, Breads, Products without gluten, Gluten-free breads, Sliced breads, Special breads, Gluten-free sliced breads",1157.0,1.0,4.2,0.9,5.1,10.4,5.97826086956522,-1,B,70.0,B,https://world.openfoodfacts.org/product/5391521690012/brown-seeded-loaf-bfree
Goed Bezig! Fruitige Crackers Appel,Bolletje,"Plantaardige levensmiddelen en dranken, Plantaardige levensmiddelen, Snacks, Granen en aardappels, Zoete snacks, Koekjes en cakes, Koekjes, Broden, Knäckebrot",1749.0,0.7,17.0,0.4,8.3,8.8,14.5,0,B,64.0,B,https://world.openfoodfacts.org/product/8710482534093/goed-bezig-fruitige-crackers-appel-bolletje
Fullkorn tortilla wraps (25cm),TEXMEX,"Plant-based foods and beverages,Plant-based foods,Cereals and potatoes,Breads,Flatbreads,White breads,Wheat breads,Wheat flatbreads,Wholemeal breads",1213.0,1.1,2.7,0.9825,9.3,6.4,4.0,-1,B,85.0,A,https://world.openfoodfacts.org/product/7032069715543/fullkorn-tortilla-wraps-texmex
5 Sesame Seed Bagels,Connell bakery,Bagel breads,1139.0,0.5,9.3,0.53,10.3,3.4,0.0,0,B,65.0,B,https://world.openfoodfacts.org/product/20417680/5-sesame-seed-bagels-connell-bakery
Javisst!,Pågen,"Plantebaserede fødevarer og drikkevarer,Plantebaserede fødevarer,Korn og kartofler,Brød,Sandwich bread",1197.0,0.9,3.5,1.0,10.0,5.5,0.0,-1,B,84.0,A,https://world.openfoodfacts.org/product/7311070032161/javisst-pagen
Soft Brown Rolls,The Bakery at ASDA,"plant-based-foods-and-beverages, plant-based-foods, cereals-and-potatoes, breads, hr:buns, wholemeal-breads, bread-rolls, wholemeal-rolls-for-hamburger, toasted-bread-rolls",981.0,0.296,4.89,0.844,8.59,5.78,0.00143612132352899,-1,B,77.0,A,https://world.openfoodfacts.org/product/5063089478226/soft-brown-rolls-the-bakery-at-asda
Fines Tranches  de pain grillé au blé complet,Franprix,"Plant-based foods and beverages,Plant-based foods,Cereals and potatoes,Breads,Toasts",426.0,0.3,1.3,0.33,4.0,2.0,2.875,-1,B,86.0,A,https://world.openfoodfacts.org/product/3263850585111/fines-tranches-de-pain-grille-au-ble-complet-franprix
Pan pita de trigo integral,Libanius,"Plant-based foods and beverages, Plant-based foods, Cereals and potatoes, Breads, Wholemeal breads, Groceries, en:pitas",1023.4,0.0,4.4,0.8685,9.0,7.0,0.0,-1,B,82.0,A,https://world.openfoodfacts.org/product/7502209115224/pan-pita-de-trigo-integral-libanius
Pita Bread,Cedar's Bread,"Plant-based foods and beverages, Plant-based foods, Cereals and potatoes, Breads, Flatbreads, es:Pan de pita, en:pitas",1308.0,0.2,3.5,0.21,8.2,2.7,0.0,-1,B,75.0,A,https://world.openfoodfacts.org/product/8437015138015/pita-bread-cedar-s-bread
"American Sandwich Complet Géant 900 GR, 1 Pièce",,"Plant-based foods and beverages, Plant-based foods, Cereals and potatoes, Breads, Sliced breads",1072.0,0.5,5.9,1.25,8.6,8.0,0.0,0,B,70.0,B,https://world.openfoodfacts.org/product/3228850000521/american-sandwich-complet-geant-900-gr-1-piece
100% Whole Wheat Bread,Wonder,"Plant-based foods and beverages, Plant-based foods, Cereals and potatoes, Breads, Sliced breads, White breads, Wheat breads",1130.0,1.59,3.17,1.03,11.1,6.35,0.0,-1,B,70.0,B,https://world.openfoodfacts.org/product/0064947130978/100-whole-wheat-bread-wonder
Vollkorntoastbrot,American,"Plant-based foods and beverages, Plant-based foods, Cereals and potatoes, Breads, Sliced breads, Wholemeal breads, Wholemeal sliced breads, en:toasts",1081.0,0.5,4.0,1.1,8.5,6.5,4.60714285714286,0,B,70.0,B,https://world.openfoodfacts.org/product/4099200009827/vollkorntoastbrot-american
Vollkorn Toast,Gut & Günstig,"Plant-based foods and beverages, Plant-based foods, Cereals and potatoes, Breads, Sliced breads, Wholemeal breads, Wholemeal sliced breads, en:toasts",1049.0,0.6,2.0,1.0,8.0,6.0,4.5,-1,B,75.0,A,https://world.openfoodfacts.org/product/4311501709566/vollkorn-toast-gut-gunstig
Dinkel Sandwich,REWE Beste Wahl,"Pflanzliche Lebensmittel und Getränke, Pflanzliche Lebensmittel, Getreide und Kartoffeln, Brote, Geschnittenes Brot, Vollkornbrote, Vollkorntoast, Dinkelbrot",1036.0,0.3,4.7,1.0,10.0,5.1,2.734375,0,B,75.0,A,https://world.openfoodfacts.org/product/4337256104623/dinkel-sandwich-rewe-beste-wahl
Tesco finest tiger bread,Tesco,"Plant-based foods and beverages,Plant-based foods,Cereals and potatoes,Specific products,Products for specific diets,Breads,Products without gluten,Gluten-free breads,Sliced breads,Gluten-free sliced breads",1005.0,0.2,6.5,0.7,3.0,7.0,1.48026315789474,-1,B,70.0,B,https://world.openfoodfacts.org/product/5057753921057/tesco-finest-tiger-bread
Pita Bread With Corn Flour,ΚΑΡΑΜΟΛΕΓΚΟΣ,Pitas,909.0,0.7,4.2,0.025,6.2,2.0,0.0,-1,B,81.0,A,https://world.openfoodfacts.org/product/5201673005254/pita-bread-with-corn-flour-%CE%BA%CE%B1%CF%81%CE%B1%CE%BC%CE%BF%CE%BB%CE%B5%CE%B3%CE%BA%CE%BF%CF%83
Tiger rolls,m&s,"Plant-based foods and beverages, Plant-based foods, Cereals and potatoes, Specific products, Products for specific diets, Breads, Products without gluten, Gluten-free breads, White breads",1167.0,0.6,4.6,1.0,2.5,7.5,0.0,0,B,83.0,A,https://world.openfoodfacts.org/product/29184248/tiger-rolls-m-s
Wholemeal Sliced,Village Bakery,"Plant-based foods and beverages, Plant-based foods, Cereals and potatoes, Breads, Sliced breads, Wholemeal breads",947.0,0.3,1.0,1.39,8.4,6.6,0.0,-1,B,70.0,B,https://world.openfoodfacts.org/product/5016926010035/wholemeal-sliced-village-bakery
Marks,Marks & Spencer Everything Grill Burger Buns,"Plant-based foods and beverages, Plant-based foods, Cereals and potatoes, Breads, Special breads, Hamburger buns",1181.0,1.3,4.4,0.58,9.9,4.0,3.7109375,0,B,58.0,C,https://world.openfoodfacts.org/product/29350223/marks-marks-spencer-everything-grill-burger-buns
Pro Vitalschnitte,REWE Beste Wahl,"Plant-based foods and beverages, Plant-based foods, Cereals and potatoes, Cereals and their products, Breads, en:sliced-breads",1068.0,1.0,1.9,1.1,8.3,6.0,0.0,0,B,70.0,B,https://world.openfoodfacts.org/product/4337256768771/pro-vitalschnitte-rewe-beste-wahl
Pa motlle integral - Bonpreu - Bonpreu,Bonpreu,Sliced breads without crust,1113.0,0.9,2.5,0.83,12.0,4.9,0.0,-1,B,74.0,B,https://world.openfoodfacts.org/product/8422410599097/pa-motlle-integral-bonpreu-bonpreu
Pitta,Eghoyan's Pitta Bakery Ltd.,"Plant-based foods and beverages, Plant-based foods, Cereals and potatoes, Breads, Special breads, Flatbreads, Pitas",1042.0,0.4,4.4,1.0,10.4,5.3,0.0,-1,B,80.0,A,https://world.openfoodfacts.org/product/5014044006350/pitta-eghoyan-s-pitta-bakery-ltd
Special mie 7 cereales,"Marque Repère, Epi d'Or","Aliments et boissons à base de végétaux, Aliments d'origine végétale, Céréales et pommes de terre, Pains, Pains de mie, Pains de mie aux céréales, Pains de mie sans croûte, Pain de mie sans croûte céréales et graines",1152.0,1.1,4.6,1.0,9.3,6.9,3.25,0,B,74.0,B,https://world.openfoodfacts.org/product/3564700885895/special-mie-7-cereales-marque-repere
Bergkirchener Krustenbrot,Glocken Bäckerei,"Pflanzliche Lebensmittel und Getränke, Pflanzliche Lebensmittel, Getreide und Kartoffeln, Brote, Geschnittenes Brot",936.0,0.3,2.5,1.2,6.9,6.7,0.0,-1,B,75.0,A,https://world.openfoodfacts.org/product/4008745056302/bergkirchener-krustenbrot-glocken-backerei
Roggenmischbrot Schnitten,"Brotland, Gutes aus der Bäckerei","Pflanzliche Lebensmittel und Getränke, Pflanzliche Lebensmittel, Getreide und Kartoffeln, Brote, Roggen- und Weizenbrote, Geschnittenes Brot, Roggenbrote",932.0,0.3,1.7,1.0,7.1,5.2,0.0,0,B,84.0,A,https://world.openfoodfacts.org/product/4071800001159/roggenmischbrot-schnitten-brotland
Sliced hot dog rolls,Sheldon's,"Plant-based foods and beverages, Plant-based foods, Cereals and potatoes, Breads, Special breads, Hot dog buns",1079.0,0.5,2.5,0.8,9.8,1.9,0.4,0,B,63.0,B,https://world.openfoodfacts.org/product/5023528000296/sliced-hot-dog-rolls-sheldon-s
Pâine cu făină graham,Rumeniţa,"Alimente și băuturi pe bază de plante, Alimente pe bază de plante, en:Cereals and potatoes, Pâini, en:Sliced breads",934.0,0.2,0.3,1.0,8.3,5.1,0.0,-1,B,75.0,A,https://world.openfoodfacts.org/product/6422692003192/paine-cu-f%C4%83in%C4%83-graham-rumeni%C5%A3a
Tortillawraps naturel,Albert Heijn,"Plant-based foods and beverages,Plant-based foods,Cereals and potatoes,Sandwiches,Breads,Flatbreads,Wraps,White breads,Wheat breads,Wheat flatbreads",1301.0,1.1,2.5,0.8,8.8,4.4,4.5,0,B,73.0,B,https://world.openfoodfacts.org/product/8718907357371/tortillawraps-naturel-albert-heijn
Pølsebrød,First Price,"en:Plant-based foods and beverages, en:Plant-based foods, en:Cereals and potatoes, en:Breads, en:Special breads, en:Hot dog buns",1264.0,0.7,6.5,0.3925,8.4,2.6,2.4375,0,B,68.0,B,https://world.openfoodfacts.org/product/7311041047361/p%C3%B8lsebr%C3%B8d-first-price
Brot Mehrkorn mit 25 % Saaten 'Voll & Pur',Pema,"Pflanzliche Lebensmittel und Getränke, Pflanzliche Lebensmittel, Getreide und Kartoffeln, Brote, Geschnittenes Brot",1020.0,1.3,0.7,1.1,7.6,10.0,0.0,-1,B,84.0,A,https://world.openfoodfacts.org/product/4000358051866/brot-mehrkorn-mit-25-saaten-voll-pur-pema
Pão Integral Zero Açúcar Panco Pacote 380g,PANCO,"Alimentos e bebidas à base de plantas, Alimentos à base de plantas, Cereais e Batatas, Pães, Pães de forma, en:Wholemeal breads, Pães de forma integral",1000.0,0.0,1.0,1.0,13.6,2.6,0.0,-1,B,76.0,A,https://world.openfoodfacts.org/product/7891203063335/pao-integral-zero-acucar-panco-pacote-380g
REISSUMIES tosi ohut tumma,Oulainen,"Plant-based foods and beverages, Plant-based foods, Cereals and potatoes, Breads, Rye-and-wheat breads, en:rye-breads",1220.0,0.5,12.0,1.0,8.0,12.0,0.0,0,B,84.0,A,https://world.openfoodfacts.org/product/6413467475900/reissumies-tosi-ohut-tumma-oulainen
Chicago Pølsebrød med sesamfrø,Hatting,"en:Plant-based foods and beverages, en:Plant-based foods, en:Cereals and potatoes, en:Breads, en:Special breads, en:Hot dog buns",1269.0,0.7,5.5,0.5,9.69999980926514,2.40000009536743,12.5,0,B,68.0,B,https://world.openfoodfacts.org/product/7020712017595/chicago-p%C3%B8lsebr%C3%B8d-med-sesamfr%C3%B8-hatting
Brotmix,Spar free from,"Breads,Gluten-free sliced breads",896.0,0.4,1.7,0.95,6.5,5.1,0.0,0,B,70.0,B,https://world.openfoodfacts.org/product/9100000131719/brotmix-spar-free-from
Rosemary & Rock Salt Focaccia Rolls,Aldi,"Plant-based foods and beverages, Plant-based foods, Cereals and potatoes, Meals, Breads, Focaccia",1185.0,0.4,1.1,1.01,10.5,4.9,6.11250000000003,0,B,39.0,D,https://world.openfoodfacts.org/product/4088600492650/rosemary-rock-salt-focaccia-rolls-aldi
Harry 1688 Pumpernickel,Harry,"Pflanzliche Lebensmittel und Getränke, Pflanzliche Lebensmittel, Getreide und Kartoffeln, Brote, Pumpernickel, Roggenbrote",831.0,0.3,7.2,1.0,5.1,11.0,0.0,-1,B,84.0,A,https://world.openfoodfacts.org/product/4071800057323/1688-pumpernickel-harry
Roggen Mischbrot,"EDEKA, Gut & Günstig","Plant-based foods and beverages, Plant-based foods, Cereals and potatoes, Breads, Rye breads, en:rye-and-wheat-breads",964.0,0.2,2.5,1.0,7.0,5.5,0.0,-1,B,81.0,A,https://world.openfoodfacts.org/product/4311501000069/roggen-mischbrot-edeka
Tortilla Wraps with whole wheat,"Snack Day,Lidl","Żywność i napoje na bazie roślin, Żywność na bazie roślin, Zboża i ziemniaki, Chleb, en:Flatbreads, en:White breads, Chleb biały, en:Wheat flatbreads",1218.0,1.1,2.7,1.0,9.3,6.4,3.77777777777778,-1,B,78.0,A,https://world.openfoodfacts.org/product/4056489506829/tortilla-wraps-with-whole-wheat-snack-day
White Sliced Bread,Sainsbury's Free From,"Plant-based foods and beverages, Plant-based foods, Cereals and potatoes, Specific products, Products for specific diets, Breads, Products without gluten, Gluten-free breads",892.0,0.4,0.5,0.97,2.1,11.3,0.0,-1,B,68.0,B,https://world.openfoodfacts.org/product/00494151/white-sliced-bread-sainsbury-s-free-from
Sesam Bagel,Smashed,"Żywność i napoje na bazie roślin,Żywność na bazie roślin,Zboża i ziemniaki,Chleb,en:Special breads,en:Bagel breads",1241.0,0.7,5.3,0.72,10.0,4.0,0.0,0,B,75.0,A,https://world.openfoodfacts.org/product/5900864781181/bajgle-z-sezamem-smashed
Bran Bread,Uno,Bran sliced breads,904.0,0.4,3.5,0.9,6.0,6.5,0.0,-1,B,77.0,A,https://world.openfoodfacts.org/product/8690698512835/bran-bread-uno
Roggen Vollkorn-Knäckebr,Tastino,"Alimentos e bebidas à base de plantas,Alimentos à base de plantas,Cereais e Batatas,Pães,en:Crispbreads,en:Rye breads",1345.0,0.3,2.5,1.3,8.3,16.0,0.0,0,B,82.0,A,https://world.openfoodfacts.org/product/20171841/tostas-integral-centeno-centeio-tastino
Seigle complet,Jacquet,"Plant-based foods and beverages, Plant-based foods, Cereals and potatoes, Breads, Rye breads, Wholemeal breads, fr:Pain au Seigle complet",846.0,0.2,3.5,1.1,6.0,9.4,0.0,-1,B,77.0,A,https://world.openfoodfacts.org/product/3029330004257/seigle-complet-jacquet
American sandwich complet 600 g congele,"Harry's frozen, Harrys","Aliments et boissons à base de végétaux, Aliments d'origine végétale, Céréales et pommes de terre, Sandwichs, Pains, Pains de mie, Pains complets, Pains de mie complet",1064.0,0.4,4.9,1.2,7.7,7.2,14.4151515151515,0,B,82.0,A,https://world.openfoodfacts.org/product/3228857000197/american-sandwich-complet-600-g-congele-harry-s-frozen
Delba Whole Grain Rye Bread,Delba,en:rye-breads,841.0,0.20000000298023,4.0,1.2000000476837,5.5999999046326,9.4,0.0,0,B,77.0,A,https://world.openfoodfacts.org/product/4007933131012/delba-whole-grain-rye-bread
Pumpernickel Bread,Delba,"Plant-based foods and beverages, Plant-based foods, Cereals and potatoes, Cereals and their products, Breads, Pumpernickel, ru:Вестфальский хлеб, en:rye-breads",888.0,0.2,7.8,1.2,5.3,9.5,0.0,0,B,84.0,A,https://world.openfoodfacts.org/product/4007933131043/pumpernickel-bread-delba
White Medium,"Morrisons,Morrisons Baked by Us","Plant-based foods and beverages, Plant-based foods, Cereals and potatoes, Breads, Sliced breads",1000.0,0.2,2.8,1.00076,9.1,4.5,0.0,0,B,84.0,A,https://world.openfoodfacts.org/product/5010251154174/white-medium-morrisons
Reissumies tosi tumma,Oulainen,"Plant-based foods and beverages, Plant-based foods, Cereals and potatoes, Breads, Rye breads",1040.0,0.2,8.1,1.1,11.0,9.1,0.0,-1,B,77.0,A,https://world.openfoodfacts.org/product/6413466101503/reissumies-tosi-tumma-oulainen
Goodness Grains - Original Swiss Toast,"Tip Top,Tip Top Bakery","Plant-based foods and beverages, Plant-based foods, Cereals and potatoes, Breads, Sliced breads",980.0,0.5,3.4,1.016,9.4,5.2,0.508,0,B,75.0,A,https://world.openfoodfacts.org/product/9415142006291/goodness-grains-original-swiss-toast-tip-top
4 White Rolls,"Tesco,freeFROM","Plant-based foods and beverages, Plant-based foods, Cereals and potatoes, Specific products, Products for specific diets, Breads, Products without gluten, Gluten-free breads",864.0,0.3,1.6,1.075,4.6,9.1,0.367647058823529,-1,B,73.0,B,https://world.openfoodfacts.org/product/5057008545762/4-white-rolls-tesco
Dobrogea Pâine Neagră (Feliată La Formă),Dobrogea,"Alimente și băuturi pe bază de plante, Alimente pe bază de plante, en:Cereals and potatoes, Pâini, en:Sliced breads, Pâine brună",1019.0,0.6,0.98,1.15,8.6,7.2,0.0968749999999972,-1,B,70.0,B,https://world.openfoodfacts.org/product/5941006884193/dobrogea-paine-neagr%C4%83-feliat%C4%83-la-form%C4%83
Vollkorntoast,Kornmark,"Plant-based foods and beverages, Plant-based foods, Cereals and potatoes, Breads, Toasts",1049.0,0.6,2.0,1.1,8.0,6.0,0.0,0,B,79.0,A,https://world.openfoodfacts.org/product/4009249026969/vollkorntoast-kornmark
Pan sandwich fino integral,Carrefour,"Plant-based foods and beverages, Plant-based foods, Cereals and potatoes, Breads, Wholemeal breads, es:Pan de molde integral, en:sliced-breads",1042.0,0.9,7.0,1.2,12.0,11.0,0.0,-1,B,70.0,B,https://world.openfoodfacts.org/product/8431876251302/pan-sandwich-fino-integral-carrefour
Fette biscottate di farro,Vivibio,"Aliments et boissons à base de végétaux, Aliments d'origine végétale, Céréales et pommes de terre, Pains, Biscottes, Biscottes d'épeautre",1656.0,0.6,2.1,0.88,12.0,5.0,0.0,0,B,76.0,A,https://world.openfoodfacts.org/product/8032077000999/fette-biscottate-di-farro-vivibio
Super fresh bread,,"Plant-based foods and beverages, Plant-based foods, Cereals and potatoes, Breads, Sliced breads, Toasts",980.0,0.4,2.8,1.15,11.4,4.4,0.0,-1,B,77.0,A,https://world.openfoodfacts.org/product/9414255035341/super-fresh-bread
Reale sesam burgerbrød 6 stk,Bakehuset,"Plant-based foods and beverages,Plant-based foods,Cereals and potatoes,Cereals and their products,Breads,Special breads,Hamburger buns",1304.0,1.0,5.3,0.00062,9.0,2.4,1.9875,-1,B,68.0,B,https://world.openfoodfacts.org/product/7041614007286/reale-sesam-burgerbr%C3%B8d-6-stk-bakehuset
Traditional pizza bases,Turkish Bakeries,"Plant-based foods and beverages, Plant-based foods, Cereals and potatoes, Bakery products, Pizza dough, Pizza pastry base, en:breads",956.0,0.0889,1.87,0.962,8.8,3.56,0.0,0,B,84.0,A,https://world.openfoodfacts.org/product/9330801001311/traditional-pizza-bases-turkish-bakeries
il buon pane il pancarrè integrale,Il Buon Pane,"Cibi e bevande a base vegetale, Cibi a base vegetale, Cereali e patate, Cereali e i loro prodotti, Pani, Pancarré",1076.0,1.2,1.8,1.4,9.7,6.6,0.0,0,B,75.0,A,https://world.openfoodfacts.org/product/8005221102993/il-buon-pane-il-pancarre-integrale
Wholemealsliced sandwich bread,La Boulangère,"Aliments et boissons à base de végétaux,Aliments d'origine végétale,Céréales et pommes de terre,Pains,Pains de mie,Pains complets,Pains de mie complet",1100.0,1.0,6.7,1.1,8.8,6.7,8.325,0,B,75.0,A,https://world.openfoodfacts.org/product/3760049798647/wholemealsliced-sandwich-bread-la-boulangere
4 Toasting Muffins,Village Bakery,"Plant-based foods and beverages, Plant-based foods, Snacks, Cereals and potatoes, Sweet snacks, Biscuits and cakes, Breads, Cakes, Muffins, Special breads, English muffins",983.0,0.5,3.9000000953674,0.79,9.3000001907349,3.4,0.0,0,B,61.0,B,https://world.openfoodfacts.org/product/4088600213170/4-toasting-muffins-village-bakery
Pão de Fôrma Integral - Dia - 400g,Dia,"Alimentos e bebidas à base de plantas, Alimentos à base de plantas, Cereais e Batatas, Pães, Pães de forma, en:Wholemeal breads, Pães de forma integral",980.0,0.8,0.0,0.94,8.8,4.6,0.0,-1,B,75.0,A,https://world.openfoodfacts.org/product/8480017637680/pao-de-forma-integral-dia-400g
Pain de Mie complet sans sucres ajoutés,Jacquet,"Plant-based foods and beverages,Plant-based foods,Cereals and potatoes,Breads,Sliced breads,Wholemeal breads,Wholemeal sliced breads,fr:A",1038.0,0.3,3.6,1.1,9.5,6.7,0.55,0,B,84.0,A,https://world.openfoodfacts.org/product/13478643/pain-de-mie-complet-sans-sucres-ajoutes-jacquet
Fuldkornstoast,Xtra,"Plantebaserede fødevarer og drikkevarer,Plantebaserede fødevarer,Korn og kartofler,Brød,en:Sliced breads,en:Wholemeal breads,en:Wholemeal sliced breads",1044.0,0.7,4.7,0.99,7.6,5.6,0.912500000000001,0,B,75.0,A,https://world.openfoodfacts.org/product/5700382788330/fuldkornstoast-xtra
Fin baguette,Lantmännen unibake norge as,"en:Plant-based foods and beverages, en:Plant-based foods, en:Cereals and potatoes, en:Breads, en:Baguettes",960.0,0.2,1.4,0.4,7.0,2.5,0.2,-1,B,77.0,A,https://world.openfoodfacts.org/product/7020712018318/baguette-fin-185g-hatting-lantmannen-unibake-norge-as
Pan de molde integral de trigo,,"Plant-based foods and beverages,Plant-based foods,Cereals and potatoes,Breads,Sliced breads",1005.0,0.8,4.1,1.0,9.5,5.4,0.0,-1,B,70.0,B,https://world.openfoodfacts.org/product/8413176932402/pan-de-molde-integral-de-trigo
Tortillas integrales,Veneziana,"Plant-based foods and beverages,Plant-based foods,Cereals and potatoes,Cereals and their products,Breads,Flatbreads,White breads,Wheat breads,Wheat flatbreads",1202.0,0.8,0.0,0.4775,9.4,3.0,0.0,-1,B,78.0,A,https://world.openfoodfacts.org/product/7791708617517/practi-ricas-integrales-veneziana
Rye kracke,Biona Organic,"Plant-based foods and beverages, Plant-based foods, Cereals and potatoes, Breads, Crispbreads, Rye breads",1479.0,0.3,1.2,1.37,10.0,15.0,0.0,-1,B,82.0,A,https://world.openfoodfacts.org/product/5032722318120/rye-kracke-biona-organic
Tortilla de maíz 15cm,Chilli Gourmet,"Plant-based foods and beverages, Plant-based foods, Cereals and potatoes, Breads, Flatbreads, Corn flatbreads",947.0,0.3,0.9,0.3,4.8,3.4,0.0,-1,B,80.0,A,https://world.openfoodfacts.org/product/8588004113121/tortilla-de-maiz-15cm-chilli-gourmet
Kartanon Ruis,Porokylän,"Kasvipohjaiset ruoat ja juomat, Kasvipohjaiset ruoat, Jyvät ja perunat, Leivät, Ruisleivät",973.0,0.1,2.3,1.2,7.2,5.5,0.0,0,B,84.0,A,https://world.openfoodfacts.org/product/6416192012334/kartanon-ruis-porokylan
Pa de Motlle integral de blt rustic,Ametller Origen,"Alimentos y bebidas de origen vegetal, Alimentos de origen vegetal, Cereales y patatas, Panes, Panes de molde, Panes integrales, Panes de molde integrales",1071.0,0.4,1.2,0.92,9.2,4.5,0.0,0,B,70.0,B,https://world.openfoodfacts.org/product/8436583958612/pa-de-motlle-integral-de-blt-rustic-ametller-origen
Fougasse rustique,Migros Bio,"Plant-based foods and beverages, Plant-based foods, Cereals and potatoes, Breads, fr:fougasses-aux-olives",905.0,0.1,2.1,1.4,10.0,5.9,0.0,-1,B,70.0,B,https://world.openfoodfacts.org/product/7613404892701/fougasse-rustique-migros-bio
Sonnenblumen Kernbrot,"Rewe, Rewe Beste Wahl","Plant-based foods and beverages, Plant-based foods, Cereals and potatoes, Breads, Special breads, Sliced breads",956.0,0.6,3.2,1.0,6.5,5.2,0.0,0,B,70.0,B,https://world.openfoodfacts.org/product/4337256111799/sonnenblumen-kernbrot-rewe
Prima Pølsebrød,Rema 1000,"en:Plant-based foods and beverages, en:Plant-based foods, en:Cereals and potatoes, en:Breads, en:Special breads, en:Hot dog buns, Pølsebrød",1190.0,0.4,4.6,0.37,9.0,2.3,3.0,0,B,68.0,B,https://world.openfoodfacts.org/product/7032069732113/p%C3%B8lsebr%C3%B8d-12-stk-396-g-rema-1000
Schwartzbrot pumpernickel,K-Classic,"Plant-based foods and beverages, Plant-based foods, Cereals and potatoes, Cereals and their products, Breads, Pumpernickel, en:rye-breads",792.0,0.1,3.5,0.9,4.8,9.7,0.0,-1,B,86.0,A,https://world.openfoodfacts.org/product/4337185477447/schwartzbrot-pumpernickel-k-classic
Vilja Fullkorn,Coop,"Plant-based foods and beverages,Plant-based foods,Cereals and potatoes,Breads,Rye-and-wheat breads,Sliced breads",1235.0,0.3,11.0,0.96,9.8,6.4,1.375,0,B,86.0,A,https://world.openfoodfacts.org/product/7300156594839/vilja-fullkorn-coop
Base per pizza,Tre Mulini,"Plant-based foods and beverages, Plant-based foods, Cereals and potatoes, Breads, Bakery products, Pizza dough, Pizza pastry base, en:pizzas",1109.0,0.5,1.2,1.0,12.0,5.2,0.0,-1,B,71.0,B,https://world.openfoodfacts.org/product/8017596129673/base-per-pizza-tre-mulini
Pain façon campagnard riche en fibre sans gluten,"Marque Repère,Chaque Jour Sans Gluten,Leclerc","Plant-based foods and beverages,Plant-based foods,Cereals and potatoes,Specific products,Products for specific diets,Breads,Products without gluten,Gluten-free breads",1002.0,0.3,1.2,0.95,3.9,6.3,0.0,0,B,68.0,B,https://world.openfoodfacts.org/product/356470065359304/pain-facon-campagnard-riche-en-fibre-sans-gluten-marque-repere
Bondlimpa,Coop,"Växtbaserad mat och dryck, Växtbaserad mat, Spannmål och Potatisar, Bröd, en:Sliced breads, en:Multigrain sliced breads, en:Rye breads",1283.0,0.3,3.2,0.7,7.3,3.2,1.0,0,B,84.0,A,https://world.openfoodfacts.org/product/7300156594884/bondlimpa-coop
Original Seeded Batch Warburtons,Warburtons,"Plant-based foods and beverages, Plant-based foods, Cereals and potatoes, Breads, Sliced breads, Seeded High Fibre Bread",1231.0,1.3,2.6,0.95,10.6,6.0,0.859375,-1,B,60.0,B,https://world.openfoodfacts.org/product/39917850/original-seeded-batch-warburtons
Sourdough Bagels,Rebels Bakehouse,Bagel breads,1110.0,0.556,5.0,0.942,12.0,5.0,0.0,0,B,75.0,A,https://world.openfoodfacts.org/product/9418167101354/sourdough-bagels-rebels-bakehouse
Whole Grain Sliced Loaf,the authentic bread company,Sliced breads,933.0,0.9,1.4,1.3,8.7,6.2,0.0,0,B,70.0,B,https://world.openfoodfacts.org/product/5035540100366/whole-grain-sliced-loaf-the-authentic-bread-company
Rebel Bakehouse Bagels Sesame Seed,Rebel Bakehouse,Bagel breads,1129.0,0.5,5.2,0.975,11.5,4.7,1.5,0,B,81.0,A,https://world.openfoodfacts.org/product/9418167101385/rebel-bakehouse-bagels-sesame-seed
White Pitta Breads,Lidl,pitta bread,1057.0,0.2,2.7,0.6,9.6,2.7,0.0,-1,B,75.0,A,https://world.openfoodfacts.org/product/0213518251370/white-pitta-breads-lidl
Rund & Sund,"Östras, Östras Stenugnsbageriet","Plant-based foods and beverages,Plant-based foods,Cereals and potatoes,Breads,Sliced breads,Bran sliced breads",950.0,0.0,4.9,0.7,7.9,5.1,0.045955882352942,-1,B,75.0,A,https://world.openfoodfacts.org/product/7314320053046/rund-sund-ostras
wildfarmed sliced seeded bread,,"Plant-based foods and beverages,Plant-based foods,Cereals and potatoes,Breads,Sliced breads,breads",1057.0,1.1,4.1,0.96,11.7,6.4,0.347222222222221,-1,B,70.0,B,https://world.openfoodfacts.org/product/5065009100392/wildfarmed-sliced-seeded-bread
Sourdough Wholesome Wholemeal,Pat the Baker,"Plant-based foods and beverages, Plant-based foods, Cereals and potatoes, Breads, Sliced breads, en:wholemeal-breads",962.0,0.4,2.3,1.4075,5.7,9.7,0.0,0,B,67.0,B,https://world.openfoodfacts.org/product/5011041003382/sourdough-wholesome-wholemeal-pat-the-baker
Paxamas Barley Rusk,Καραμολέγκος,"Plant-based foods and beverages, Plant-based foods, Cereals and potatoes, Cereals and their products, Breads, el:Παξιμάδια, en:rusks",1385.0,0.3,2.1,1.09,13.7,6.2,0.0,-1,B,89.0,A,https://world.openfoodfacts.org/product/5201673005605/paxamas-barley-rusk-%CE%BA%CE%B1%CF%81%CE%B1%CE%BC%CE%BF%CE%BB%CE%AD%CE%B3%CE%BA%CE%BF%CF%82
American Sandwich complet,Harrys,"Plant-based foods and beverages,Plant-based foods,Cereals and potatoes,Breads,Sliced breads,Wholemeal breads,Wholemeal sliced breads",1178.0,0.5,3.6,1.1,7.7,8.1,2.74462890624999,-1,B,70.0,B,https://world.openfoodfacts.org/product/0611167001344/american-sandwich-complet-harrys
6 seeded burger buns,Rouvan hill bakery,"Plant-based foods and beverages, Plant-based foods, Cereals and potatoes, Breads, Special breads, Hamburger buns",1056.0,0.7,3.1,0.75,8.9,3.9,2.5,0,B,72.0,B,https://world.openfoodfacts.org/product/20719494/6-seeded-burger-buns-rouvan-hill-bakery
Pão de forma integral,Ortiz,"Alimentos e bebidas à base de plantas,Alimentos à base de plantas,Cereais e Batatas,Pães,Pães de forma,en:Wholemeal breads,Pães de forma integral",1028.0,0.5,3.0,1.1,9.4,5.8,0.0,0,B,75.0,A,https://world.openfoodfacts.org/product/8412600027264/pao-de-forma-integral-ortiz
Ploughmans Otago Oats & Seeds,"Ploughmans Bakery,Ploughmans","Plant-based foods and beverages, Plant-based foods, Cereals and potatoes, Breads, Sliced breads",1060.0,0.8,2.7,1.016,11.2,4.5,1.84133333333333,0,B,75.0,A,https://world.openfoodfacts.org/product/9415142008752/ploughmans-otago-oats-seeds-ploughmans-bakery
Σταρένιο με σίκαλη για τοστ,Μαράτα,"en:Plant-based foods and beverages, en:Plant-based foods, en:Cereals and potatoes, en:Breads, en:Sliced breads, en:Slices of whole wheat bread",1025.0,1.4,4.0,1.1,10.5,6.5,3.6,0,B,77.0,A,https://world.openfoodfacts.org/product/2000000121567/%CF%83%CF%84%CE%B1%CF%81%CE%AD%CE%BD%CE%B9%CE%BF-%CE%BC%CE%B5-%CF%83%CE%AF%CE%BA%CE%B1%CE%BB%CE%B7-%CE%B3%CE%B9%CE%B1-%CF%84%CE%BF%CF%83%CF%84-%CE%BC%CE%B1%CF%81%CE%AC%CF%84%CE%B1
Brown Bagel Thins 6x55g Ballymore Crust,Ballymore,Bagel breads,1150.0,0.727,8.18,0.382,9.64,2.55,2.045,0,B,65.0,B,https://world.openfoodfacts.org/product/4088600030470/brown-bagel-thins-6x55g-ballymore-crust
Harrys brioche tressee nature au sucre perle sans additifs 500g,Harrys,"Snacks, Snacks sucrés, Viennoiseries, Brioches, Brioches tressées, Brioches pur beurre, Brioches natures, Aliments et boissons à base de végétaux, Aliments d'origine végétale, Céréales et pommes de terre, Céréales et dérivés, Pains, en:Packaged breads",1496.0,1.0,13.0,0.8,8.6,4.5,10.8,3,C,55.0,C,https://world.openfoodfacts.org/product/3228857001231/brioche-tressee-a-la-main-sans-additifs-harrys
Grilletines blé complet,"Brioche Pasquier, Pasquier","Plant-based foods and beverages,Plant-based foods,Cereals and potatoes,Breads,Rusks,Toasts,Toasted bread rolls",1760.0,2.0,7.3,0.87,13.0,6.7,0.0,6,C,79.0,A,https://world.openfoodfacts.org/product/3182180002115/grilletines-ble-complet-brioche-pasquier
Heudebert Fibre +,Heudebert,"Plant-based foods and beverages,Plant-based foods,Cereals and potatoes,Breads,Rusks,Toasts,Multigrain rusks,Wholemeal rusks",1618.0,2.2,5.4,1.1,15.0,12.0,0.0,5,C,79.0,A,https://world.openfoodfacts.org/product/3017760363990/heudebert-fibre
Peter's Yard Original Sourdough Crackers,Peter's Yard,"plant-based-foods-and-beverages, plant-based-foods, snacks, cereals-and-potatoes, salty-snacks, appetizers, biscuits-and-cakes, breads, da:crackers, crispbreads",1552.0,1.2,4.0,1.6,13.0,8.1,0.0,6,C,83.0,A,https://world.openfoodfacts.org/product/5060198820052/peter-s-yard-original-sourdough-crackers
Wholemeal Pittas,Sainsbury's,"Plant-based foods and beverages, Plant-based foods, Cereals and potatoes, Breads, Special breads, Flatbreads, Pitas",1810.0,0.179,2.86,1.43,10.4,5.18,0.0,8,C,85.0,A,https://world.openfoodfacts.org/product/00234931/wholemeal-pittas-sainsbury-s
Wraps,Old El Paso,"Plant-based foods and beverages,Plant-based foods,Cereals and potatoes,Breads,Flatbreads,White breads,Wheat breads,Wheat flatbreads",1264.0,1.2,2.1,1.0,9.1,1.6,0.0,4,C,76.0,A,https://world.openfoodfacts.org/product/8410076472953/wraps-old-el-paso
Biscottes,"Heudebert,Lu,Mondelez","Plant-based foods and beverages,Plant-based foods,Cereals and potatoes,Breads,Rusks,Common wheat rusks",698.0,1.4,2.8,0.47,4.6,1.4,0.0,3,C,79.0,A,https://world.openfoodfacts.org/product/7622210416681/biscottes-heudebert
Sourdough  bagels,Fitzgeralds Sourdough Bagels,"Plant-based foods and beverages, Plant-based foods, Cereals and potatoes, Breads, Special breads, Bagel breads",1160.0,0.38,6.24,1.11,10.1,4.13,6.0,1,C,82.0,A,https://world.openfoodfacts.org/product/5099077004306/sourdough-bagels-fitzgeralds-sourdough-bagels
Biscottes Pleine vie Sans sel ajouté,"Heudebert, Lu, Mondelez","Plant-based foods and beverages, Plant-based foods, Cereals and potatoes, Specific products, Products for specific diets, Breads, Products with reduced salt, Rusks, fr:biscottes-pauvres-en-sel, en:rusks-without-salt",1719.0,2.7,4.8,0.01,12.0,3.7,0.0,1,C,75.0,A,https://world.openfoodfacts.org/product/3392460481114/biscottes-pleine-vie-sans-sel-ajoute-heudebert
American Sandwich Nature,Harrys,"Plant-based foods and beverages, Plant-based foods, Cereals and potatoes, Sandwiches, Breads, Sliced breads",1172.0,0.4,7.7,1.1,7.6,3.9,4.4,4,C,76.0,A,https://world.openfoodfacts.org/product/3228857000838/american-sandwich-nature-harrys
Toastie Soft Thick White,Warburtons,"Plant-based foods and beverages, Plant-based foods, Cereals and potatoes, Cereals and their products, Breads, White breads, en:sliced-breads",1020.0,0.347,2.78,0.938,9.03,2.08,0.0906808035714306,2,C,69.0,B,https://world.openfoodfacts.org/product/5010044000275/toastie-soft-thick-white-warburtons
Petits pains grillés blé complet,"Marque Repère, Épi d'Or","Plant-based foods and beverages,Plant-based foods,Cereals and potatoes,Breads,Toasts,Toasted bread rolls",1717.0,0.9,4.2,1.1,10.0,6.9,10.55,5,C,85.0,A,https://world.openfoodfacts.org/product/3564700582633/petits-pains-grilles-ble-complet-marque-repere
Harrys pain de mie extra moelleux complet sans sucres ajoutés 280g,Harrys,"Plant-based foods and beverages, Plant-based foods, Cereals and potatoes, Breads, Sliced breads, Wholemeal breads, Wholemeal sliced breads",1153.0,0.4,5.1,1.1,8.0,6.0,1.2890625,1,C,81.0,A,https://world.openfoodfacts.org/product/3228857001507/harrys-extra-moelleux-complet-sans-sucres-ajoutes
Tartine p'tit dej nature ssa 410 gr,Jacquet,"Plant-based foods and beverages,Plant-based foods,Cereals and potatoes,Breads,Sliced breads",1173.0,0.5,6.3,1.0,9.6,3.9,6.59722222222221,2,C,79.0,A,https://world.openfoodfacts.org/product/3029330069911/tartine-p-tit-dej-nature-ssa-410-gr-jacquet
Soft White Pittas,Village Bakery,"Plant-based foods and beverages,Plant-based foods,Cereals and potatoes,Breads,Flatbreads,Special breads,Pitas",1064.0,0.3,1.7,0.96,9.5,3.5,0.0,1,C,75.0,A,https://world.openfoodfacts.org/product/4088600276250/soft-white-pittas-village-bakery
Wheat and rye bread,Marks & Spencer,"Plant-based foods and beverages, Plant-based foods, Cereals and potatoes, Seeds, Cereals and their products, Cereal grains, Breads, Wheats, Rye breads, en:sliced-breads",946.0,0.1,0.1,1.08,7.2,4.8,0.0,1,C,81.0,A,https://world.openfoodfacts.org/product/29204861/wheat-and-rye-bread-marks-spencer
Original Seeded Batch,Warburtons,"Plant-based foods and beverages, Plant-based foods, Cereals and potatoes, Breads, Sliced breads",1189.0,1.2,3.0,0.95,10.3,4.0,0.0,1,C,67.0,B,https://world.openfoodfacts.org/product/5010044002446/original-seeded-batch-warburtons
Biscottes 6 cereales,"Marque Repère, Épi d'Or","Plant-based foods and beverages, Plant-based foods, Cereals and potatoes, Breads, Rusks, Toasts, Multigrain rusks, en:wholemeal-rusks",1705.0,0.9,5.6,1.5,12.0,6.0,0.0,8,C,80.0,A,https://world.openfoodfacts.org/product/3564700253434/biscottes-6-cereales-marque-repere
Pain campagnard avec du sarrasin et de levain,Schär,"Plant-based foods and beverages,Plant-based foods,Cereals and potatoes,Specific products,Products for specific diets,Breads,Products without gluten,Gluten-free breads,Sliced breads,Gluten-free sliced breads,Pains de campagne",1108.0,0.5,2.6,1.1,4.1,6.8,0.0,1,C,77.0,A,https://world.openfoodfacts.org/product/8008698002599/pane-casereccio-s-glutine-schar
Tartine p'tit dej Brioché,Jacquet,"Plant-based foods and beverages,Plant-based foods,Cereals and potatoes,Cereals and their products,Breads,Sliced breads",1210.0,0.6,9.8,1.1,9.0,5.3,6.53181818181818,2,C,77.0,A,https://world.openfoodfacts.org/product/3029330069904/tartine-p-tit-dej-brioche-jacquet
Biscottes aux 6 céréales x36 - 300g,U,"Plant-based foods and beverages, Plant-based foods, Cereals and potatoes, Breads, Rusks, Toasts, Multigrain rusks, en:wholemeal-rusks",1663.0,0.9,5.6,1.6,12.0,6.7,0.0,6,C,80.0,A,https://world.openfoodfacts.org/product/3256220020527/biscottes-aux-6-cereales-x36-300g-u
Brioche tressée nature allegée en sucres sans additifs 450g,Harrys,"Snacks, Sweet snacks, Sweet pastries and pies, Viennoiseries, Brioches, Brioche prepacked, fr:brioches-tressees, Aliments et boissons à base de végétaux, Aliments d'origine végétale, Céréales et pommes de terre, Céréales et dérivés, Pains, en:Packaged breads",1470.0,1.2,10.0,0.82,8.7,7.0,4.7685546875,5,C,50.0,C,https://world.openfoodfacts.org/product/3228857002313/brioche-tressee-nature-allegee-en-sucres-sans-additifs-450g-harrys
Fiori d'acqua,Mulino Bianco,"plant-based-foods-and-beverages, plant-based-foods, snacks, cereals-and-potatoes, salty-snacks, appetizers, breads, da:crackers, breadsticks",1726.0,1.2,2.5,1.3,11.0,5.5,5.8,7,C,78.0,A,https://world.openfoodfacts.org/product/8076809520003/fiori-d-acqua-cracker-all-acqua-mulino-bianco
Plain Bagels,Rowan Hill Bakery,"Plant-based foods and beverages,Plant-based foods,Cereals and potatoes,Breads,Special breads,Bagel breads",1100.0,0.235,5.06,0.787,9.18,3.41,1.59958333333334,1,C,89.0,A,https://world.openfoodfacts.org/product/20720018/plain-bagels-rowan-hill-bakery
Biscottes à la farine complète sans sucres ajoutés,Auchan,"Aliments et boissons à base de végétaux, Aliments d'origine végétale, Céréales et pommes de terre, Pains, Biscottes, Pains grillés, Biscottes complètes, en:Packaged breads",1671.0,0.5,3.4,1.5,14.0,7.0,5.83333333333333,5,C,86.0,A,https://world.openfoodfacts.org/product/3596710508594/biscottes-a-la-farine-complete-sans-sucres-ajoutes-auchan
Seed Sensations Malted Wholegrains,Hovis,"Plant-based foods and beverages, Plant-based foods, Cereals and potatoes, Breads, White breads, Bread white from wheat flour of the highest grade GOST 26987-86, en:sliced-breads",1080.0,0.455,3.41,1.63,10.2,5.23,0.2734375,7,C,75.0,A,https://world.openfoodfacts.org/product/5010003067684/seed-sensations-malted-wholegrains-hovis
Tortilla wraps,"Snack Day,Tastino","Plant-based foods and beverages,Plant-based foods,Cereals and potatoes,Breads,Flatbreads,White breads,Wheat breads,Wheat flatbreads",1310.0,1.3,1.9,0.95,9.9,2.3,7.10416666666666,2,C,87.0,A,https://world.openfoodfacts.org/product/4056489918202/tortilla-wraps-snack-day
Special Crumb Toast,Carrefour,"Plant-based foods and beverages, Plant-based foods, Cereals and potatoes, Breads, Sliced breads, Sliced breads without crust",1046.0,0.2,7.5,1.0,7.1,3.9,3.375,4,C,74.0,B,https://world.openfoodfacts.org/product/3560070433063/special-crumb-toast-carrefour
Brioche tranchée skyr,La Boulangère,"Brioches, Aliments et boissons à base de végétaux, Aliments d'origine végétale, Céréales et pommes de terre, Pains, en:Packaged breads",1449.0,1.7,12.0,0.9,8.1,4.3,11.25,8,C,59.0,C,https://world.openfoodfacts.org/product/3760049799248/sliced-brioche-with-skyr-la-boulangere
"Crackers Aux graines de courge, lin et sésame",Carrefour,"plant-based-foods-and-beverages, plant-based-foods, snacks, cereals-and-potatoes, salty-snacks, appetizers, breads, da:crackers, crispbreads",2025.0,3.9,1.7,0.82,21.0,12.0,18.5555555555556,6,C,80.0,A,https://world.openfoodfacts.org/product/3560071018405/crackers-aux-graines-de-courge-lin-et-sesame-carrefour
White Bread,Tesco,"Plant-based foods and beverages, Plant-based foods, Cereals and potatoes, Breads, Sliced breads, White breads",1009.0,0.5,2.9,0.9,8.3,3.6,0.45,1,C,77.0,A,https://world.openfoodfacts.org/product/5057545579008/white-bread-tesco
2 Bake at Home White Baguettes,"Sainsbury's taste the difference, Sainsbury's","Plant-based foods and beverages, Plant-based foods, Cereals and potatoes, Breads, Pre-baked breads, en:baguettes",1223.0,0.3,3.5,1.09,9.8,3.4,0.0,2,C,86.0,A,https://world.openfoodfacts.org/product/00411424/2-bake-at-home-white-baguettes-sainsbury-s-taste-the-difference
Part Baked Baguettes,H.W. Nevill's,"Plant-based foods and beverages, Plant-based foods, Cereals and potatoes, Breads, Baguettes",1250.0,0.2,3.7,1.1,8.9,4.2,0.0,2,C,82.0,A,https://world.openfoodfacts.org/product/5057545744468/part-baked-baguettes-h-w-nevill-s
White Tortilla Wraps,H.W. Nevill's,"Plant-based foods and beverages, Plant-based foods, Cereals and potatoes, Breads, Flatbreads, White breads, Wheat breads, Wheat flatbreads",1200.0,2.13,3.44,0.984,7.7,2.79,0.0,4,C,68.0,B,https://world.openfoodfacts.org/product/5057753912857/white-tortilla-wraps-h-w-nevill-s
8 Tortillas au blé,Carrefour,"Plant-based foods and beverages, Plant-based foods, Cereals and potatoes, Cereals and their products, Breads, Flatbreads, White breads, Wheat breads, Wheat flatbreads",1377.0,0.9,3.2,0.9,9.4,2.3,7.425,3,C,77.0,A,https://world.openfoodfacts.org/product/3245412563256/8-tortillas-au-ble-carrefour
6 Pains Wraps 370g,la Boulangère,"Aliments et boissons à base de végétaux,Aliments d'origine végétale,Céréales et pommes de terre,Pains,Pains plats,Pains blancs,Pains de blé,Tortillas de blé, en:Packaged breads",1378.0,1.0,4.0,0.88,8.6,2.5,11.5384615384615,4,C,78.0,A,https://world.openfoodfacts.org/product/3556071234976/wraps-la-boulangere
Large tortillas,Old El Paso,"Plant-based foods and beverages, Plant-based foods, Cereals and potatoes, Breads, Flatbreads, White breads, Wheat breads, Wheat flatbreads",1264.0,1.2,2.1,1.0,9.1,1.6,0.0,4,C,87.0,A,https://world.openfoodfacts.org/product/8410076470300/large-tortillas-old-el-paso
Toasts Ronds Nature,Jacquet,"Plant-based foods and beverages,Plant-based foods,Cereals and potatoes,Breads,Sliced breads,Toasts",1251.0,0.6,9.0,1.1,7.3,3.4,7.33333333333334,4,C,86.0,A,https://world.openfoodfacts.org/product/3029330011040/toasts-nat-jacquet
Delicate Rounds SESAME & SEA SALT,wasa,"Plant-based foods and beverages, Plant-based foods, Cereals and potatoes, Breads, Toasts, Crispbreads, en:appetizers",1730.0,1.2,3.5,1.28,12.0,6.0,0.0,8,C,77.0,A,https://world.openfoodfacts.org/product/7300400111119/delicate-rounds-sesame-sea-salt-wasa
HOT DOG x4,Jacquet,"Plant-based foods and beverages, Plant-based foods, Cereals and potatoes, Breads, Special breads, Hot dog buns",1192.0,0.5,7.0,1.1,8.9,3.7,4.0,4,C,82.0,A,https://world.openfoodfacts.org/product/3029330003847/hot-dog-x4-jacquet
4 pains burger géant nature,Maître Jean Pierre,"Plant-based foods and beverages,Plant-based foods,Cereals and potatoes,Frozen foods,Breads,Special breads,Hamburger buns",1173.0,0.9,4.9,1.1,9.7,3.2,3.94642857142857,2,C,73.0,B,https://world.openfoodfacts.org/product/4056489510642/4-pains-burger-geant-nature-maitre-jean-pierre
Mix B Bread,Schär,"Alimentos y bebidas de origen vegetal,Alimentos de origen vegetal,Leguminosas y derivados,Cereales y patatas,Harinas de origen vegetal,en:Specific products,en:Products for specific diets,Panes,Productos sin gluten,Panes sin gluten,Harinas de leguminosas,en:Gluten-free-flours,ro:Faina fara gluten",1428.0,0.3,2.6,0.73,2.6,4.1,4.45729166666666,3,C,73.0,B,https://world.openfoodfacts.org/product/8008698004845/mix-b-bread-schar
Biscottes,Carrefour,"Plant-based foods and beverages,Plant-based foods,Cereals and potatoes,Breads,Rusks,Multigrain rusks",1705.0,1.2,4.0,1.7,14.0,7.5,1.575,8,C,80.0,A,https://world.openfoodfacts.org/product/3270190197867/rusks-carrefour
Petits pains grillés,Carrefour,"Plant-based foods and beverages,Plant-based foods,Cereals and potatoes,Breads,Toasts,Toasted bread rolls",1777.0,0.9,8.0,1.0,9.8,3.8,5.02857142857143,8,C,77.0,A,https://world.openfoodfacts.org/product/3560070573011/toasted-rolls-carrefour
Ready to Bake Crusty Rolls,Paul Hollywood,"Plant-based foods and beverages, Plant-based foods, Cereals and potatoes, Breads, Toasts, Toasted bread rolls",1131.0,0.2,4.1,0.9,10.8,3.3,0.0,1,C,77.0,A,https://world.openfoodfacts.org/product/5027952014607/ready-to-bake-crusty-rolls-paul-hollywood
21 seeds and grains thin bagels,Warburtons,"Plant-based foods and beverages, Plant-based foods, Cereals and potatoes, Breads, Special breads, Bagel breads, Bread-bagels, Bread-bagels",1126.0,0.5,4.7,0.85,10.6,3.5,0.0994318181818183,1,C,75.0,A,https://world.openfoodfacts.org/product/5010044010045/21-seeds-and-grains-thin-bagels-warburtons
Pan de molde High protein,La cestera,"Alimentos y bebidas de origen vegetal, Alimentos de origen vegetal, Cereales y patatas, Panes, Panes de molde",1223.0,1.1,2.2,1.49,26.8,13.8,0.0,4,C,70.0,B,https://world.openfoodfacts.org/product/4056489748991/high-protein-la-cestera
Tortillas de blé et maïs,Itinéraire des Saveurs,"Alimentos e bebidas à base de plantas,Alimentos à base de plantas,Cereais e Batatas,Pães,en:Flatbreads,Pães brancos,en:Wheat breads,en:Wheat flatbreads, Pains tortilla",1342.586,1.129,2.624,1.255,8.314,3.643,2.79107142857143,8,C,86.0,A,https://world.openfoodfacts.org/product/3250392108656/tortillas-de-ble-et-mais-itineraire-des-saveurs
Maxi tranches nature,"Carrefour, Carrefour Classic'","plant-based-foods-and-beverages, plant-based-foods, cereals-and-potatoes, breads, fr:pains-de-mie, en:sliced-breads",1136.0,0.4,6.5,1.1,8.1,2.8,2.85,3,C,81.0,A,https://world.openfoodfacts.org/product/3560071472726/maxi-tranches-nature-carrefour
Pain de mie complet sans croute,Auchan,"Plant-based foods and beverages, Plant-based foods, Cereals and potatoes, Frozen foods, Breads, Sliced breads, Frozen breads, Sliced breads without crust, Wholemeal breads, fr:Alimentos e bebidas à base de plantas, fr:Alimentos à base de plantas, fr:Cereais e Batatas, fr:Pães, fr:Pães de forma, fr:Pães de forma integral, en:wholemeal-sliced-breads",1119.0,1.2,7.8,0.9,9.7,5.0,9.77272727272727,2,C,67.0,B,https://world.openfoodfacts.org/product/3596710434961/pain-de-mie-complet-sans-croute-auchan
Integral,Bimbo,"Alimentos e bebidas à base de plantas,Alimentos à base de plantas,Cereais e batatas,Pães,Pães de forma,en:Wholemeal breads,Pães de forma integral",1040.0,0.7,4.1,1.1,1.1,10.0,0.0,2,C,75.0,A,https://world.openfoodfacts.org/product/5601027973060/pao-de-forma-especial-integral-bimbo
Tesco Original Bagels 5 Pack,Tesco,"Plant-based foods and beverages, Plant-based foods, Cereals and potatoes, Breads, Special breads, Bagel breads",1109.0,0.2,5.3,0.59,9.3,2.7,2.65,0,C,75.0,A,https://world.openfoodfacts.org/product/5000436049135/tesco-original-bagels-5-pack
Multigrain bread,Pvistino,"Alimentos e bebidas à base de plantas,Alimentos à base de plantas,Cereais e Batatas,en:Specific products,en:Products for specific diets,Pães,Produtos sem glútem,Pães sem glúten",1129.0,1.1,2.6,1.2,1.0,7.3,1.5,3,C,75.0,A,https://world.openfoodfacts.org/product/20818692/multigrain-bread-pvistino
Baguette,"Schär,Schär Gluten-free","Plant-based foods and beverages,Plant-based foods,Cereals and potatoes,Specific products,Products for specific diets,Breads,Products without gluten,Baguettes,Gluten-free breads",1047.0,0.4,4.9,1.0,4.4,7.4,0.75,1,C,72.0,B,https://world.openfoodfacts.org/product/8008698003183/baguette-schar
Pan tradicional,"La Cestera, Lidl","Plant-based foods and beverages, Plant-based foods, Cereals and potatoes, Breads, en:sliced-breads",1035.0,0.2,3.1,1.4,10.8,2.2,0.0,3,C,77.0,A,https://world.openfoodfacts.org/product/4056489747475/pan-tradicional-la-cestera
Petits pains grilles,"Carrefour,Carrefour Extra","Plant-based foods and beverages,Plant-based foods,Cereals and potatoes,Breads,Toasts,Toasted bread rolls,Wheat rusk slices",1719.0,0.7,8.6,1.0,9.5,3.5,1.875,8,C,82.0,A,https://world.openfoodfacts.org/product/3560070737017/toasted-bread-rolls-carrefour
Toasts apero campagne,Brioche Pasquier,"Aliments et boissons à base de végétaux, Aliments d'origine végétale, Céréales et pommes de terre, Pains, Pains grillés",1671.0,1.0,5.8,1.3,12.0,7.0,0.0,5,C,75.0,A,https://world.openfoodfacts.org/product/3182180002306/toasts-apero-campagne-brioche-pasquier
White Farmhouse bread,Rowan Hill Bakery,"Plant-based foods and beverages, Plant-based foods, Cereals and potatoes, Breads, Sliced breads, White breads",970.0,0.455,4.32,0.909,8.64,2.5,0.4545,2,C,65.0,B,https://world.openfoodfacts.org/product/20389871/white-farmhouse-bread-rowan-hill-bakery
Fette biscottate integrali,coop,"Plant-based foods and beverages, Plant-based foods, Cereals and potatoes, Breads, Rusks, Crispbreads, Wholemeal rusks, cereals and their products",1647.0,1.0,6.0,1.4,11.0,12.0,0.0,4,C,81.0,A,https://world.openfoodfacts.org/product/8001120925794/fette-biscottate-integrali-coop
Stone oven baguette,La Boulangère,"Plant-based foods and beverages, Plant-based foods, Cereals and potatoes, Breads, Baguettes",1086.0,0.3,3.8,1.3,8.4,2.6,0.0,5,C,77.0,A,https://world.openfoodfacts.org/product/5060444980103/stone-oven-baguette-la-boulangere
Taste the difference stonebaked white baguette,Sainsbury's,"Plant-based foods and beverages,Plant-based foods,Cereals and potatoes,Breads,Baguettes,White breads,Stonebaked white baguette,Wheat flour bread,White baguette",1068.0,0.2,2.4,0.9825,9.4,2.9,0.0,1,C,82.0,A,https://world.openfoodfacts.org/product/01136074/taste-the-difference-stonebaked-white-baguette-sainsbury-s
Sliced white bread,Sainsbury's,"Plant-based foods and beverages,Plant-based foods,Cereals and potatoes,Breads,Sliced breads,White breads",1013.0,0.5,2.5,0.88,8.1,2.3,0.44,2,C,75.0,A,https://world.openfoodfacts.org/product/00014137/sliced-white-bread-sainsbury-s
8 Tortillas de Mais,"Marque Repère, Tables du Monde","Aliments et boissons à base de végétaux, Aliments d'origine végétale, Céréales et pommes de terre, Pains, Pains plats, Pains spéciaux, Pains blancs, Tortillas de maïs, Pains de blé, Tortillas de blé, Tortillas",1301.0,1.0,2.3,1.4,8.4,3.1,3.09583333333333,3,C,73.0,B,https://world.openfoodfacts.org/product/3564700845288/8-tortillas-de-mais-marque-repere
"Biscottes aux 6 céréalesblé, orge, seigle, avoine, riz, sarrasin",Auchan,"Aliments et boissons à base de végétaux,Aliments d'origine végétale,Céréales et pommes de terre,Céréales et dérivés,Surgelés,Pains,Biscottes,en:Packaged breads",1635.0,0.5,6.2,1.8,14.0,6.3,1.5,8,C,84.0,A,https://world.openfoodfacts.org/product/3596710508600/biscottes-aux-6-cerealesble-orge-seigle-avoine-riz-sarrasin-auchan
Pains pour hamburger géants x4,Chabrior,"Plant-based foods and beverages,Plant-based foods,Cereals and potatoes,Breads,Special breads,Hamburger buns, Pains hamburger_hot dog",1194.0,0.6,7.0,1.1,9.7,4.1,4.97222222222223,3,C,82.0,A,https://world.openfoodfacts.org/product/3250391948918/pains-pour-hamburger-geants-x4-chabrior
Tartines croustillantes à l'avoine sans gluten 230g,"U, U Sans Gluten","Plant-based foods and beverages,Plant-based foods,Cereals and potatoes,Breads,Rusks,Crispbreads",1631.0,1.0,1.8,2.3,7.2,7.8,0.45,8,C,77.0,A,https://world.openfoodfacts.org/product/3256226385262/tartines-croustillantes-a-l-avoine-sans-gluten-230g-u
Kanel,Wasa,"Plant-based foods and beverages,Plant-based foods,Snacks,Cereals and potatoes,Sweet snacks,Biscuits and cakes,Biscuits and crackers,Biscuits,Breads,Crispbreads",1660.0,1.29,13.5,1.23,10.3,6.45,0.0,8,C,55.0,C,https://world.openfoodfacts.org/product/7300400115636/kanel-wasa
Pita original,Pita original,"Alimentos y bebidas de origen vegetal,Alimentos de origen vegetal,Cereales y patatas,Panes,Panes planos,Panes especiales,Pitas",1030.0,0.2,1.9,1.0,8.4,3.0,0.0,1,C,80.0,A,https://world.openfoodfacts.org/product/8714535110081/pita-original
Rice Bread w/ Chia seeds,Riso Scotti,"Plant-based foods and beverages, Plant-based foods, Cereals and potatoes, Cereals and their products, Puffed cereal cakes, Puffed rice cakes",1637.0,0.5,0.3,0.6,7.6,2.9,0.0,0,C,44.0,D,https://world.openfoodfacts.org/product/8001860252341/rice-bread-w-chia-seeds-riso-scotti
Хлеб пшеничный,Harrys,"Alimentos e bebidas à base de plantas, Alimentos à base de plantas, Cereais e Batatas, Pães, en:Bran bread",1174.0,0.8,7.5,1.2,8.0,2.6,0.0,5,C,85.0,A,https://world.openfoodfacts.org/product/4605829006040/%D1%85%D0%BB%D0%B5%D0%B1-%D0%BF%D1%88%D0%B5%D0%BD%D0%B8%D1%87%D0%BD%D1%8B%D0%B9-harrys
Salted Pretzels,Sainsbury's,"plant-based-foods-and-beverages, plant-based-foods, snacks, cereals-and-potatoes, salty-snacks, appetizers, breads, da:crackers, special-breads, pretzel",1663.0,0.5,1.8,1.5,10.3,3.6,14.0,8,C,67.0,B,https://world.openfoodfacts.org/product/01138467/salted-pretzels-sainsbury-s
Medium White Super Soft Loaf,M&S Food,"Plant-based foods and beverages, Plant-based foods, Cereals and potatoes, Breads, Sliced breads",995.0,0.6,5.7,1.025,8.7,3.6,6.06805555555556,2,C,60.0,B,https://world.openfoodfacts.org/product/00580304/medium-white-super-soft-loaf-m-s-food
Grancereale classico mb 250 gr,"barilla, Mulino Bianco","Snacks, Sweet snacks, Biscuits and cakes, Biscuits and crackers, Biscuits, Biscuits/Cookies (Shelf Stable), fr:Biscuit aux céréales, en:breads",1933.0,1.8,17.0,0.7,8.3,8.0,0.0,6,C,62.0,B,https://world.openfoodfacts.org/product/8076809501965/grancereale-classico-mb-250-gr-barilla
Tortilla,"Pano,Dijo Baking","Żywność i napoje na bazie roślin, Żywność na bazie roślin, Zboża i ziemniaki, Chleb, en:Flatbreads, en:White breads, Chleb biały, en:Wheat flatbreads",1265.0,1.3,4.4,1.1,8.8,4.7,15.45,3,C,78.0,A,https://world.openfoodfacts.org/product/5900928032358/tortilla-pano
Wholegrain Pitta Breads,BFree,"Plant-based foods and beverages, Plant-based foods, Cereals and potatoes, Breads, Flatbreads, Special breads, Pitas, en:gluten-free-breads",1830.0,0.909,6.55,1.96,8.91,16.4,0.0,8,C,75.0,A,https://world.openfoodfacts.org/product/5391521691026/wholegrain-pitta-breads-bfree
waitrose multigrain farmhouse batch,waitrose,"Plant-based foods and beverages, Plant-based foods, Cereals and potatoes, Breads, en:sliced-breads",1045.0,0.3,2.5,1.19,9.3,4.4,0.594999999999999,1,C,85.0,A,https://world.openfoodfacts.org/product/5000169082676/waitrose-multigrain-farmhouse-batch
Dinkel-Sandwich,"Goldähren,Lieken","Plant-based foods and beverages,Plant-based foods,Cereals and potatoes,Cereals and their products,Breads,Toasts",1117.0,0.4,4.0,1.0,10.3,3.5,5.68181818181818,1,C,78.0,A,https://world.openfoodfacts.org/product/4061459301335/dinkel-sandwich-goldahren
KROAST Blé Complet - recette suédoise,Casino,"Plant-based foods and beverages,Plant-based foods,Cereals and potatoes,Breads,Toasts,Toasted bread rolls",1712.0,0.9,5.0,1.0,10.0,6.3,15.2455357142857,1,C,77.0,A,https://world.openfoodfacts.org/product/3222475223709/kroast-ble-complet-recette-suedoise-casino
Muffins nature,"Itinéraire des Saveurs, Les Mousquetaires, Sélection des Mousquetaires","Aliments et boissons à base de végétaux, Aliments d'origine végétale, Snacks, Céréales et pommes de terre, Snacks sucrés, Biscuits et gâteaux, Pains, Gâteaux, Muffins, Pains spéciaux, Pains Muffins",1141.0,0.4,3.6,1.24,9.5,2.7,0.6875,4,C,80.0,A,https://world.openfoodfacts.org/product/3250391816484/muffins-nature-itineraire-des-saveurs
Fette biscottate rustiche,Mulino Bianco,"Plant-based foods and beverages,Plant-based foods,Cereals and potatoes,Breads,Rusks",1616.0,0.7,7.7,1.2,13.0,8.5,0.0,4,C,74.0,B,https://world.openfoodfacts.org/product/8076809544818/fette-biscottate-rustiche-mulino-bianco
Dinkel-Harmonie Sandwich,Golden Toast,"Plant-based foods and beverages, Plant-based foods, Cereals and potatoes, Breads, Sliced breads, Brote, Geschnittenes Brot, Getreide und Kartoffeln, Pflanzliche Lebensmittel, Pflanzliche Lebensmittel und Getränke, Toastbrote, en:toasts",1088.0,0.4,4.0,1.1,10.3,3.5,5.68181818181818,2,C,77.0,A,https://world.openfoodfacts.org/product/4009249038184/dinkel-harmonie-sandwich-golden-toast
Warburtons Gluten Free,Warburtons,"Plant-based foods and beverages, Plant-based foods, Cereals and potatoes, Specific products, Products for specific diets, Breads, Products without gluten, Gluten-free breads",1046.0,0.6,2.0,0.83,4.1,5.8,2.9641544117647,1,C,68.0,B,https://world.openfoodfacts.org/product/5010044007793/warburtons-gluten-free
Crunchy Taco Shells,Tesco,"Plant-based foods and beverages, Plant-based foods, Cereals and potatoes, Breads, Flatbreads, Corn flatbreads",1890.0,1.5,0.8,0.1,6.2,4.1,0.0,1,C,87.0,A,https://world.openfoodfacts.org/product/5057373842534/crunchy-taco-shells-tesco
Pain de mie aux céréales et graines,"Auchan, Auchan Gourmet","Plant-based foods and beverages, Plant-based foods, Cereals and potatoes, Breads, Sliced breads, en:multigrain-sliced-breads, Surgelés, Céréales et dérivés, Pains surgelés",1231.0,0.7,4.4,0.99,10.0,3.9,1.05,1,C,81.0,A,https://world.openfoodfacts.org/product/3596710427321/pain-de-mie-aux-cereales-et-graines-auchan
Burger buns bio* nature x4 200g,Bien,"Aliments et boissons à base de végétaux, Aliments d'origine végétale, Céréales et pommes de terre, Pains, Pains spéciaux, Pains Burger, en:Packaged breads",1328.0,0.8,8.2,1.2,8.9,3.3,0.0,4,C,88.0,A,https://world.openfoodfacts.org/product/3760049797862/burger-buns-bio-nature-x4-200g-bien
Petits Pains Grillés complet,"Auchan, Auchan Production","Aliments et boissons à base de végétaux, Aliments d'origine végétale, Céréales et pommes de terre, Pains, Pains grillés, Petits pains grillés, en:Dried breads",1597.0,0.6,3.2,1.5,12.0,8.3,5.55555555555556,4,C,86.0,A,https://world.openfoodfacts.org/product/3596710509973/petits-pains-grilles-complet-auchan
Galette mais,"Auchan, Auchan Bio","Aliments et boissons à base de végétaux, Aliments d'origine végétale, Céréales et pommes de terre, Céréales et dérivés, Galettes de céréales soufflées, Galettes de maïs soufflé, Pains, en:Dried breads",1604.0,0.1,0.6,0.28,6.5,2.0,0.0,1,C,64.0,B,https://world.openfoodfacts.org/product/3596710519705/galette-mais-auchan
100% mie brioche te,Harrys,"Plant-based foods and beverages, Plant-based foods, Cereals and potatoes, Breads, Sliced breads, en:brioche-sandwich-bread, Surgelés, Céréales et dérivés, Pains surgelés",1159.0,0.5,11.0,1.0,6.6,4.8,7.05000000000001,4,C,73.0,B,https://world.openfoodfacts.org/product/3228857002320/tranche-epaisse-harrys-brioche
Spécial sandwich multicéréales,Casino,"Aliments et boissons à base de végétaux, Aliments d'origine végétale, Céréales et pommes de terre, Pains, Pains de mie, Pains de mie aux céréales",1194.0,0.9,6.2,1.1,8.2,4.0,2.05,3,C,71.0,B,https://world.openfoodfacts.org/product/3222472027195/special-sandwich-multicereales-casino
Pão de Forma Branco,Pingo Doce,"Pães de forma,en:Wheat breads,Pães especiais",1106.0,0.5,3.2,1.0,9.1,3.0,0.0,1,C,75.0,A,https://world.openfoodfacts.org/product/5601009160211/pao-de-forma-branco-pingo-doce
wrap tortillas,Old El Paso,"Plant-based foods and beverages, Plant-based foods, Cereals and potatoes, Breads, Flatbreads, White breads, Wheat breads, Wheat flatbreads",1264.0,1.2,2.1,1.0,9.1,1.6,0.0,4,C,78.0,A,https://world.openfoodfacts.org/product/8410076470126/wrap-tortillas-old-el-paso
Simple White from Hovis,Hovis,"Plant-based foods and beverages, Plant-based foods, Cereals and potatoes, Breads, Sliced breads",1014.0,0.7,3.5,0.91,8.7,2.4,0.455,3,C,70.0,B,https://world.openfoodfacts.org/product/5010003064898/simple-white-from-hovis
Pan Bauletto 8 Cereali e Soia,Certossa,"Cibi e bevande a base vegetale, Cibi a base vegetale, Cereali e patate, Pani, Pancarré, Pane ai cereali a fette",1186.0,0.6,5.5,0.84,8.3,4.8,0.0,1,C,71.0,B,https://world.openfoodfacts.org/product/20969783/pan-bauletto-8-cereali-e-soia-certossa
gressins sésame Allégés,Auchan,"Plant-based foods and beverages, Plant-based foods, Cereals and potatoes, Breads, Breadsticks, fr:Gressins au sésame, en:appetizers, Biscuits sucrés & biscuits apéritifs, Biscuits apéritifs, Bretzels",1879.0,2.7,2.8,1.2,17.0,5.4,0.0,7,C,71.0,B,https://world.openfoodfacts.org/product/3596710327416/gressins-sesame-alleges-auchan
Biscottes gout briochée,Auchan,"Aliments et boissons à base de végétaux, Aliments d'origine végétale, Céréales et pommes de terre, Pains, Biscottes, en:Packaged breads",1665.0,0.5,13.0,1.0,10.0,6.8,3.55555555555556,5,C,88.0,A,https://world.openfoodfacts.org/product/3596710383955/biscottes-gout-briochee-auchan
Crostini con farina integrale,coop,"Plant-based foods and beverages, Plant-based foods, Snacks, Cereals and potatoes, Breads, Croutons, cereals and their products",1860.0,1.82,0.0,1.61,11.8,7.27,0.0,8,C,43.0,D,https://world.openfoodfacts.org/product/8001120936318/crostini-with-wholemeal-wheat-flour-baked-coop
4 burgers géant à la farine complète,Jacquet,"Plant-based foods and beverages,Plant-based foods,Cereals and potatoes,Cereals and their products,Breads,Special breads,Hamburger buns",1139.0,0.6,4.8,1.1,9.4,5.8,3.3,1,C,68.0,B,https://world.openfoodfacts.org/product/3029330801924/pain-burger-farine-complete-jacquet
Skogaholmslimpa,"Fazer, Skogaholm","Växtbaserad mat och dryck, Växtbaserad mat, Spannmål och Potatisar, Bröd, en:Sliced breads",1150.0,0.165,9.8,0.7,7.3,4.2,2.5,1,C,77.0,A,https://world.openfoodfacts.org/product/7312200010110/skogaholmslimpa-fazer
Mini Baguette,Schär,"Plant-based foods and beverages,Plant-based foods,Cereals and potatoes,Specific products,Products for specific diets,Breads,Products without gluten,Baguettes,Gluten-free breads,Pre-baked breads",1047.0,0.4,4.9,1.0,4.4,7.4,0.16796875,1,C,82.0,A,https://world.openfoodfacts.org/product/8008698003213/mini-baguette-aufbackbrot-schar
Maxi nature,Carrefour,"Plant-based foods and beverages, Plant-based foods, Cereals and potatoes, Frozen foods, Breads, en:sliced-breads",1082.0,0.4,3.6,1.1,9.0,2.5,7.425,4,C,81.0,A,https://world.openfoodfacts.org/product/3560071478827/maxi-nature-carrefour
Maxi Tortilhas de Trigo,Continente,"Alimentos e bebidas à base de plantas,Alimentos à base de plantas,Cereais e Batatas,Pães,en:Flatbreads,Pães brancos,en:Wheat breads,en:Wheat flatbreads",1332.0,1.3,1.5,1.1,8.0,2.7,0.0,3,C,78.0,A,https://world.openfoodfacts.org/product/5601312105787/maxi-tortilhas-de-trigo-continente
Tartines croquantes au froment,Auchan,"Aliments et boissons à base de végétaux, Aliments d'origine végétale, Snacks, Céréales et pommes de terre, Tartines craquantes extrudées, Céréales et dérivés, Pains, en:Dried breads",1641.0,0.5,3.5,1.2,12.0,6.2,0.0,1,C,76.0,A,https://world.openfoodfacts.org/product/3596710531585/tartines-croquantes-au-froment-auchan
Pain de mie american sandwich nature tranches épaisses sans sucres ajoutés 550g,Harrys,"Plant-based foods and beverages, Plant-based foods, Cereals and potatoes, Breads, en:sliced-breads, Surgelés, Pains surgelés",1191.0,0.5,5.2,1.1,7.4,5.5,11.6103352864583,1,C,70.0,B,https://world.openfoodfacts.org/product/3228857002238/pain-de-mie-american-sandwich-nature-tranches-epaisses-sans-sucres-ajoutes-550g-harrys
Good ness of both,Johnston Mooney & O'Brien,"Plant-based foods and beverages, Plant-based foods, Cereals and potatoes, Breads, Sliced breads, Wholemeal and white bread",988.0,0.41,2.7,1.1,9.2,3.0,0.55,1,C,60.0,B,https://world.openfoodfacts.org/product/5099867001485/good-ness-of-both-johnston-mooney-o-brien
Melba thins,Asda,"Plant-based foods and beverages, Plant-based foods, Cereals and potatoes, Breads, Toasts",1620.0,1.4,3.9,1.1,12.0,4.3,0.0,7,C,86.0,A,https://world.openfoodfacts.org/product/5054070313985/melba-thins-asda
medium sliced Scottish white plain bread,mothers pride,"Plant-based foods and beverages, Plant-based foods, Cereals and potatoes, Breads, Sliced breads",974.0,0.03,2.9,0.95,9.0,2.6,0.0,1,C,70.0,B,https://world.openfoodfacts.org/product/5010003004016/medium-sliced-scottish-white-plain-bread-mothers-pride
Mini pizza flavour bread sticks,,"Plant-based foods and beverages, Plant-based foods, Cereals and potatoes, Breads, Breadsticks",1819.0,1.1,2.8,1.2,12.0,4.1,6.13125000000001,8,C,74.0,B,https://world.openfoodfacts.org/product/5057172579006/mini-pizza-flavour-bread-sticks
PAROVITA SESAME BLÉ COMPLET,"LU, Mondelez","plant-based-foods-and-beverages, plant-based-foods, snacks, cereals-and-potatoes, salty-snacks, appetizers, breads, da:crackers, wheat-crackers, en:wheats",1940.0,5.76,4.55,1.45,11.5,8.79,0.0,11,C,57.0,C,https://world.openfoodfacts.org/product/5410041188509/parovita-sesame-ble-complet-lu
Pieczywo Sonko Lekkie 7 Ziaren,Sonko,"Żywność i napoje na bazie roślin, Żywność na bazie roślin, Przekąski, Zboża i ziemniaki, Chleb, en:Extruded crispbreads",1554.0,0.2,3.5,1.4,8.6,5.8,0.0,6,C,85.0,A,https://world.openfoodfacts.org/product/5902180200506/pieczywo-sonko-lekkie-7-ziaren
"Skogaholms Originalrost,Skivad",SKOGAHOLM BAGERI,"Växtbaserad mat och dryck, Växtbaserad mat, Spannmål och Potatisar, Bröd, en:Sliced breads, en:Multigrain sliced breads",1088.0,0.5,2.7,0.9825,8.8,2.4,5.55555555555556,2,C,71.0,B,https://world.openfoodfacts.org/product/7312200040803/originalrost-skogaholm-bageri
mini Italian breadsticks,morrisons,"Plant-based foods and beverages, Plant-based foods, Cereals and potatoes, Breads, Breadsticks",1727.0,1.2,2.8,1.09,11.5,4.2,7.0,7,C,79.0,A,https://world.openfoodfacts.org/product/5010251628910/mini-italian-breadsticks-morrisons
Sliced brioche burger buns,Plant menu,"plant-based-foods-and-beverages, plant-based-foods, snacks, cereals-and-potatoes, sweet-snacks, breads, viennoiseries, brioches, special-breads, brioche-prepacked, hr:buns, hamburger-buns",1314.0,0.7,9.3,0.9,9.6,2.1,4.65,4,C,45.0,C,https://world.openfoodfacts.org/product/4088600307916/sliced-brioche-burger-buns-plant-menu
Petits pains grillés au froment,Auchan,"Aliments et boissons à base de végétaux, Aliments d'origine végétale, Céréales et pommes de terre, Pains, Pains grillés, Petits pains grillés, Pain grillé en tranches au froment, en:Dried breads",1682.0,0.6,9.7,0.8,10.0,3.0,1.2,3,C,86.0,A,https://world.openfoodfacts.org/product/3596710509966/petits-pains-grilles-au-froment-auchan
Soft white farmhouse gluten free,Genius Food,"Plant-based foods and beverages, Plant-based foods, Cereals and potatoes, Specific products, Products for specific diets, Breads, Products without gluten, Gluten-free breads",1063.0,0.5,5.5,0.82,2.0,6.2,11.9047619047619,3,C,68.0,B,https://world.openfoodfacts.org/product/5060746960506/soft-white-farmhouse-gluten-free-genius-food
pittas,mission,"Plant-based foods and beverages, Plant-based foods, Cereals and potatoes, Breads, en:pitas",1047.0,0.2,4.8,0.68,8.7,2.5,0.34,2,C,75.0,A,https://world.openfoodfacts.org/product/5036034406407/pittas-mission
Pain au seigle precuit / 300g cuit,"MOULIN DE LA CHAUME, Sans marque","Plant-based foods and beverages, Plant-based foods, Cereals and potatoes, Breads, Rye-and-wheat breads, en:rye-breads, Céréales et dérivés, Pains précuits",1025.0,0.3,2.3,1.2,8.1,4.8,0.0,1,C,77.0,A,https://world.openfoodfacts.org/product/3250390896333/pain-au-seigle-precuit-300g-cuit-moulin-de-la-chaume
"Pain spécial hot dog x4, - 250g",U,"Plant-based foods and beverages, Plant-based foods, Cereals and potatoes, Breads, Special breads, en:hot-dog-buns",1213.0,0.4,8.7,1.1,9.3,2.0,4.776953125,5,C,82.0,A,https://world.openfoodfacts.org/product/3256224066705/pain-special-hot-dog-x4-250g-u
Biscottes au froment,Leader Price,"Plant-based foods and beverages, Plant-based foods, Cereals and potatoes, Breads, Rusks, fr:biscottes-de-froment, en:common-wheat-rusks",1628.0,0.7,6.9,1.4,11.0,4.4,0.0,8,C,80.0,A,https://world.openfoodfacts.org/product/3263852510913/biscottes-au-froment-leader-price
Petits Pains grillés au blé complet,Monoprix,"Plant-based foods and beverages, Plant-based foods, Cereals and potatoes, Breads, Toasts, en:toasted-bread-rolls",1717.0,0.9,5.0,1.0,10.0,6.3,2.0,1,C,86.0,A,https://world.openfoodfacts.org/product/3350031674037/petits-pains-grilles-au-ble-complet-monoprix
Pains grillés au Froment,"Marque Repère, Epi d'Or","Plant-based foods and beverages, Plant-based foods, Cereals and potatoes, Breads, Toasts, Wheat rusk slices, en:toasted-bread-rolls",1601.0,0.5,5.3,1.5,10.0,4.5,0.0,8,C,81.0,A,https://world.openfoodfacts.org/product/3564700009673/pains-grilles-au-froment-marque-repere
Wholewheat Crispbread,Provita,"plant-based-foods-and-beverages, plant-based-foods, cereals-and-potatoes, breads, crispbreads, da:crackers",1652.0,4.9,7.0,0.001635,9.0,7.0,0.0,1,C,67.0,B,https://world.openfoodfacts.org/product/6009704171454/wholewheat-crispbread-provita
Hönö Färsk Skärgårdskaka,Pågen,"Växtbaserad mat och dryck, Växtbaserad mat, Spannmål och Potatisar, Bröd, en:Flatbreads, en:White breads, en:Wheat breads, Halvtjockkakor",1238.0,0.5,9.7,0.7375,9.1,3.3,4.91768973214286,2,C,73.0,B,https://world.openfoodfacts.org/product/7311070337297/hono-farsk-skargardskaka-pagen
Pan de Molde Integral,Bimbo,"Plant-based foods and beverages, Plant-based foods, Cereals and potatoes, Breads, Sliced breads, en:wholemeal-sliced-breads",1083.0,0.6,4.1,1.3,10.0,4.7,0.0,2,C,70.0,B,https://world.openfoodfacts.org/product/8412600013014/pan-de-molde-integral-bimbo
Plain bagels,Country kitchen bakery,"Plant-based foods and beverages, Plant-based foods, Cereals and potatoes, Breads, Special breads, Bagel breads",1130.0,0.353,7.18,0.928,10.8,3.41,1.0175,2,C,75.0,A,https://world.openfoodfacts.org/product/5099077001718/plain-bagels-country-kitchen-bakery
Pão de forma Especial Torrada,Bimbo,"Pães,Pães de forma,en:Wheat breads,Pães especiais",1065.0,0.5,3.8,1.1,9.8,4.7,0.0,1,C,76.0,A,https://world.openfoodfacts.org/product/5601027972735/pao-de-forma-especial-torrada-bimbo
Toasts fin sésame,"Marque Repère, Épi d'Or","Plant-based foods and beverages, Plant-based foods, Cereals and potatoes, Cereals and their products, Breads, en:toasts",1590.0,1.5,2.9,1.1,12.0,4.0,0.0,3,C,72.0,B,https://world.openfoodfacts.org/product/3564706597341/toasts-fin-sesame-marque-repere
HANDCRAFTED SOURDOUGH Wholemeal,Gallagher's Bakehouse,"Plant-based foods and beverages, Plant-based foods, Cereals and potatoes, Breads, Sliced breads, Wholemeal breads, Wholemeal sliced breads",1041.0,0.3,3.9,0.94,8.9,3.3,0.0,2,C,75.0,A,https://world.openfoodfacts.org/product/5391526416044/handcrafted-sourdough-wholemeal-gallagher-s-bakehouse
Petits Pains Grillés Froment,Auchan,"Aliments et boissons à base de végétaux, Aliments d'origine végétale, Céréales et pommes de terre, Pains, Pains grillés, Petits pains grillés, Pain grillé en tranches au froment, en:Dried breads",1682.0,0.6,9.7,0.8,10.0,3.0,1.2,3,C,86.0,A,https://world.openfoodfacts.org/product/3596710509959/petits-pains-grilles-froment-auchan
Brown soda bread,"Deluxe,Lidl","Breads,Sliced breads",1072.0,0.8,6.7,1.5,7.9,8.1,0.0348772321428612,4,C,70.0,B,https://world.openfoodfacts.org/product/4056489744146/brown-soda-bread-deluxe
Fines Tranches - Pain grillé au blé complet,Leader Price,"Plant-based foods and beverages, Plant-based foods, Cereals and potatoes, Breads, en:toasts",1685.0,1.0,5.3,1.3,16.0,8.0,2.98333333333333,5,C,85.0,A,https://world.openfoodfacts.org/product/3263852505414/fines-tranches-pain-grille-au-ble-complet-leader-price
Carré de mie Nature,Auchan,"Alimentos e bebidas à base de plantas,Alimentos à base de plantas,Cereais e Batatas,Pães,Pães de forma,en:Sliced breads without crust, Surgelés, Céréales et dérivés, Pains surgelés",1030.0,0.6,7.0,0.86,8.5,3.1,0.0,3,C,75.0,A,https://world.openfoodfacts.org/product/3596710434954/carre-de-mie-nature-auchan
Krisprolls,Pågen,"Plant-based foods and beverages,Plant-based foods,Cereals and potatoes,Breads,Toasted bread rolls",1650.0,2.2,1.4,1.2,12.0,7.1,3.5,5,C,86.0,A,https://world.openfoodfacts.org/product/7311070032277/krisprolls-pagen
Soft white farmhouse,Waitrose,"Plant-based foods and beverages, Plant-based foods, Cereals and potatoes, Breads, en:sliced-breads",1013.0,0.3,4.0,1.09,8.5,3.7,0.0,3,C,85.0,A,https://world.openfoodfacts.org/product/5000169320518/soft-white-farmhouse-waitrose
Melba Toast,Sainsbury's,"Plant-based foods and beverages, Plant-based foods, Cereals and potatoes, Breads, Toasts",1628.0,1.3,3.2,1.3,11.8,3.9,0.0,8,C,72.0,B,https://world.openfoodfacts.org/product/01048162/melba-toast-sainsbury-s
Medium White Bread,Morrisons,"Plant-based foods and beverages,Plant-based foods,Cereals and potatoes,Breads,Sliced breads,White breads",975.0,0.278,2.78,0.889,9.17,2.5,0.0,1,C,70.0,B,https://world.openfoodfacts.org/product/5010251737131/medium-white-bread-morrisons
Sliced Brown,Baker Street,"Plant-based foods and beverages,Plant-based foods,Breads,Wholemeal breads,Wholemeal sliced breads,Sliced breads",1052.0,0.5,4.9,1.3,8.5,6.2,0.0,2,C,70.0,B,https://world.openfoodfacts.org/product/5027952014980/sliced-brown-baker-street
Medium soft white,Roberts,"Plant-based foods and beverages, Plant-based foods, Cereals and potatoes, Sandwiches, Breads, French bread sandwiches, Sliced breads",990.0,0.2,3.5,1.0,8.6,3.6,0.5,1,C,70.0,B,https://world.openfoodfacts.org/product/5011579451495/medium-soft-white-roberts
Chapata rústica,Recondo,"Plant-based foods and beverages, Plant-based foods, Cereals and potatoes, Cereals and their products, Breads, Rusks, en:toasts",1698.0,0.7,3.3,1.3,11.0,5.8,0.0,6,C,74.0,B,https://world.openfoodfacts.org/product/8410706999904/chapata-rustica-recondo
Pita Brottasche,,"Pflanzliche Lebensmittel und Getränke, Pflanzliche Lebensmittel, Getreide und Kartoffeln, Brote, Fladenbrote, Spezielle Brote, Pitas",1068.0,0.3,4.9,0.94,7.3,2.9,0.0,2,C,75.0,A,https://world.openfoodfacts.org/product/4337256633178/pita-brottasche
Biscottes au Froment,Belle France,"Plant-based foods and beverages, Plant-based foods, Cereals and potatoes, Breads, Rusks, fr:biscottes-de-froment, en:common-wheat-rusks",1647.0,0.4,8.6,1.19,11.4,4.2,2.20833333333333,7,C,76.0,A,https://world.openfoodfacts.org/product/3258561010021/biscottes-au-froment-belle-france
Maiswaffeln,Lima,"Aliments et boissons à base de végétaux, Aliments d'origine végétale, Céréales et pommes de terre, Céréales et dérivés, Pains, Galettes de céréales soufflées, Galettes de maïs soufflé, en:Groceries",1629.0,0.2,0.0,0.49,7.0,1.7,0.0,3,C,69.0,B,https://world.openfoodfacts.org/product/5411788045285/maiswaffeln-lima
PanPiuma Intégrale (Pain Complet),Artebianca,"Plant-based foods and beverages, Plant-based foods, Cereals and potatoes, Cereals and their products, Breads, en:sliced-breads",1038.0,0.5,4.6,1.1,8.1,4.9,0.0,2,C,79.0,A,https://world.openfoodfacts.org/product/8002859150167/panpiuma-integrale-artebianca
Pan payes 5 cereales y semillas,Ruipan,"Alimentos y bebidas de origen vegetal, Alimentos de origen vegetal, Cereales y patatas, Panes, Panes de molde, Panes de molde con cereales",1208.0,0.8,3.9,1.2,12.0,2.8,3.1,2,C,76.0,A,https://world.openfoodfacts.org/product/8414509250040/pan-payes-5-cereales-y-semillas-ruipan
Toasts fins apéro sésame,Monoprix,"plant-based-foods-and-beverages, plant-based-foods, cereals-and-potatoes, breads, toasts, da:crackers",1590.0,1.5,2.9,1.1,12.0,4.0,0.0,3,C,72.0,B,https://world.openfoodfacts.org/product/3350033757516/toasts-fins-apero-sesame-monoprix
Hamburger Brötchen ohne Sesam,"Wback, ja!","Pflanzliche Lebensmittel und Getränke, Pflanzliche Lebensmittel, Getreide und Kartoffeln, Brote, Spezielle Brote, Hamburger-Brötchen, en:buns",1252.0,0.5,5.2,1.12,9.1,3.1,2.6,3,C,73.0,B,https://world.openfoodfacts.org/product/4337256228336/hamburger-brotchen-ohne-sesam-wback
Gluten free tiger loaf,M&S,"Plant-based foods and beverages, Plant-based foods, Cereals and potatoes, Specific products, Products for specific diets, Breads, Products without gluten, Gluten-free breads",1069.0,0.7,4.8,1.05,2.9,7.5,0.0,1,C,72.0,B,https://world.openfoodfacts.org/product/29149117/gluten-free-tiger-loaf-m-s
Seeded brioche burger buns,Deluxe,"Plant-based foods and beverages, Plant-based foods, Cereals and potatoes, Breads, Special breads, Hamburger buns",1320.0,2.0,9.1,0.88,10.4,3.8,3.25,3,C,75.0,A,https://world.openfoodfacts.org/product/4056489461982/seeded-brioche-burger-buns-deluxe
Sandwich,Κατσέλης,"Τρόφιμα και ποτά φυτικής προέλευσης,Τρόφιμα φυτικής προέλευσης,Δημητριακά και πατάτες,en:Cereals and their products,en:Breads,en:White breads,Toast",1071.0,0.3,4.0,1.4,9.3,4.8,0.0,3,C,78.0,A,https://world.openfoodfacts.org/product/5201673006947/sandwich-%CE%BA%CE%B1%CF%84%CF%83%CE%AD%CE%BB%CE%B7%CF%82
Soft White Farmhouse,Waitrose,"Plant-based foods and beverages, Plant-based foods, Cereals and potatoes, Breads, White breads, Bread white from wheat flour of the highest grade GOST 26987-86, en:sliced-breads",955.0,0.4,3.0,0.94,7.8,3.0,0.47,0,C,70.0,B,https://world.openfoodfacts.org/product/5000169677148/soft-white-farmhouse-waitrose
Baguettes précuites longue conservation 2x150g,U,"Plant-based foods and beverages, Plant-based foods, Cereals and potatoes, Breads, Pre-baked breads, en:baguettes",1052.0,0.2,2.5,1.4,7.5,2.5,0.0,4,C,88.0,A,https://world.openfoodfacts.org/product/3256224801429/baguettes-precuites-longue-conservation-2x150g-u
Pain de mie spécial sandwichGrandes Tranches Nature Extra moelleux,Auchan,"Plant-based foods and beverages,Plant-based foods,Cereals and potatoes,Breads,Sliced breads,Bran sliced breads, Surgelés, Céréales et dérivés, Pains surgelés",1140.0,0.5,5.0,1.1,8.0,3.0,2.5,3,C,74.0,B,https://world.openfoodfacts.org/product/3596710086238/pain-de-mie-special-sandwichgrandes-tranches-nature-extra-moelleux-auchan
Panini à garnir,Auchan,"Plant-based foods and beverages,Plant-based foods,Panini breads",1138.0,0.5,3.0,1.1,8.0,3.0,2.0,2,C,87.0,A,https://world.openfoodfacts.org/product/3596710425518/panini-a-garnir-auchan
Hamburger 4 x (300g),Schär,"Plant-based foods and beverages, Plant-based foods, Cereals and potatoes, Breads, Special breads, Hamburger buns",946.0,0.3,4.7,0.98,3.2,5.4,0.0,1,C,68.0,B,https://world.openfoodfacts.org/product/8008698012246/hamburger-4-x-300g-schar
Panini Rolls gluten-free WHEAT-FREE LACTOSE-FREE,Schär,"Plant-based foods and beverages, Plant-based foods, Cereals and potatoes, Specific products, Products for specific diets, Breads, Products without gluten, Gluten-free breads, fr:Panini Rolls",1019.0,0.5,4.9,1.0,3.7,7.4,0.0,1,C,68.0,B,https://world.openfoodfacts.org/product/8008698014561/panini-rolls-gluten-free-wheat-free-lactose-free-schar
Krustenbrot,"Harry,Harry Bäckerfrisch","Plant-based foods and beverages, Plant-based foods, Cereals and potatoes, Breads, White breads, Wheat breads, en:sliced-breads",918.0,0.1,1.7,1.2,6.5,4.9,0.0,1,C,75.0,A,https://world.openfoodfacts.org/product/4071800004372/krusten-brot-harry
Fladenbrot,Güven Brot,"Plant-based foods and beverages, Plant-based foods, Cereals and potatoes, Breads, Flatbreads, White breads, Wheat breads, en:wheat-flatbreads",1048.0,0.2,2.9,1.4,8.3,3.0,0.18028846153846,3,C,80.0,A,https://world.openfoodfacts.org/product/4020982008401/fladenbrot-guven-brot
white Bagels,Connell Bakery,"Plant-based foods and beverages,Plant-based foods,Fruits and vegetables based foods,Cereals and potatoes,Vegetables based foods,Mushrooms and their products,Breads,Mushrooms,Bagel breads",1152.0,0.3,8.8,0.5,10.1,2.7,0.0,0,C,74.0,B,https://world.openfoodfacts.org/product/20417673/white-bagels-connell-bakery
Tortilla s příchutí špenátu,El Tequito,"Plant-based foods and beverages,Plant-based foods,Cereals and potatoes,Breads,Flatbreads,White breads,Wheat breads,Wheat flatbreads",1283.0,1.5,2.1,0.96,9.9,2.2,12.4090909090909,2,C,73.0,B,https://world.openfoodfacts.org/product/20121532/tortilla-s-p-ichuti-%C5%A1penatu-el-tequito
Sliced Hot Dog Rolls,Warburtons,"Plant-based foods and beverages, Plant-based foods, Cereals and potatoes, Breads, Special breads, Hot dog buns",1088.0,1.1,3.1,1.0,8.8,1.6,2.8125,4,C,63.0,B,https://world.openfoodfacts.org/product/5010044004112/sliced-hot-dog-rolls-warburtons
Hand crafted sourdough rustic white,Gallaghers bakehouse,"Plant-based foods and beverages, Plant-based foods, Cereals and potatoes, Breads, Sliced breads",1032.0,0.3,4.6,1.06,8.7,3.3,0.0,3,C,75.0,A,https://world.openfoodfacts.org/product/5391526416037/hand-crafted-sourdough-rustic-white-gallaghers-bakehouse
Extra special 4 sliced brioche burger buns,Asda,"Plant-based foods and beverages, Plant-based foods, Snacks, Cereals and potatoes, Sweet snacks, Breads, Viennoiseries, Brioches, Special breads, Hamburger buns, Pure butter brioche, Vienna bread",1270.0,3.5,8.4,0.6,9.0,2.3,0.3,5,C,58.0,C,https://world.openfoodfacts.org/product/5057172612680/extra-special-4-sliced-brioche-burger-buns-asda
Multiseed bread,Brennans,"Plant-based foods and beverages, Plant-based foods, Cereals and potatoes, Breads, Sliced breads, White breads, Wheat breads",1178.0,1.1,3.1,1.45,11.4,6.0,1.8625,6,C,70.0,B,https://world.openfoodfacts.org/product/5011059002148/multiseed-bread-brennans
Bagels mit Sesam,ja!,"Plant-based foods and beverages, Plant-based foods, Cereals and potatoes, Breads, Special breads, Bagel breads, de:Hefefeingebäck, de:Weizenkleingebäck, en:hamburger-buns",1324.0,0.5,5.0,0.9,9.8,2.5,1.5,2,C,89.0,A,https://world.openfoodfacts.org/product/4337256212670/bagels-mit-sesam-ja
Toast Dunkel Geschnitten,Prix Garantie,"Plant-based foods and beverages, Plant-based foods, Cereals and potatoes, Breads, Sliced breads, Toasts",1096.0,0.3,6.1,1.5,9.1,5.1,2.575,7,C,70.0,B,https://world.openfoodfacts.org/product/7627535717260/toast-dunkel-geschnitten-prix-garantie
Miso miso,Καραμολέγκος,"Plant-based foods and beverages,Plant-based foods,Cereals and potatoes,Breads,Sliced breads,ψωμί τοστ,Wheat breads",1118.0,0.7,4.5,1.2,9.2,5.5,0.0,1,C,70.0,B,https://world.openfoodfacts.org/product/5201673011248/miso-miso-%CE%BA%CE%B1%CF%81%CE%B1%CE%BC%CE%BF%CE%BB%CE%AD%CE%B3%CE%BA%CE%BF%CF%82
6 pitas,Monoprix,"Aliments et boissons à base de végétaux, Aliments d'origine végétale, Céréales et pommes de terre, Pains, Pains spéciaux, Pains plats, Pains Pita",1068.0,0.3,4.9,0.94,7.3,2.9,0.47,2,C,89.0,A,https://world.openfoodfacts.org/product/3350033048683/6-pitas-monoprix
Mini toasts apéritifs craquants,"Marque Repère, Epi d'Or","plant-based-foods-and-beverages, plant-based-foods, snacks, cereals-and-potatoes, salty-snacks, appetizers, breads, toasts, da:crackers",1707.0,0.9,6.0,1.1,12.0,4.8,0.0,7,C,72.0,B,https://world.openfoodfacts.org/product/3564700857908/mini-toasts-aperitifs-craquants-marque-repere
Pain de mie sans croute,Auchan,"Alimentos e bebidas à base de plantas,Alimentos à base de plantas,Cereais e Batatas,Pães,Pães de forma,en:Sliced breads without crust, Surgelés, Pains surgelés",1067.0,0.9,5.2,0.85,8.8,3.1,0.0,2,C,80.0,A,https://world.openfoodfacts.org/product/3596710425440/pain-de-mie-sans-croute-auchan
fette biscottate,Colussi,"Plant-based foods and beverages, Plant-based foods, Cereals and potatoes, Breads, rusks",1650.0,0.6,8.0,1.0,12.0,3.5,0.0,3,C,76.0,A,https://world.openfoodfacts.org/product/8002590045395/fette-biscottate-colussi
Baguette Brötchen,K-Classic,"Pflanzliche Lebensmittel und Getränke, Pflanzliche Lebensmittel, Getreide und Kartoffeln, Brote, Baguettes, Brötchen, Weizenbrötchen, Weizenkleingebäck",1055.0,0.5,3.1,1.3,1.3,2.5,0.65,7,C,82.0,A,https://world.openfoodfacts.org/product/4337185441530/baguette-brotchen-k-classic
Wheat & corn tortillas,Asda,"Plant-based foods and beverages, Plant-based foods, Cereals and potatoes, Breads, Flatbreads, Corn flatbreads",1320.0,2.4,3.7,0.8,7.8,4.4,3.4375,2,C,63.0,B,https://world.openfoodfacts.org/product/5054070630617/wheat-corn-tortillas-asda
Französisches Steinofen-Baguette,"Goldähren,Ibis Backwaren","Plant-based foods and beverages, Plant-based foods, Cereals and potatoes, Breads, Baguettes, de:Brote zum Aufbacken, en:pre-baked-breads",1064.0,0.3,2.8,1.2,8.3,3.4,0.0,2,C,82.0,A,https://world.openfoodfacts.org/product/4061458046046/franzosisches-steinofen-baguette-goldahren
Pane integrale morbido a fette,"Grissitalia, Primia","Plant-based foods and beverages,Plant-based foods,Cereals and potatoes,Breads,Sliced breads,Wholemeal breads,Wholemeal sliced breads",1105.0,1.2,3.5,1.3,9.1,6.1,4.0,6,C,74.0,B,https://world.openfoodfacts.org/product/8030582013633/pane-integrale-morbido-a-fette-grissitalia
Pan Integral Chico,Bimbo,"Alimentos y bebidas de origen vegetal,Alimentos de origen vegetal,Cereales y patatas,Panes,Panes de molde,Panes integrales,Panes de molde integrales,en:Bran sliced breads",1030.0,2.4,5.6,1.17,10.8,6.0,0.048828125,6,C,78.0,A,https://world.openfoodfacts.org/product/7796989075803/pan-integral-chico-bimbo
Whole Wheat Bread,Modern,"Plant-based foods and beverages,Plant-based foods,Cereals and potatoes,Breads,Wholemeal sliced breads",983.0,2.29,3.9,1.2,9.6,6.4,0.0,1,C,70.0,B,https://world.openfoodfacts.org/product/8904043551548/whole-wheat-bread-modern
White sourdough,Ocado,"Plant-based foods and beverages, Plant-based foods, Cereals and potatoes, Breads, Sliced breads",1108.0,0.4,1.6,0.95,9.1,1.9,0.181361607142858,2,C,80.0,A,https://world.openfoodfacts.org/product/5055540054841/white-sourdough-ocado
Hafer-Brot Porridge,"Goldähren,Lieken",Sliced breads,983.0,0.4,3.6,1.3,7.0,6.2,0.0887784090909065,2,C,70.0,B,https://world.openfoodfacts.org/product/4061463574381/hafer-brot-porridge-goldahren
Petits Pains Grillés complet sachet familial,Auchan,"Aliments et boissons à base de végétaux, Aliments d'origine végétale, Céréales et pommes de terre, Pains, Pains grillés, Petits pains grillés, en:Dried breads",1597.0,0.6,3.2,1.5,12.0,8.3,5.55555555555556,4,C,79.0,A,https://world.openfoodfacts.org/product/3596710510009/petits-pains-grilles-au-ble-complet-auchan
Taco shells,Santa Maria,"Plant-based foods and beverages, Plant-based foods, Cereals and potatoes, Breads, Flatbreads, Corn flatbreads, nl:Maïsschelpen, en:wheat-flatbreads",1930.0,2.0,0.8,0.9,6.5,5.0,0.0,4,C,73.0,B,https://world.openfoodfacts.org/product/7311312008220/taco-shells-santa-maria
Korast Blé Complet Sans Sucres Ajoutés,Casino,"Aliments et boissons à base de végétaux, Aliments d'origine végétale, Céréales et pommes de terre, Pains, Pains grillés, Petits pains grillés",1657.0,0.6,2.8,1.5,12.0,7.1,10.4166666666667,5,C,72.0,B,https://world.openfoodfacts.org/product/3222475223723/korast-ble-complet-sans-sucres-ajoutes-casino
Bake at home baguettes,Tesco,"Aliments et boissons à base de végétaux,Aliments d'origine végétale,Céréales et pommes de terre,Pains,Baguettes,Pains précuits",1250.0,0.4,3.7,1.1,8.9,4.2,0.0,2,C,81.0,A,https://world.openfoodfacts.org/product/5010204585390/bake-at-home-baguettes-tesco
FrasRost,"Fazer, Skogaholm","Växtbaserad mat och dryck, Växtbaserad mat, Spannmål och Potatisar, Bröd, en:Sliced breads, en:White breads",1050.0,0.5,5.8,1.0,10.0,2.6,0.18028846153846,2,C,70.0,B,https://world.openfoodfacts.org/product/7314874087009/frasrost-fazer
Pan con Mantequilla y Leche,Oroweat,"Plant-based foods and beverages, Plant-based foods, Cereals and potatoes, Breads, es:Pan de Harina, en:sliced-breads",1210.0,0.941,7.06,1.2,9.41,0.0,0.875,7,C,75.0,A,https://world.openfoodfacts.org/product/7501030421221/butter-milk-oroweat
Mini burger panini,Roberto,"Plant-based foods and beverages,Plant-based foods,Cereals and potatoes,Breads,Bakery products,Special breads,Panini breads",1167.0,0.8,4.4,1.3,11.0,1.7,0.0,5,C,77.0,A,https://world.openfoodfacts.org/product/8003490044570/mini-burger-panini-roberto
Volkorenbrood,Albert Heijn,"Plant-based foods and beverages,Plant-based foods,Cereals and potatoes,Breads,Sliced breads,Wholemeal breads,Wholemeal sliced breads",351.0,0.1,1.2,0.9,4.2,2.4,0.0,2,C,74.0,B,https://world.openfoodfacts.org/product/8710400313984/volkorenbrood-albert-heijn
Maxi Burger Brötle,Ölz der Meisterbäcker,"Plant-based foods and beverages, Plant-based foods, Cereals and potatoes, Breads, White breads, Wheat breads, de:weizenbrötchen, en:hamburger-buns",1112.0,0.9,5.5,1.0,8.7,2.4,3.5,3,C,68.0,B,https://world.openfoodfacts.org/product/9005300011122/maxi-burger-brotle-olz-der-meisterbacker
Stevige crackers volkoren,Albert Heijn,"plant-based-foods-and-beverages, plant-based-foods, snacks, cereals-and-potatoes, salty-snacks, appetizers, breads, da:crackers",1793.0,3.5,1.6,0.65,14.0,13.0,1.40625,4,C,57.0,C,https://world.openfoodfacts.org/product/8718907126069/stevige-crackers-volkoren-albert-heijn
Blanco,Bimbo,"Panes blancos,Panes de molde,en:Wheat breads",962.0,0.6,4.2,1.09,8.6,3.4,0.0,2,C,77.0,A,https://world.openfoodfacts.org/product/7796989007620/blanco-bimbo
Pan de molde con semillas sin gluten,"Carrefour, Carrefour classic","Alimentos y bebidas de origen vegetal, Alimentos de origen vegetal, Cereales y patatas, en:Specific products, en:Products for specific diets, Panes, Productos sin gluten, Panes sin gluten, Panes de molde, Panes de molde sin gluten",1146.0,1.3,4.8,1.17,2.1,5.8,0.0,5,C,75.0,A,https://world.openfoodfacts.org/product/8431876290752/pan-de-molde-con-semillas-sin-gluten-carrefour
Sandwich-Toast,K-Classic,"Pflanzliche Lebensmittel und Getränke, Pflanzliche Lebensmittel, Getreide und Kartoffeln, Brote, Geschnittenes Brot, Toastbrote",1116.0,0.5,4.0,1.1,7.5,3.0,3.75,3,C,70.0,B,https://world.openfoodfacts.org/product/4337185638626/sandwich-toast-k-classic
Bake at home white baguettes,Ocado,"Plant-based foods and beverages, Plant-based foods, Cereals and potatoes, Breads, Baguettes",1100.0,0.2,2.7,1.0,8.3,0.9,0.0,3,C,77.0,A,https://world.openfoodfacts.org/product/5060034486510/bake-at-home-white-baguettes-ocado
Guldkorn,"Pagen, Pågen","Växtbaserad mat och dryck, Växtbaserad mat, Spannmål och Potatisar, Bröd, en:Rye-and-wheat breads, en:Sliced breads",1152.0,0.3,7.3,1.1,9.4,4.8,0.0115645559210549,3,C,86.0,A,https://world.openfoodfacts.org/product/7311070330328/guldkorn-pagen
Mini tortilla de patata fresca,Carrefour,"Alimentos y bebidas de origen vegetal, Alimentos de origen vegetal, Cereales y patatas, Comidas preparadas, Panes, Panes planos, Tortillas de patata, Panes blancos, Panes de trigo, en:Wheat flatbreads, Tortillas",722.0,1.8,0.6,0.81,5.7,1.7,3.5,4,C,78.0,A,https://world.openfoodfacts.org/product/8431876295092/mini-tortilla-de-patata-fresca-carrefour
Sesame New York Style Bagels,ballymore,Bagel breads,1193.0,0.5,8.6,1.1,10.0,2.8,0.0,3,C,75.0,A,https://world.openfoodfacts.org/product/4088600252292/sesame-new-york-style-bagels-ballymore
Villiage sliced soft medium sliced white loaf,,"Plant-based foods and beverages, Plant-based foods, Cereals and potatoes, Cereals and their products, Breads, en:sliced-breads",1150.0,0.3,0.4,1.35,8.0,2.8,0.675,3,C,70.0,B,https://world.openfoodfacts.org/product/5016926010011/villiage-sliced-soft-medium-sliced-white-loaf
Sourdough Sliced Loaf,Tesco,"Plant-based foods and beverages, Plant-based foods, Cereals and potatoes, Breads, Sliced breads",1166.0,0.3,0.4,0.9,9.9,3.0,0.45,0,C,75.0,A,https://world.openfoodfacts.org/product/5057008251977/sourdough-sliced-loaf-tesco
Hamburger Brötchen mit Sesam,"K-Classic, Kaufland, Wback","Pflanzliche Lebensmittel und Getränke, Pflanzliche Lebensmittel, Getreide und Kartoffeln, Brote, Spezielle Brote, Hamburger-Brötchen",1211.0,0.5,5.9,1.1,8.9,3.9,3.7,3,C,75.0,A,https://world.openfoodfacts.org/product/4337185602733/hamburger-brotchen-mit-sesam-k-classic
Biscottes complète fibres et son,Auchan,"Plant-based foods and beverages, Plant-based foods, Cereals and potatoes, Breads, Rusks, en:wholemeal-rusks, en:Packaged breads",1585.0,0.5,6.3,1.5,15.0,10.0,0.520833333333329,5,C,76.0,A,https://world.openfoodfacts.org/product/3596710508617/biscottes-complete-fibres-et-son-auchan
Pane a fette bianco,Roberto,"en:Plant-based foods and beverages, en:Plant-based foods, en:Cereals and potatoes, en:Breads, en:Sliced breads",1138.0,0.6,5.8,1.3,8.0,3.9,2.3,4,C,83.0,A,https://world.openfoodfacts.org/product/8003490037800/pane-a-fette-bianco-roberto
Free From Gluten Free Hot Cross Buns,Waitrose,"Plant-based foods and beverages, Plant-based foods, Cereals and potatoes, Specific products, Products for specific diets, Breads, Products without gluten, Gluten-free breads, Hot-cross-buns, en:viennoiseries",1126.0,0.4,21.0,0.54,3.0,7.8,30.2983893060065,4,C,81.0,A,https://world.openfoodfacts.org/product/5000169603680/free-from-gluten-free-hot-cross-buns-waitrose
BURGER sans gluten 300g,"Auchan, Santé","Plant-based foods and beverages, Plant-based foods, Cereals and potatoes, Specific products, Products for specific diets, Breads, Products without gluten, Gluten-free breads, en:special-breads, Assortiments d'aliments, Assortiments d'aliments préparés",1331.0,1.2,3.9,1.3,6.7,8.6,0.0,4,C,68.0,B,https://world.openfoodfacts.org/product/3596710519644/burger-sans-gluten-300g-auchan
Pita Bread,BONI,"Plant-based foods and beverages, Plant-based foods, Cereals and potatoes, Breads, Special breads, Flatbreads, Pitas",1037.0,0.2,1.9,1.0,8.4,3.0,0.0,1,C,75.0,A,https://world.openfoodfacts.org/product/5400141944907/pita-bread-boni
6 Wraps,"Carfour, Carrefour","Plant-based foods and beverages, Plant-based foods, Cereals and potatoes, Breads, Flatbreads, en:wheat-flatbreads",1377.0,0.9,3.2,0.9,9.4,2.3,7.425,3,C,73.0,B,https://world.openfoodfacts.org/product/3560071357849/6-wraps-carfour
Mueslibollen,Albert Heijn,"Plant-based foods and beverages, Plant-based foods, Cereals and potatoes, Breads, Bread rolls, nl:mueslibollen, nl:volkorenbrood, fr:brioches-tranchees",1264.0,1.4,15.0,0.835,11.0,6.0,25.050927734375,7,C,53.0,C,https://world.openfoodfacts.org/product/8718907976688/mueslibollen-albert-heijn
Free From Gluten Fruit Loaf,Sainsbury's taste the difference,"Plant-based foods and beverages,Plant-based foods,Cereals and potatoes,Specific products,Products for specific diets,Breads,Products without gluten,Gluten-free breads,Sliced breads,Gluten-free sliced breads,Gluten Free Fruit Loaf",1128.0,0.5,13.9,0.68,2.7,7.0,28.25,2,C,70.0,B,https://world.openfoodfacts.org/product/00499408/free-from-gluten-fruit-loaf-sainsbury-s-taste-the-difference
Pain Crousti Moelleux Brioché,Jacquet,"Snacks, Sweet snacks, Sweet pastries and pies, Viennoiseries, Brioches, en:breads",1185.0,0.7,9.7,1.1,8.2,4.4,6.0,3,C,49.0,C,https://world.openfoodfacts.org/product/3029330003618/pain-crousti-moelleux-brioche-jacquet
Jacquet Maxi Jac' pain de mie nature 550g,Jacquet,"Aliments et boissons à base de végétaux, Aliments d'origine végétale, Céréales et pommes de terre, Pains, Pains de mie",1148.0,0.4,8.3,1.1,8.8,2.5,4.15,5,C,70.0,B,https://world.openfoodfacts.org/product/3029330063056/jacquet-maxi-jac-pain-de-mie-nature-550g
Grand toast rond pavot,Jacquet,"Plant-based foods and beverages, Plant-based foods, Cereals and potatoes, Breads, en:sliced-breads",1154.0,1.0,6.5,1.1,9.2,4.8,12.2159090909091,2,C,75.0,A,https://world.openfoodfacts.org/product/3029330068747/grand-toast-rond-pavot-jacquet
Toasts pain de mie longue conservation nature 255g,U,"Plant-based foods and beverages, Plant-based foods, Cereals and potatoes, Breads, Toasts, en:sliced-breads",1277.0,0.7,5.8,1.1,7.5,2.2,7.27272727272727,4,C,81.0,A,https://world.openfoodfacts.org/product/3256224057659/toasts-pain-de-mie-longue-conservation-nature-255g-u
K-Vreau din Romania Toast clasic,K-Vreau din Romania,"Alimente și băuturi pe bază de plante, Alimente pe bază de plante, en:Cereals and potatoes, Pâini, en:Sliced breads",1122.0,1.5,2.1,1.2,8.9,4.4,0.0,2,C,80.0,A,https://world.openfoodfacts.org/product/4049728002978/k-vreau-din-romania-toast-clasic
Toast,Denner,"Plant-based foods and beverages, Plant-based foods, Cereals and potatoes, Breads, en:sliced-breads",900.0,0.20000000298023,3.5,1.2000000476837,7.6999998092651,3.0,0.60000002384185,3,C,70.0,B,https://world.openfoodfacts.org/product/7610029125139/toast-denner
Biscottes à la Farine Complète,Roland,"Plant-based foods and beverages,Plant-based foods,Cereals and potatoes,Breads,Rusks,Toasts,Wholemeal rusks",1657.0,2.1,11.0,1.3,15.0,8.7,0.0062662760416714,8,C,80.0,A,https://world.openfoodfacts.org/product/7610058003408/whole-grain-rusk-roland
Pan de molde rebanada gruesa,Hacendado,"Plant-based foods and beverages,Plant-based foods,Cereals and potatoes,Breads,Sliced breads",1078.0,0.5,5.0,1.1,9.0,3.0,0.0,3,C,75.0,A,https://world.openfoodfacts.org/product/8480000823267/pan-de-molde-rebanada-gruesa-hacendado
Pan de molde sin corteza,Eliges,"Alimentos y bebidas de origen vegetal, Alimentos de origen vegetal, Cereales y patatas, Panes, Panes de molde",1082.0,1.0,4.9,1.3,8.2,4.0,0.0,4,C,70.0,B,https://world.openfoodfacts.org/product/8480012010822/pan-de-molde-sin-corteza-eliges
8 seeded tortilla wraps,Lidl,"Plant-based foods and beverages, Plant-based foods, Cereals and potatoes, Sandwiches, Breads, Wraps, Flatbreads, White breads, Wheat breads, Wheat flatbreads",1345.0,3.5,3.1,0.96,8.3,7.9,0.0,4,C,73.0,B,https://world.openfoodfacts.org/product/4056489046714/8-seeded-tortilla-wraps-lidl
Warburtons Large White Rolls,Warburtons,"Plant-based foods and beverages, Plant-based foods, Cereals and potatoes, Breads, Special breads, Hamburger buns",1060.0,0.682,2.95,0.977,9.09,2.39,2.88461538461539,2,C,62.0,B,https://world.openfoodfacts.org/product/5010044001173/warburtons-large-white-rolls
Pan blanco,Bimbo,"Plant-based foods and beverages,Plant-based foods,Cereals and potatoes,Breads,Sliced breads,White breads",1036.0,0.7,4.0,0.8475,7.1,1.7,0.0,5,C,70.0,B,https://world.openfoodfacts.org/product/7501000111091/pan-blanco-bimbo
Knackbrod Sesam,Bolletje,"snacks, salty-snacks, appetizers, da:crackers, en:breads",1752.0,2.4,5.3,0.73,12.0,4.2,0.0,7,C,72.0,B,https://world.openfoodfacts.org/product/8710482530170/knackbrod-sesam-bolletje
"Pan de molde sin gluten, sin leche, sin huevo",,"Aliments et boissons à base de végétaux, Aliments d'origine végétale, Céréales et pommes de terre, en:Specific products, en:Products for specific diets, Pains, Produits sans gluten, Pains sans gluten, Pains de mie, Pains de mie sans gluten",1367.58,0.03,3.82,1.65,2.25,6.0,0.0,8,C,70.0,B,https://world.openfoodfacts.org/product/8436018839554/pan-de-molde-sin-gluten-sin-leche-sin-huevo
Soep stengels,Albert Heijn,"Plant-based foods and beverages,Plant-based foods,Snacks,Cereals and potatoes,Salty snacks,Appetizers,Biscuits and crackers,Cereals and their products,Breads,Crackers(Appetizers),Breadsticks",1706.0,1.0,1.5,1.03,12.0,2.5,20.0,4,C,74.0,B,https://world.openfoodfacts.org/product/8718265422827/soep-stengels-albert-heijn
Free From Brown Sliced Loaf,Asda,"Sliced breads,loaf",1089.0,0.6,2.7,0.88,2.0,5.9,5.859375,2,C,77.0,A,https://world.openfoodfacts.org/product/5054781843993/free-from-brown-sliced-loaf-asda
Panini Rustico - Natur,"Aldi, Gourmet Finest Cuisine, Panificio Italiano Veritas","Pflanzliche Lebensmittel und Getränke, Pflanzliche Lebensmittel, Getreide und Kartoffeln, Brote, Spezielle Brote, en:Panini breads, Brote zum Aufbacken, Brote zum Fertigbacken, Weizenkleingebäck",980.0,0.5,1.6,1.2,9.7,3.0,0.0,0,C,73.0,B,https://world.openfoodfacts.org/product/4061458139977/panini-rustico-natur-aldi
Brotaufstrich Bärlauch (vegan),"K-take it veggie, Kaufland","Pflanzliche Lebensmittel und Getränke, Pflanzliche Lebensmittel, Samen, Brotaufstriche, Pflanzliche Brotaufstriche, Gesalzene Aufstriche, Sonnenblumenkerne und Sonnenblumenkernprodukte, Sonnenblumenkerne",1228.0,3.3,3.8,1.3,6.1,1.6,9.77499999999999,12,C,63.0,B,https://world.openfoodfacts.org/product/4013182016512/k-take-it-veggie-bio-brotaufstrich-barlauch
Klassiska Hamburgerbröd,Korvbrödsbagaren,"Växtbaserad mat och dryck, Växtbaserad mat, Spannmål och Potatisar, Bröd, en:Special breads, en:Hamburger buns",1192.0,0.8,5.1,0.7475,8.8,2.5,5.625,2,C,73.0,B,https://world.openfoodfacts.org/product/7311379536278/klassiska-hamburgerbrod-korvbrodsbagaren
Hamburgerbroodjes,Jumbo,"plant-based-foods-and-beverages, plant-based-foods, cereals-and-potatoes, breads, special-breads, hamburger-buns, white-breads, hr:buns",1169.0,1.1,4.6,1.0,9.2,2.6,4.10833333333333,4,C,58.0,C,https://world.openfoodfacts.org/product/8718452356447/hamburgerbroodjes-jumbo
white sliced bread,Aldi,"Plant-based foods and beverages, Plant-based foods, Cereals and potatoes, Breads, White breads, en:sliced-breads",1005.0,0.4,3.2,1.0,9.1,2.3,2.96875,1,C,70.0,B,https://world.openfoodfacts.org/product/4088600280325/white-sliced-bread-aldi
Gluten Free Sourdough Loaf,Good Grain Bakery,"Plant-based foods and beverages, Plant-based foods, Cereals and potatoes, Specific products, Products for specific diets, Breads, Products without gluten, Gluten-free breads",1017.0,0.4,1.7,1.78,4.0,3.6,10.0,8,C,88.0,A,https://world.openfoodfacts.org/product/5060452760162/gluten-free-sourdough-loaf-good-grain-bakery
Hembakat,"Östras, Östras Stenugnsbageriet","Växtbaserad mat och dryck, Växtbaserad mat, Spannmål och Potatisar, Bröd, en:Sliced breads, en:Multigrain sliced breads",1100.0,0.5,4.7,0.7,6.8,3.9,0.3515625,2,C,71.0,B,https://world.openfoodfacts.org/product/7314320041012/hembakat-ostras
Pâinea copiilor,Savoria,"Alimente și băuturi pe bază de plante, Alimente pe bază de plante, en:Cereals and potatoes, Pâini, en:Sliced breads",1313.06,1.61,1.22,0.68,10.31,2.03,0.0,1,C,70.0,B,https://world.openfoodfacts.org/product/5941872900249/painea-copiilor-savoria
Weltmeisterbrot,Penny,"Plant-based foods and beverages,Plant-based foods,Cereals and potatoes,Breads,Sliced breads",1092.0,0.7,2.8,1.18,8.9,5.2,0.0,1,C,70.0,B,https://world.openfoodfacts.org/product/21822766/weltmeisterbrot-penny
reduced fat garlic baguettes,Chef Select,"Plant-based foods and beverages, Plant-based foods, Fruits and vegetables based foods, Snacks, Condiments, Salty snacks, Vegetables based foods, Appetizers, Culinary plants, Garlic and their products, Garlic, Garlic breads, Garlic baguettes, en:baguettes",1162.0,1.6,3.4,0.63,8.4,2.2,38.0859375,2,C,67.0,B,https://world.openfoodfacts.org/product/4056489462101/reduced-fat-garlic-baguettes-chef-select
Biscottes complètes sans sucres ajoutés x36,Netto,"Plant-based foods and beverages, Plant-based foods, Cereals and potatoes, Breads, Rusks, Wholemeal rusks, fr:Biscottes completes_cereales_graines, en:toasts",1578.0,0.6,3.4,1.5,16.0,11.0,0.208333333333336,4,C,76.0,A,https://world.openfoodfacts.org/product/3250393427411/biscottes-completes-sans-sucres-ajoutes-x36-netto
Mirtillini senza latte e uova m.b.,,"Snacks, Sweet snacks, Biscuits and cakes, Biscuits, en:breads",1921.0,1.7,19.0,0.44,7.8,8.5,0.0,6,C,50.0,C,https://world.openfoodfacts.org/product/0056069583992/mirtillini-senza-latte-e-uova-m-b
Gluten Free Seeded Bread,Dillon Organic,"Plant-based foods and beverages, Plant-based foods, Cereals and potatoes, Specific products, Products for specific diets, Breads, Products without gluten, Gluten-free breads",1561.0,2.6,1.1,1.5725,10.0,9.6,3.18,6,C,88.0,A,https://world.openfoodfacts.org/product/5070000210636/gluten-free-seeded-bread-dillon-organic
Chicken Collection,Boots,"Sandwiches, Poultry sandwiches, Chicken sandwiches, Sandwich made with loaf bread, en:meat-preparations",862.0,1.1,2.8,0.77,13.0,2.6,2.0244140625,-1,C,37.0,D,https://world.openfoodfacts.org/product/5045095736873/chicken-collection-boots
Maalaisviipaleet,Vaasan,Sliced breads,1026.0,0.3,0.3,1.0825,8.6,3.9,0.54125,2,C,79.0,A,https://world.openfoodfacts.org/product/6437005031298/maalaisviipaleet-vaasan
Mums kauraiset rieskapalat,Vaasan,"Plant-based foods and beverages,Plant-based foods,Cereals and potatoes,Breads,Sliced breads",1137.0,1.1,6.0,1.1,9.4,5.1,2.76923076923077,3,C,70.0,B,https://world.openfoodfacts.org/product/6408180737619/mums-kauraiset-rieskapalat-vaasan
6 Pains Pitas,Jacquet,"Aliments et boissons à base de végétaux, Aliments d'origine végétale, Céréales et pommes de terre, Pains, Pains plats, Pains spéciaux, Pains Pita",1081.0,0.2,4.0,1.25,8.0,3.0,0.0,4,C,80.0,A,https://world.openfoodfacts.org/product/3029330009092/6-pains-pitas-jacquet
Croûtons aux 7 céréales,Le panier du pêcheur,"Aliments et boissons à base de végétaux, Aliments d'origine végétale, Céréales et pommes de terre, Pains, Croûtons, Croûtons nature",1552.0,0.8,3.2,1.8,12.8,4.4,0.0,8,C,43.0,D,https://world.openfoodfacts.org/product/3183811009596/croutons-aux-7-cereales-le-panier-du-pecheur
Toast seigle,"CMI, Carrefour","Plant-based foods and beverages, Plant-based foods, Cereals and potatoes, Breads, Toasts, en:sliced-breads",1115.0,0.7,5.5,1.1,8.3,5.9,9.25,1,C,79.0,A,https://world.openfoodfacts.org/product/3245412997853/toast-seigle-cmi
2 Pains Panini XXL 260g,La Boulangère,"Plant-based foods and beverages, Plant-based foods, Cereals and potatoes, Breads, Special breads, Panini breads, fr:Pains aux graines, en:sandwiches",1114.0,0.5,4.2,1.2,7.4,2.5,2.1,4,C,78.0,A,https://world.openfoodfacts.org/product/3760049797091/2-pains-panini-xxl-260g-la-boulangere
Baguettes précuites,"Coop, Qualité & Prix","Aliments et boissons à base de végétaux, Aliments d'origine végétale, Céréales et pommes de terre, Pains, Baguettes, Pains précuits",1130.0,0.0,0.0,1.0,8.3,3.0,0.0,1,C,82.0,A,https://world.openfoodfacts.org/product/7610845953039/baguettes-precuites-coop
Pain  toast,Migros,"Aliments et boissons à base de végétaux, Aliments d'origine végétale, Céréales et pommes de terre, Pains, Pains de mie, Pains complets",1160.0,1.0,2.0,1.6,10.0,6.0,5.83333333333333,1,C,70.0,B,https://world.openfoodfacts.org/product/7616700187007/oliver-s-sandwich-xl-vitality-migros
Baguette,Migros,"Aliments et boissons à base de végétaux, Aliments d'origine végétale, Céréales et pommes de terre, en:Specific products, en:Products for specific diets, Pains, Produits sans gluten, Baguettes, Pains sans gluten, Pains-précuitsPains-sans-gluten",963.0,0.5,0.5,1.5,2.0,5.0,0.0,5,C,68.0,B,https://world.openfoodfacts.org/product/7616700191806/baguette-migros
Pain Pita précuit,Migros,"Aliments et boissons à base de végétaux, Aliments d'origine végétale, Céréales et pommes de terre, Pains, Pains spéciaux, Pains plats, Pains Pita",1062.0,0.5,2.0,1.0,9.0,2.0,0.0,2,C,75.0,A,https://world.openfoodfacts.org/product/7616700200676/pita-migros
Biscotte,Colussi,"Plant-based foods and beverages,Plant-based foods,Cereals and potatoes,Breads,Rusks,Wholemeal rusks",1631.0,0.6,7.0,1.3,12.0,8.3,0.0,5,C,76.0,A,https://world.openfoodfacts.org/product/8002590045401/biscotte-colussi
Fette biscottate integrali,"Eurospin, Tre Mulini","Plant-based foods and beverages,Plant-based foods,Cereals and potatoes,Breads,Rusks,Wholemeal rusks",1690.0,0.9,4.5,1.5,13.0,6.8,0.0,7,C,83.0,A,https://world.openfoodfacts.org/product/8017596064349/fette-biscottate-integrali-eurospin
Pa De Motlle Amb Escorça Blanca De Bimbo,Bimbo,"Alimentos y bebidas de origen vegetal, Alimentos de origen vegetal, Cereales y patatas, Panes, Panes de molde",1050.0,0.7,3.8,1.3,9.8,3.5,0.0,3,C,70.0,B,https://world.openfoodfacts.org/product/8412600029879/pa-de-motlle-amb-escorca-blanca-de-bimbo
Chia Toast ölz,ölz,"Plant-based foods and beverages, Plant-based foods, Cereals and potatoes, Breads, en:wholemeal-sliced-breads",1031.0,0.5,4.1,1.2,8.9,5.2,1.4,2,C,70.0,B,https://world.openfoodfacts.org/product/9005300019180/der-meisterbacker-toast-chia-olz
Cheese & Tomato Flatbread,Tesco,"Plant-based foods and beverages, Plant-based foods, Cereals and potatoes, Breads, Flatbreads, White breads, Wheat breads, Wheat flatbreads",1187.0,2.6,2.7,1.2,10.3,1.9,6.12997159090909,4,C,80.0,A,https://world.openfoodfacts.org/product/5000436327585/cheese-tomato-flatbread-tesco
Tortilla,Selex,"Plant-based foods and beverages, Plant-based foods, Cereals and potatoes, Breads, Flatbreads, White breads, Wheat breads, Wheat flatbreads, it:Tortillas, en:corn-chips",2042.0,1.6,0.6,1.0,6.8,3.4,0.0,8,C,73.0,B,https://world.openfoodfacts.org/product/8003100848277/tortilla-selex
Brot,Lieken Urkorn,"Pflanzliche Lebensmittel und Getränke, Pflanzliche Lebensmittel, Getreide und Kartoffeln, Brote, Geschnittenes Brot",965.0,0.5,2.0,1.25,7.5,4.0,0.625,2,C,75.0,A,https://world.openfoodfacts.org/product/4009249019602/brot-lieken-urkorn
Melba toast rondjes,Van der Meulen,"snacks, salty-snacks, appetizers, da:crackers, small-crackers, en:breads",1628.0,1.3,3.2,1.3,11.8,3.9,0.0,8,C,67.0,B,https://world.openfoodfacts.org/product/8710649121036/melba-toast-rondjes-van-der-meulen
Pan de molde,Eliges,"Alimentos y bebidas de origen vegetal, Alimentos de origen vegetal, Cereales y patatas, Panes, Panes de molde",1080.0,0.6,3.1,0.98,9.2,3.8,0.0,1,C,70.0,B,https://world.openfoodfacts.org/product/8480012010792/pan-de-molde-eliges
XXL Hamburger Buns mit Sesam,Gut & Günstig,"Pflanzliche Lebensmittel und Getränke, Pflanzliche Lebensmittel, Getreide und Kartoffeln, Brote, Spezielle Brote, Hamburger-Brötchen, Vorgebackene Brote",1236.0,0.6,8.1,1.2,10.2,3.6,3.58055555555556,3,C,68.0,B,https://world.openfoodfacts.org/product/4311501619582/xxl-hamburger-buns-mit-sesam-gut-gunstig
Panecillos sándwich con cereales y semillas,Gourmet,"Alimentos y bebidas de origen vegetal, Alimentos de origen vegetal, Cereales y patatas, Panes, Panes de molde",1064.0,1.1,8.0,1.6,7.5,12.0,0.0,6,C,70.0,B,https://world.openfoodfacts.org/product/8413080002130/panecillos-sandwich-con-cereales-y-semillas-gourmet
Bocadillo,Consum,"Alimentos y bebidas de origen vegetal, Alimentos de origen vegetal, Cereales y patatas, Panes, Panes especiales, en:Panini breads",1223.0,0.6,2.2,1.5,8.9,2.0,0.0,5,C,73.0,B,https://world.openfoodfacts.org/product/8414807549013/bocadillo-consum
Mega Hamburger Brötchen mit Sesam,K-Classic,"Pflanzliche Lebensmittel und Getränke, Pflanzliche Lebensmittel, Getreide und Kartoffeln, Brote, Spezielle Brote, Hamburger-Brötchen, Brötchen, Hefefeingebäck, Weizenbrötchen",1229.0,0.5,8.0,1.2,9.0,2.4,5.0,5,C,75.0,A,https://world.openfoodfacts.org/product/4337185602832/mega-hamburger-brotchen-k-classic
Protein Pizza Wraps,Zec + Nutrition,"Pflanzliche Lebensmittel und Getränke, Pflanzliche Lebensmittel, Getreide und Kartoffeln, Brote, Backwaren, Pizzateige, Vegan",1329.0,1.25,1.7,1.55,22.0,6.2,7.91666666666667,6,C,76.0,A,https://world.openfoodfacts.org/product/4260640310990/protein-pizza-wraps-zec-nutrition
sendvičový chléb,"Goldblume, Norma","en:Plant-based foods and beverages, en:Plant-based foods, en:Cereals and potatoes, en:Breads, en:Sliced breads",1137.0,0.4,4.5,1.0,8.3,3.0,7.5,2,C,75.0,A,https://world.openfoodfacts.org/product/20255213/sandwich-toast-goldblume
Pain hamburger,Boni,"Aliments et boissons à base de végétaux, Aliments d'origine végétale, Céréales et pommes de terre, Pains, Pains spéciaux, Pains Burger",1223.0,0.5,8.1,1.3,9.5,3.1,0.0,8,C,68.0,B,https://world.openfoodfacts.org/product/5400141399745/pain-hamburger-boni
Tortilla Mexicana Grandissima,Tortilla Mexicana,"Plant-based foods and beverages,Plant-based foods,Cereals and potatoes,Breads,White breads,Wheat breads,Wheat flatbreads",1456.0,3.5,2.9,0.9,9.7,3.1,0.0,8,C,63.0,B,https://world.openfoodfacts.org/product/8606108011485/tortilla-mexicana-grandissima
4 White Rolls,Asda,"Plant-based foods and beverages, Plant-based foods, Cereals and potatoes, Specific products, Products for specific diets, Breads, Products without gluten, Gluten-free breads",1127.0,0.5,3.3,0.72,2.4,6.2,5.83333333333333,1,C,73.0,B,https://world.openfoodfacts.org/product/5054781844105/4-white-rolls-asda
8 Multiseed Tortilla Wraps,Tesco,"Plant-based foods and beverages, Plant-based foods, Cereals and potatoes, Meals, Breads, Flatbreads, White breads, Wheat breads, Wheat flatbreads",1224.0,2.3,2.8,1.0,8.6,4.4,0.0,2,C,68.0,B,https://world.openfoodfacts.org/product/5057967342068/8-multiseed-tortilla-wraps-tesco
Pan de leche 0% azúcares,Dulcesol,"Botanas, Snacks dulces, Viennoiseries, Panes de leche",1385.0,1.6,3.6,0.925,9.9,2.0,0.0,4,C,58.0,C,https://world.openfoodfacts.org/product/8410087334608/pan-de-leche-0-azucares-dulcesol
Original französisches steinofenbaguette,K Favourits,"Pflanzliche Lebensmittel und Getränke, Pflanzliche Lebensmittel, Getreide und Kartoffeln, Brote, Baguettes, Weißbrote, Weizenbrote",1043.0,0.3,2.6,1.3,7.9,2.1,0.0,4,C,82.0,A,https://world.openfoodfacts.org/product/4337185440229/original-franzosisches-steinofenbaguette-k-favourits
Piadina con farro,Esselunga,"Cibi e bevande a base vegetale, Cibi a base vegetale, Cereali e patate, Pani, Focacce, Pane bianco, Piadina, Pani di grano, Tortilla",1309.0,2.0,1.2,1.5,8.7,4.3,5.16666666666666,7,C,78.0,A,https://world.openfoodfacts.org/product/8002330133795/piadina-con-farro-esselunga
"Sendvič z pšeničného toustového chleba s tuňákem, vařeným vejcem, majonézou, ledovým salátem a jarní cibulkou",Tesco,"en:Sandwiches, en:French bread sandwiches, en:Sandwich with egg and vegetables and mayonnaise, en:Baguette sandwiches with egg and vegetables and mayonnaise",1041.0,1.3,1.7,1.08,9.9,1.7,2.0,4,C,63.0,B,https://world.openfoodfacts.org/product/5051007118781/sendvi%C4%8D-z-p%C5%A1eni%C4%8Dneho-toustoveho-chleba-s-tu%C5%88akem-va%C5%99enym-vejcem-majonezou-ledovym-salatem-a-jarni-cibulkou-tesco
Baguetterie,Edeka,"Plant-based foods and beverages, Plant-based foods, Cereals and potatoes, Breads, Baguettes",1081.0,0.7,1.9,1.3,8.4,4.1,0.0,3,C,77.0,A,https://world.openfoodfacts.org/product/4311501690321/baguetterie-edeka
BIO 100% Dinkel Toastbrot,Herzberger,"Pflanzliche Lebensmittel und Getränke, Pflanzliche Lebensmittel, Getreide und Kartoffeln, Brote, Toastbrote, en:Toast-bread",1157.0,0.5,5.4,1.55,8.6,4.9,0.775,7,C,72.0,B,https://world.openfoodfacts.org/product/4024884045601/bio-100-dinkel-toastbrot-herzberger
Pâine Toast Clasic,"Tastino, Lidl","Alimente și băuturi pe bază de plante, Alimente pe bază de plante, en:Cereals and potatoes, Pâini, en:Sliced breads, Pâini albe, Pâine cu făină de grâu",1029.0,0.2,0.5,1.0,7.0,1.0,0.0,4,C,80.0,A,https://world.openfoodfacts.org/product/4056489293491/paine-toast-clasic-tastino
Original Soft Tortilla,"Frankful, Orkla","Plant-based foods and beverages, Plant-based foods, Cereals and potatoes, Breads, Flatbreads, White breads, Wheat breads, Wheat flatbreads",1256.0,1.0,1.5,0.8,9.2,2.8,0.0,0,C,87.0,A,https://world.openfoodfacts.org/product/7310240214024/original-soft-tortilla-frankful
Panini Rustico - Walnuss,"Aldi, Gourmet Finest Cuisine, Panificio Italiano Veritas","Pflanzliche Lebensmittel und Getränke, Pflanzliche Lebensmittel, Getreide und Kartoffeln, Sandwiches, Brote, Spezielle Brote, Panini, en:Panini breads, Brote-zum-aufbacken, Brote-zum-fertigbacken, Weizenkleingebäck",1060.0,0.4,2.4,1.2,8.5,3.4,6.0,2,C,78.0,A,https://world.openfoodfacts.org/product/4061458139984/panini-rustico-walnuss-aldi
παξιμαδάκι τύπου Κυθήρων με λάδι ελιάς ζυμωμένο με κρητικό ελαιόλαδο,το Μάννα,"Plant-based foods and beverages, Plant-based foods, Cereals and potatoes, Breads, Toasts, Wheat rusk slices",1993.0,3.0,4.0,0.99,10.1,10.1,14.0,5,C,82.0,A,https://world.openfoodfacts.org/product/5201882006264/to-manna-%CF%84%CE%BF-%CE%BC%CE%AC%CE%BD%CE%BD%CE%B1
Biscottes 6 Céréales,Heudebert,"Plant-based foods and beverages,Plant-based foods,Cereals and potatoes,Breads,Rusks,Multigrain rusks",1698.0,2.4,3.4,1.6,13.0,5.0,0.0,10,D,77.0,A,https://world.openfoodfacts.org/product/3392460480827/biscottes-6-cereales-heudebert
Pain grillé au blé complet,LU Pelletier,"Plant-based foods and beverages,Plant-based foods,Cereals and potatoes,Cereals and their products,Breads,Rusks,Toasts",1636.0,2.1,2.6,1.8,12.0,5.1,0.0,10,D,70.0,B,https://world.openfoodfacts.org/product/3017760542890/pain-grille-de-campagne-a-la-farine-complete-de-ble-lu-pelletier
Classic Torinesi Breadsticks,Crosta & Mollica,"Plant-based foods and beverages, Plant-based foods, Cereals and potatoes, Breads, Breadsticks",1700.0,1.0,2.8,2.1,19.8,1.2,7.0,14,D,85.0,A,https://world.openfoodfacts.org/product/5060198640261/classic-torinesi-breadsticks-crosta-mollica
bread sticks,Tesco,"Plant-based foods and beverages, Plant-based foods, Cereals and potatoes, Breads, Breadsticks",1748.0,1.4,2.8,1.8,11.2,2.8,7.0,11,D,87.0,A,https://world.openfoodfacts.org/product/5018374285577/bread-sticks-tesco
La Biscotte 96% de céréales,Heudebert,"Plant-based foods and beverages,Plant-based foods,Cereals and potatoes,Breads,Rusks",1722.0,3.4,6.8,1.2,11.0,3.6,0.0,11,D,75.0,A,https://world.openfoodfacts.org/product/7622210416629/la-biscotte-96-de-cereales-heudebert
Original Breadsticks,Savour Bakes,"Plant-based foods and beverages, Plant-based foods, Cereals and potatoes, Breads, Breadsticks",1700.0,1.4,3.0,1.7,10.0,3.7,7.0,11,D,87.0,A,https://world.openfoodfacts.org/product/4088600305592/original-breadsticks-savour-bakes
Grissini Breadstick,Rivercote,"Plant-based foods and beverages, Plant-based foods, Cereals and potatoes, Breads, Breadsticks",1750.0,1.2,3.0,1.75,12.5,4.3,0.0,10,D,78.0,A,https://world.openfoodfacts.org/product/40897899/grissini-breadstick-rivercote
Baked Pretzels Original Sea Salted,Penn State,"plant-based-foods-and-beverages, plant-based-foods, snacks, cereals-and-potatoes, salty-snacks, appetizers, breads, da:crackers, special-breads, pretzel",1680.0,0.6,2.7,2.5,9.8,3.2,15.0,14,D,82.0,A,https://world.openfoodfacts.org/product/5032439100070/baked-pretzels-original-sea-salted-penn-state
PAIN AU LAIT BIO PASQUIER,Brioche Pasquier,"Snacks,Sweet snacks,Sweet pastries and pies,Viennoiseries,Milk bread rolls",1466.0,2.0,11.0,1.1,10.4,4.6,0.0,9,D,83.0,A,https://world.openfoodfacts.org/product/3256540002890/pain-au-lait-bio-pasquier-brioche-pasquier
Pan Goccioli,"Barilla, Mulino Bianco","Plant-based foods and beverages,Plant-based foods,Snacks,Cereals and potatoes,Sweet snacks,Sweet pastries and pies,Breads,Viennoiseries,Brioches,Brioche filled with chocolate drops",1400.0,3.5,16.0,0.85,8.3,4.8,0.0,11,D,54.0,C,https://world.openfoodfacts.org/product/8076809542753/pan-goccioli-barilla
Biscotte au froment,Maître Jean Pierre,"plant-based-foods-and-beverages, plant-based-foods, cereals-and-potatoes, breads, rusks, fr:biscottes-de-froment, en:common-wheat-rusks",1685.0,0.5,6.0,1.5,11.0,4.0,0.0,10,D,80.0,A,https://world.openfoodfacts.org/product/4056489371724/biscotte-au-froment-maitre-jean-pierre
bruschette chips,maretti,"plant-based-foods-and-beverages, plant-based-foods, snacks, cereals-and-potatoes, salty-snacks, appetizers, breads, da:crackers",1906.0,1.2,0.0,2.0,9.1,3.3,19.20109375,12,D,57.0,C,https://world.openfoodfacts.org/product/3800205875109/bruschette-chips-maretti
10 pains au lait,maitre jeanpierre,"Snacks,Sweet snacks,Sweet pastries and pies,Viennoiseries,Milk bread rolls",1479.0,2.0,15.0,0.88,8.5,1.8,7.5,11,D,58.0,C,https://world.openfoodfacts.org/product/4335619016514/10-pains-au-lait-maitre-jeanpierre
Plain Breadsticks,ASDA,"Plant-based foods and beverages, Plant-based foods, Cereals and potatoes, Breads, Breadsticks",1757.0,1.6,1.5,1.3,13.0,3.5,7.0,9,D,78.0,A,https://world.openfoodfacts.org/product/5057172503575/plain-breadsticks-asda
4 Burger buns,ST Pierre,"Breads,Special breads,Hamburger buns",1310.0,0.779,11.0,1.43,8.83,2.47,5.5,11,D,68.0,B,https://world.openfoodfacts.org/product/5027952015994/4-burger-buns-st-pierre
Brioche tressée pur beurre 800g,La boulangère,"Snacks, Petit-déjeuners, Snacks sucrés, Viennoiseries, Brioches, Brioches tressées, Brioches pur beurre, Brioche tressée pur beurre, Aliments et boissons à base de végétaux, Aliments d'origine végétale, Céréales et pommes de terre, Pains, en:Packaged breads",1401.0,7.8,12.0,0.95,8.5,3.8,0.0,15,D,58.0,C,https://world.openfoodfacts.org/product/3284230001991/brioche-tressee-pur-beurre-800g-la-boulangere
Focaccia panini,crosta & mollica,"Plant-based foods and beverages, Plant-based foods, Cereals and potatoes, Meals, Sandwiches, Breads, Focaccia, Paninis, White breads, Bread white from wheat flour of the highest grade GOST 26987-86, Focaccia-panini, en:special-breads",1164.0,0.9,1.7,1.8,9.1,1.2,13.85,10,D,46.0,C,https://world.openfoodfacts.org/product/5060198645167/focaccia-panini-crosta-mollica
Pain lait bio* nature x8 280g,Bien,"Snacks, Sweet snacks, Sweet pastries and pies, Viennoiseries, Milk bread rolls, en:breads",1453.0,1.2,8.7,0.9,9.4,2.4,0.0,9,D,83.0,A,https://world.openfoodfacts.org/product/3700679611114/pain-lait-bio-nature-x8-280g-bien
Picos,Hacendado,"Plant-based foods and beverages, Plant-based foods, Cereals and potatoes, Breads, Special breads, Breadsticks, es:Picos de pan",1758.0,0.7,2.6,2.0,11.2,2.2,9.0,12,D,74.0,B,https://world.openfoodfacts.org/product/8480000822796/picos-hacendado
Piadina Wheat Flatbreads,Crosta & Mollica,"Plant-based foods and beverages, Plant-based foods, Cereals and potatoes, Breads, Flatbreads, White breads, Wheat breads, Wheat flatbreads",1252.0,1.2,2.4,1.5,8.9,2.0,0.0,9,D,80.0,A,https://world.openfoodfacts.org/product/5060198642562/piadina-wheat-flatbreads-crosta-mollica
Muffin Pur Beurre,Regent's Park,"Plant-based foods and beverages, Plant-based foods, Cereals and potatoes, Breads, Special breads, English muffins, en:muffins, Pains à garnir",1254.0,3.1,8.4,0.9,12.0,2.2,0.0249999999999986,10,D,71.0,B,https://world.openfoodfacts.org/product/3513851559421/muffin-pur-beurre-regent-s-park
FLUTES SESAME 125G - KAMBLY - 125g,Kambly,"plant-based-foods-and-beverages, plant-based-foods, snacks, cereals-and-potatoes, salty-snacks, sweet-snacks, appetizers, biscuits-and-cakes, biscuits-and-crackers, breads, da:crackers, breadsticks, salty-sesame-snacks, fr:flûte-sésame, en:flaky-biscuits, en:Biscuits/Cookies (Shelf Stable)",2134.0,8.0,3.0,1.3,16.0,5.5,0.0,14,D,61.0,B,https://world.openfoodfacts.org/product/7610216184000/flutes-sesame-125g-kambly-125g
Large tortilla wraps,Essential Waitrose,"Plant-based foods and beverages,Plant-based foods,Cereals and potatoes,Breads,Flatbreads,White breads,Wheat breads,Wheat flatbreads",1240.0,2.62,2.3,1.44,7.21,3.11,0.0,9,D,63.0,B,https://world.openfoodfacts.org/product/5012121004497/large-tortilla-wraps-essential-waitrose
Croûtons à l’ail -25% de sel Tipiak,Tipiak,"Plant-based foods and beverages,Plant-based foods,Cereals and potatoes,Breads,Croutons,Croutons with garlic",1838.0,1.2,3.5,1.6,10.5,5.1,0.0,10,D,52.0,C,https://world.openfoodfacts.org/product/3185200001112/croutons-a-l-ail-25-de-sel-tipiak
classic grissini,Crosta & Mollica,"Plant-based foods and beverages, Plant-based foods, Cereals and potatoes, Breads, Breadsticks",1728.0,1.0,2.2,1.6,10.0,3.2,8.0,9,D,88.0,A,https://world.openfoodfacts.org/product/5060198640001/classic-grissini-crosta-mollica
Bt nature,Harrys,"brioche tranchée, Aliments et boissons à base de végétaux, Aliments d'origine végétale, Céréales et pommes de terre, Céréales et dérivés, Pains, en:Packaged breads",1450.0,4.3,15.0,1.1,8.0,5.0,0.76171875,13,D,59.0,C,https://world.openfoodfacts.org/product/3228857001972/bt-nature-harrys
Grissini Rosmarino - Breadsticks with Rosemary,Italiamo,"plant-based-foods-and-beverages, plant-based-foods, snacks, cereals-and-potatoes, salty-snacks, appetizers, breads, da:crackers, breadsticks",1780.0,4.5,1.4,1.75,11.5,3.6,2.6,14,D,77.0,A,https://world.openfoodfacts.org/product/20184728/grissini-rosmarino-breadsticks-with-rosemary-italiamo
Rolls fines chips de Pain 🍞🥖 grillé Goût Crème et Oignon 🧅,BELIN,"Plant-based foods and beverages, Plant-based foods, Snacks, Cereals and potatoes, Salty snacks, Breads, Croutons, en:appetizers",1851.0,1.8,4.5,1.5,12.0,2.8,0.0,11,D,43.0,D,https://world.openfoodfacts.org/product/5201360660902/rolls-fines-chips-de-pain-%F0%9F%8D%9E%F0%9F%A5%96-grille-gout-creme-et-oignon-%F0%9F%A7%85-belin
Pains au lait aux œufs frais,"Chabrior, Intermarché","Snacks, Sweet snacks, Sweet pastries and pies, Viennoiseries, Milk bread rolls, en:brioches",1433.0,2.6,11.0,1.0,9.0,2.1,4.11538461538462,11,D,70.0,B,https://world.openfoodfacts.org/product/3250390440338/pains-au-lait-aux-oeufs-frais-chabrior
Risosuriso leggeri e croccanti con riso soffiato italiano,Galbusera,"plant-based-foods-and-beverages, plant-based-foods, cereals-and-potatoes, breads, crispbreads, da:crackers",1823.0,1.1,2.0,1.5,10.3,3.0,0.0,10,D,79.0,A,https://world.openfoodfacts.org/product/8002190002644/risosuriso-leggeri-e-croccanti-con-riso-soffiato-italiano-galbusera
Italian Breadsticks,Coop,"Plant-based foods and beverages, Plant-based foods, Cereals and potatoes, Breads, Breadsticks",1790.0,1.8,4.2,1.2,0.6,3.4,7.0,9,D,78.0,A,https://world.openfoodfacts.org/product/5000128954105/italian-breadsticks-coop
Pain de mie complet,,"Aliments et boissons à base de végétaux, Aliments d'origine végétale, Céréales et pommes de terre, Pains, Pains de mie, Pains complets, Pains de mie complet",961.0,0.5,37.0,0.99,8.8,5.2,0.0,12,D,70.0,B,https://world.openfoodfacts.org/product/6111260961179/pain-de-mie-complet
Bread Sticks Mini,Tesco breadsticks,"Plant-based foods and beverages, Plant-based foods, Cereals and potatoes, Breads, Breadsticks",1741.0,1.4,2.9,1.8,11.1,2.9,7.0,11,D,79.0,A,https://world.openfoodfacts.org/product/5031021139801/bread-sticks-mini-tesco-breadsticks
Farmhouse Multiseed & Grain Bread,Joy,"Plant-based foods and beverages, Plant-based foods, Cereals and potatoes, Breads, en:sliced-breads",2710.0,1.0,3.25,2.0,9.0,4.25,0.9,13,D,70.0,B,https://world.openfoodfacts.org/product/5056142401781/farmhouse-multiseed-grain-bread-joy
Flatbreads Salt and Pepper,Jacob's,"plant-based-foods-and-beverages, plant-based-foods, cereals-and-potatoes, breads, flatbreads, da:crackers",1768.0,3.1,1.9,1.1,11.3,5.0,0.0,9,D,57.0,C,https://world.openfoodfacts.org/product/5000168158617/flatbreads-salt-and-pepper-jacob-s
Briochettes aux pépites de chocolat au lait x6 - 240g,Bien,"snacks, snacks-sucrés, en:sweet-pastries-and-pies, viennoiseries, brioches, brioches-au-chocolat, briochettes, fr:brioches-au-chocolat, fr:briochettes, en:snacks-sucrés, surgelés, Aliments et boissons à base de végétaux, Aliments d'origine végétale, Céréales et pommes de terre, Céréales et dérivés, Pains, en:Packaged breads",1523.0,3.8,12.0,0.9,8.5,3.1,0.0,11,D,74.0,B,https://world.openfoodfacts.org/product/3700679600347/briochettes-aux-pepites-de-chocolat-au-lait-x6-240g-bien
Gressins au sésame,Bouton d'or,"plant-based-foods-and-beverages, plant-based-foods, cereals-and-potatoes, breads, breadsticks, da:crackers, Céréales et dérivés",1938.0,3.2,2.7,1.5,14.0,4.9,8.0,11,D,81.0,A,https://world.openfoodfacts.org/product/3250390503170/gressins-au-sesame-bouton-d-or
SALZA STICKS GRISSINI CLASSIC,ЗИВ,"Plant-based foods and beverages, Plant-based foods, Cereals and potatoes, Breads, Breadsticks",1888.0,4.9,2.3,1.9,9.3,0.0,0.0,18,D,64.0,B,https://world.openfoodfacts.org/product/3800065723015/salza-sticks-grissini-classic-%D0%B7%D0%B8%D0%B2
Krisprolls wholegrain,,"Plant-based foods and beverages,Plant-based foods,Cereals and potatoes,Breads,Toasted bread rolls",1678.0,2.1,7.0,1.6,12.0,7.7,3.5,9,D,72.0,B,https://world.openfoodfacts.org/product/6318071330815/krisprolls-wholegrain
Biscottes au froment,Auchan,"Aliments et boissons à base de végétaux, Aliments d'origine végétale, Céréales et pommes de terre, Surgelés, Pains, Biscottes, Biscottes de froment, Biscottes-de-froment, en:Dried breads",1647.0,0.4,8.1,1.5,11.0,4.5,3.90000000000001,9,D,84.0,A,https://world.openfoodfacts.org/product/3596710526901/biscottes-au-froment-auchan
Brioche tranchee bio* nature 400g,Bien,"Snacks, Snacks sucrés, en:Sweet pastries and pies, Viennoiseries, Brioches, Brioches tranchées, Aliments et boissons à base de végétaux, Aliments d'origine végétale, Céréales et pommes de terre, Céréales et dérivés, Pains, en:Packaged breads",1471.0,1.0,13.0,0.9,8.7,2.2,0.0,9,D,69.0,B,https://world.openfoodfacts.org/product/3700679606035/brioche-tranchee-bio-nature-400g-bien
New cracker pomodoro gp 280g,Pavesi,"Snacks, Salty snacks, Appetizers, Biscuits and crackers, Chips and fries, Crisps, Crackers(Appetizers), Crackers(Breakfast), Salty snacks with reduced fat, Wheat crackers, fr:antipasti, fr:snacks-salati, en:breads",1669.0,1.5,3.2,2.6,12.0,5.6,3.7,12,D,72.0,B,https://world.openfoodfacts.org/product/8013355500691/new-cracker-pomodoro-gp-280g-pavesi
Biscottes froment antichoc x108 - 900g,U,"Plant-based foods and beverages, Plant-based foods, Cereals and potatoes, Breads, Rusks, fr:biscottes-de-froment, en:common-wheat-rusks",1681.0,0.6,7.1,1.5,11.0,4.7,0.0,10,D,89.0,A,https://world.openfoodfacts.org/product/3256228415240/biscottes-froment-antichoc-x108-900g-u
Pasquier 8x Brioche Rolls,"Brioche Pasquier, Coca Cola, Kleenex","Snacks, Sweet snacks, Viennoiseries, Brioches, Milk bread rolls, Small brioches",1479.0,4.0,11.0,1.1,9.5,1.9,3.58458533653846,13,D,65.0,B,https://world.openfoodfacts.org/product/3256540031029/pasquier-8x-brioche-rolls-brioche-pasquier
Gressins sésame,Auchan,"Plant-based foods and beverages, Plant-based foods, Snacks, Cereals and potatoes, Salty snacks, Breads, Breadsticks, fr:Gressins au sésame, en:appetizers, Biscuits sucrés & biscuits apéritifs, Biscuits apéritifs, Bretzels",2022.0,3.5,3.0,1.4,15.0,4.7,8.0,11,D,71.0,B,https://world.openfoodfacts.org/product/3596710327393/gressins-sesame-auchan
Grissini,Schär,"Plant-based foods and beverages,Plant-based foods,Cereals and potatoes,Breads,Breadsticks",1728.0,2.3,1.5,2.1,3.8,1.2,0.089518229166667,16,D,78.0,A,https://world.openfoodfacts.org/product/8008698002100/gluten-free-grissini-3-x-150g-20days-schar
Weikis Chocolate con Leche,"La Bella Easo,Weikis","Snacks, Sweet snacks, Biscuits and cakes, Sweet pastries and pies, Cakes, Pastries, Viennoiseries, Milk bread rolls, Milk bread rolls with chocolate, en:brioche-filled-with-chocolate-drops",1523.0,3.6,17.0,0.44,8.2,3.4,0.0,10,D,66.0,B,https://world.openfoodfacts.org/product/8410099571794/bolleria-con-pepitas-de-chocolate-con-leche-la-bella-easo
Garlic baguettes,By Sainsbury's,"Plant-based foods and beverages, Plant-based foods, Cereals and potatoes, Breads, Baguettes, en:garlic-baguettes",1336.0,4.7,2.9,0.93,7.7,1.8,0.0773554262907581,9,D,72.0,B,https://world.openfoodfacts.org/product/00678902/garlic-baguettes-by-sainsbury-s
Barritas de pan crujientes con semillas de girasol,Velarte,"Plant-based foods and beverages, Plant-based foods, Cereals and potatoes, Breads, Artisan products, Breadsticks, Handmade breadsticks, en:special-breads",2169.0,2.78,2.78,1.9,11.0,4.0,0.0,14,D,82.0,A,https://world.openfoodfacts.org/product/8410998000548/barritas-de-pan-crujientes-con-semillas-de-girasol-velarte
Briochette bio* nature x8 280g blg,LA BOULANGÈRE,"en:small-brioches, Aliments et boissons à base de végétaux, Aliments d'origine végétale, Céréales et pommes de terre, Pains, en:Packaged breads",1455.0,2.7,11.0,0.92,8.7,3.8,0.0,10,D,70.0,B,https://world.openfoodfacts.org/product/3760049799279/briochette-bio-nature-x8-280g-blg-la-boulangere
Super Muesli (Labika) Bio,Labika,"Plant-based foods and beverages, Plant-based foods, Breakfasts, Cereals and potatoes, Seeds, Cereals and their products, Breakfast cereals, Cereal grains, Breads, Mueslis, Oat, en:cereals-with-fruits",1829.0,5.0,33.3,0.0,6.66,6.66,1.33928571428572,12,D,66.0,B,https://world.openfoodfacts.org/product/6111245590752/super-muesli-labika-bio
Wraps,Dulcesol,"Plant-based foods and beverages, Plant-based foods, Cereals and potatoes, Breads, Flatbreads, en:wheat-flatbreads",1351.0,1.2,7.5,1.2,8.0,2.3,0.0,10,D,73.0,B,https://world.openfoodfacts.org/product/8410087830070/wraps-dulcesol
"Baguettes viennoises x4, 340g",U,"Plant-based foods and beverages, Plant-based foods, Snacks, Cereals and potatoes, Sweet snacks, Sweet pastries and pies, Breads, Viennoiseries, en:vienna-bread",1301.0,1.1,11.0,1.3,9.4,2.1,2.4,11,D,79.0,A,https://world.openfoodfacts.org/product/3256224749608/baguettes-viennoises-x4-340g-u
Amore di Pane Classico,Hosta,"Snacks, Salty snacks, Appetizers, Biscuits and crackers, Crackers(Appetizers), fr:aperitivos, fr:botanas, fr:comidas-preparadas, fr:snacks-salados, en:breads",1784.0,1.7,3.4,2.35,11.3,5.0,5.0,13,D,72.0,B,https://world.openfoodfacts.org/product/8005803010357/amore-di-pane-classico-hosta
Pangri mulino bianco,"Barilla, Mulino Bianco","Plant-based foods and beverages,Plant-based foods,Cereals and potatoes,Breads,Breadsticks,Bread sticks,Grissini",1825.0,1.2,2.0,1.875,12.0,4.5,0.0,11,D,74.0,B,https://world.openfoodfacts.org/product/8076809502443/pangri-mulino-bianco-barilla
Biscottes au froment,Prix Mini,"Plant-based foods and beverages, Plant-based foods, Cereals and potatoes, Frozen foods, Breads, Rusks, fr:biscottes-de-froment, en:common-wheat-rusks",1685.0,0.6,6.8,1.5,11.0,4.3,0.0,9,D,76.0,A,https://world.openfoodfacts.org/product/3660992011070/biscottes-au-froment-prix-mini
Crissini tradizionali,Granforno,"Plant-based foods and beverages, Plant-based foods, Snacks, Cereals and potatoes, Salty snacks, Appetizers, Cereals and their products, Breads, Breadsticks, en:handmade-breadsticks",1798.0,1.0,1.5,2.3,12.0,2.5,6.5,14,D,74.0,B,https://world.openfoodfacts.org/product/8003899182002/crissini-tradizionali-granforno
Pinsa,"Barilla, Mulino Bianco","Plant-based foods and beverages, Plant-based foods, Cereals and potatoes, Bakery products, Pizza dough, Cooked pizza base, en:breads",1143.0,0.8,3.5,1.8,9.0,3.1,3.5,9,D,77.0,A,https://world.openfoodfacts.org/product/8076809583046/pinsa-barilla
10 pains au lait aux pépites de chocolat,Carrefour,"Snacks, Sweet snacks, Sweet pastries and pies, Viennoiseries, Brioches, Milk bread rolls, Milk bread rolls with chocolate, en:brioche-filled-with-chocolate-drops",1533.0,3.1,17.0,0.98,8.5,2.9,7.2,12,D,67.0,B,https://world.openfoodfacts.org/product/3245412051661/10-pains-au-lait-aux-pepites-de-chocolat-carrefour
Raisin,Sun-Maid,"Plant-based foods and beverages, Plant-based foods, Cereals and potatoes, Breads, Special breads, en:breads-with-raisins",1180.0,0.781,23.4,0.859,7.81,3.12,16.2828947368421,10,D,63.0,B,https://world.openfoodfacts.org/product/0068721004004/raisin-cinnamon-swirl-sun-maid
Beschuit Naturel,"Rivercote, Tastino","Plant-based foods and beverages, Plant-based foods, Cereals and potatoes, Breads, Rusks, fr:Biscotte-naturel",1675.0,2.5,8.8,0.71,13.7,2.1,0.0,9,D,70.0,B,https://world.openfoodfacts.org/product/4056489031758/beschuit-naturel-rivercote
Mini Breadsticks,Sainsbury's,"Plant-based foods and beverages, Plant-based foods, Cereals and potatoes, Breads, Breadsticks",1737.0,1.1,3.7,1.26,11.4,3.5,7.0,10,D,79.0,A,https://world.openfoodfacts.org/product/01774047/mini-breadsticks-sainsbury-s
Burger Brioche,Hacendado,"Aliments et boissons à base de végétaux, Aliments d'origine végétale, Snacks, Céréales et pommes de terre, Snacks sucrés, Pains, Viennoiseries, Pains briochés",1378.0,4.4,11.0,0.75,10.0,2.3,0.00929019325658231,12,D,68.0,B,https://world.openfoodfacts.org/product/8480000018113/burger-brioche-hacendado
Croûtons nature spécial potage,Auchan,"Aliments et boissons à base de végétaux, Aliments d'origine végétale, Céréales et pommes de terre, Pains, Croûtons, Croûtons nature, Céréales et dérivés, en:Dried breads",2124.0,2.6,4.3,0.94,7.8,3.1,0.0,10,D,39.0,D,https://world.openfoodfacts.org/product/3596710511167/croutons-nature-special-potage-auchan
Briochette bio* nature x8 280g,Bien,"en:small-brioches, Aliments et boissons à base de végétaux, Aliments d'origine végétale, Céréales et pommes de terre, Céréales et dérivés, Pains, en:Packaged breads",1455.0,2.7,11.0,0.92,8.7,3.8,0.0,10,D,69.0,B,https://world.openfoodfacts.org/product/3700679602211/briochette-bio-nature-x8-280g-bien
Melk broodjes - Pains au lait,"Carrefour, Simpl","Snacks,Sweet snacks,Biscuits and cakes,Sweet pastries and pies,Cakes,Viennoiseries,Milk bread rolls",1452.0,1.1,14.0,0.82,8.3,2.0,4.55,10,D,68.0,B,https://world.openfoodfacts.org/product/3560070348596/melk-broodjes-pains-au-lait-carrefour
Toasts brioche raisin 150g,"Marque Repère, Epi d'Or","Aliments et boissons à base de végétaux, Aliments d'origine végétale, Snacks, Céréales et pommes de terre, Snacks sucrés, Pains, Viennoiseries, Pains grillés, Toasts-brioches, Toasts-brioches-aux-raisins",1702.0,2.2,19.1,0.6,11.0,4.8,19.0,10,D,67.0,B,https://world.openfoodfacts.org/product/3564700463123/toasts-brioche-raisin-150g-marque-repere
4 Viennois,La Fournée Dorée,"Snacks, Sweet snacks, Sweet pastries and pies, Viennoiseries, Vienna bread, en:brioches",1332.0,1.9,9.6,1.48,9.0,0.0,4.5,13,D,88.0,A,https://world.openfoodfacts.org/product/3587220001392/4-viennois-la-fournee-doree
Petits pains grillés au froment,Tous les jours,"Plant-based foods and beverages, Plant-based foods, Cereals and potatoes, Breads, Toasts, Wheat rusk slices, en:toasted-bread-rolls",1724.0,3.2,7.8,1.1,9.9,3.3,0.9375,12,D,70.0,B,https://world.openfoodfacts.org/product/3700311810189/petits-pains-grilles-au-froment-tous-les-jours
Fette biscottate,MD,"Plant-based foods and beverages, Plant-based foods, Cereals and potatoes, Breads, en:rusks",1691.0,0.8,8.0,1.1,11.0,3.9,0.0,9,D,76.0,A,https://world.openfoodfacts.org/product/8019730040202/fette-biscottate-md
"ginger bread, milk chocolate","Lidl, Trium",sweets,1606.0,3.8,33.0,0.38,7.6,3.0,0.0,14,D,42.0,D,https://world.openfoodfacts.org/product/20537708/ginger-bread-milk-chocolate-lidl
Biscottes au froment 36 Tranches,Casino,"Plant-based foods and beverages, Plant-based foods, Cereals and potatoes, Breads, Rusks, fr:biscottes-de-froment, en:common-wheat-rusks",1681.0,0.7,6.9,1.4,11.0,4.4,0.0,9,D,87.0,A,https://world.openfoodfacts.org/product/3222471167205/biscottes-au-froment-36-tranches-casino
Zwieback Urdinkel,"Migros,Midor","Plant-based foods and beverages, Plant-based foods, Cereals and potatoes, Breads, Rusks",1767.0,0.8,9.0,0.93,14.0,0.6,0.0,11,D,81.0,A,https://world.openfoodfacts.org/product/7617400037333/zwieback-urdinkel-migros
Wasa delicate crackers paprika 150g,Wasa,"snacks, salty-snacks, appetizers, da:crackers, en:breads, Chips et frites, Chips",1841.0,1.2,9.5,2.0,7.2,6.0,0.0,12,D,67.0,B,https://world.openfoodfacts.org/product/7300400483049/wasa-delicate-crackers-paprika-150g
Mini Toasts Apéritif,Picard,"Plant-based foods and beverages, Plant-based foods, Cereals and potatoes, Breads, Toasts, en:appetizers",1639.0,1.8,3.1,1.7,11.0,3.5,0.85,10,D,76.0,A,https://world.openfoodfacts.org/product/3270160851041/mini-toasts-aperitif-picard
"Clement: biscottes, with wheat",Clément,"Plant-based foods and beverages, Plant-based foods, Cereals and potatoes, Breads, Rusks, en:toasts",1641.0,0.3,7.2,1.52,10.7,3.9,2.29166666666666,10,D,76.0,A,https://world.openfoodfacts.org/product/3273670002026/clement-biscottes-with-wheat
Petits pains croustillants,M Classic,"Plant-based foods and beverages, Plant-based foods, Cereals and potatoes, Breads, en:toasted-bread-rolls",1656.0,2.5,8.0,1.7,12.0,5.0,1.0,12,D,62.0,B,https://world.openfoodfacts.org/product/7613269370314/croissant-panini-m-classic
Croutons Ail et Fromage,Fresh Gourmet,"Aliments et boissons à base de végétaux, Aliments d'origine végétale, Céréales et pommes de terre, Pains, Croûtons, en:Groceries",1675.0,1.7,4.0,2.6,13.0,3.0,0.0,15,D,43.0,D,https://world.openfoodfacts.org/product/8410131031552/croutons-ail-et-fromage-fresh-gourmet
Flûtes sésame,Casino,"snacks, salty-snacks, appetizers, frozen-foods, da:crackers, en:breads",2058.0,3.8,3.2,1.3,16.0,4.6,2.91666666666667,11,D,67.0,B,https://world.openfoodfacts.org/product/3222477003385/flutes-sesame-casino
Piquitos,Piquitos San Roque,"Plant-based foods and beverages, Plant-based foods, Cereals and potatoes, Breads, Breadsticks, es:Picos de pan, en:special-breads",1604.0,1.1,3.4,2.39,11.2,5.5,0.0,11,D,64.0,B,https://world.openfoodfacts.org/product/8437006994019/piquitos-piquitos-san-roque
Toasts briochés raisins,U,"Plant-based foods and beverages, Plant-based foods, Cereals and potatoes, Breads, en:toasts",1633.0,1.0,26.0,0.9,12.0,3.9,21.05,12,D,72.0,B,https://world.openfoodfacts.org/product/3256228409690/toasts-brioches-raisins-u
Pane soffice di grano tenero,Conad,"Plant-based foods and beverages, Plant-based foods, Cereals and potatoes, Breads, Sliced breads",1035.0,0.4,11.0,1.3,7.4,3.5,0.0,9,D,72.0,B,https://world.openfoodfacts.org/product/8003170047716/pane-soffice-di-grano-tenero-conad
"Siemennäkkileipä, Kaura&Chia",Rosten,"Plant-based foods and beverages, Plant-based foods, Cereals and potatoes, Breads, Sliced breads, Multigrain sliced breads, en:multigrain-rusks",2469.0,5.0,4.3,1.3,18.0,12.0,0.0,11,D,77.0,A,https://world.openfoodfacts.org/product/6409770080108/siemennakkileipa-kaura-chia-rosten
Sourdough pizza base,Jus-Rol,"Plant-based foods and beverages, Plant-based foods, Cereals and potatoes, Bakery products, Pizza dough, en:breads",1065.0,0.5,1.0,1.7,7.0,1.2,3.0,10,D,71.0,B,https://world.openfoodfacts.org/product/5010084702955/sourdough-pizza-base-jus-rol
White Bread,Симид,"Растителни храни и напитки, Растителни храни, en:Cereals and potatoes, Хляб, Нарязан хляб, Бял хляб",1117.55,1.0,35.4,1.15,7.2,2.0,0.0,16,D,70.0,B,https://world.openfoodfacts.org/product/3800203680132/white-bread-%D1%81%D0%B8%D0%BC%D0%B8%D0%B4
Breadsticks with cheese,Biržų duona,"plant-based-foods-and-beverages, plant-based-foods, cereals-and-potatoes, breads, breadsticks, da:crackers",2049.0,3.6,0.5,2.2,15.0,3.4,20.0,16,D,74.0,B,https://world.openfoodfacts.org/product/4770078193596/breadsticks-with-cheese-bir%C5%BE%C5%B3-duona
Mini viennois jambon emmental,Bistro Vite,"Sandwiches, French bread sandwiches, Sandwiches with ham and emmental cheese, Baguette sandwiches with ham and emmental cheese, en:ham-sandwiches",1047.0,2.6,4.8,1.7,11.0,1.1,7.2923828125,13,D,28.0,E,https://world.openfoodfacts.org/product/26022123/mini-viennois-jambon-emmental-bistro-vite
Palitos de cereales con olivas y sésamo,Grefusa,"snacks, salty-snacks, appetizers, da:crackers, en:breads",2051.0,2.9,1.0,2.3,9.7,6.7,7.0,13,D,79.0,A,https://world.openfoodfacts.org/product/8413164009888/palitos-de-cereales-con-olivas-y-sesamo-grefusa
Crostini,Florelli,"Plant-based foods and beverages,Plant-based foods,Cereals and potatoes,Breads,Toasts,Toasted bread rolls",1894.0,2.5,3.5,2.2,11.0,3.5,14.4,15,D,77.0,A,https://world.openfoodfacts.org/product/3760077537362/crostini-florelli
Milchbrötchen,Migros,"Snacks, Snacks sucrés, en:Sweet pastries and pies, Viennoiseries, Pains au lait, Pains briochés",1523.0,3.5,11.0,1.1,8.4,1.9,6.0,13,D,73.0,B,https://world.openfoodfacts.org/product/7613404142257/milchbrotchen-migros
Tostaditas de arroz,crackines,"Plant-based foods and beverages, Plant-based foods, Cereals and potatoes, Cereals and their products, Puffed cereal cakes, en:breads",1590.0,0.667,0.0,1.69,7.67,0.0,0.0,12,D,70.0,B,https://world.openfoodfacts.org/product/7798200050019/tostaditas-de-arroz-crackines
Honey Mustard Sauce HuligaN Pretzel CRUSH,THE BAKERS,"plant-based-foods-and-beverages, plant-based-foods, snacks, cereals-and-potatoes, salty-snacks, appetizers, breads, da:crackers, special-breads, pretzel",2059.2,0.3,7.2,1.9,7.4,3.0,0.1875,14,D,72.0,B,https://world.openfoodfacts.org/product/3800200451773/honey-mustard-sauce-huligan-pretzel-crush-the-bakers
Gut lovin’ Greatness,Genius,"Plant-based foods and beverages, Plant-based foods, Cereals and potatoes, Specific products, Products for specific diets, Breads, Products without gluten, Gluten-free breads",1270.0,0.7,3.6,2.5,2.5,6.5,11.7647058823529,10,D,73.0,B,https://world.openfoodfacts.org/product/5060746960193/gut-lovin-greatness-genius
Clip Sesame-Sticks,ULKER,"Plant-based foods and beverages, Plant-based foods, Cereals and potatoes, Breads, Breadsticks",1910.0,5.0,2.1,2.4,13.0,5.2,0.0,16,D,74.0,B,https://world.openfoodfacts.org/product/8690504185239/clip-sesame-sticks-ulker
Rosemary & Salt Focaccia,Village Bakery,"Plant-based foods and beverages,Plant-based foods,Cereals and potatoes,Breads,Focaccia",1263.0,1.0,4.3,1.73,10.9,3.0,4.5,9,D,39.0,D,https://world.openfoodfacts.org/product/4061462288685/rosemary-salt-focaccia-village-bakery
Gressins sésame pavot,Auchan,"plant-based-foods-and-beverages, plant-based-foods, cereals-and-potatoes, breads, breadsticks, da:crackers, Bretzels",2001.0,3.7,2.8,1.4,15.0,6.0,7.0,9,D,67.0,B,https://world.openfoodfacts.org/product/3596710407934/gressins-sesame-pavot-auchan
Croûtons saveur ail,Auchan,"Aliments et boissons à base de végétaux, Aliments d'origine végétale, Céréales et pommes de terre, Pains, Croûtons, en:Dried breads",2204.0,2.6,3.8,2.1,7.8,3.3,0.0,16,D,43.0,D,https://world.openfoodfacts.org/product/3596710450053/croutons-saveur-ail-auchan
Rosinenstuten,Harry,"Pflanzliche Lebensmittel und Getränke, Pflanzliche Lebensmittel, Imbiss, Getreide und Kartoffeln, Süßer Snack, Kekse und Kuchen, en:Sweet pastries and pies, Brote, Viennoiseries, Gebäck, Rosinenbrote, Hefegebäck",1219.0,2.0,21.0,0.8,5.9,3.4,24.5953125,10,D,56.0,C,https://world.openfoodfacts.org/product/4071800001333/rosinenstuten-harry
Pan de leche,Pasquier,Milk bread rolls,1412.0,2.0,12.0,1.2,9.4,1.9,0.5,11,D,58.0,C,https://world.openfoodfacts.org/product/8410706010388/pan-de-leche-pasquier
Wraps Wholegrain,Mission,"Plant-based foods and beverages, Plant-based foods, Cereals and potatoes, Breads, Flatbreads, White breads, Wheat breads, Wheat flatbreads",1180.0,2.89,3.78,2.06,8.0,4.0,0.0,13,D,73.0,B,https://world.openfoodfacts.org/product/9555615900012/wraps-wholegrain-mission
Fette biscottate dorate,Coop,"Plant-based foods and beverages, Plant-based foods, Cereals and potatoes, Breads, Rusks, cereals and their products",1679.0,1.0,8.0,1.4,11.0,4.0,0.0,10,D,76.0,A,https://world.openfoodfacts.org/product/8001120925787/fette-biscottate-dorate-coop
Grissini Torinesi,Delhaize,"Aliments et boissons à base de végétaux, Aliments d'origine végétale, Céréales et pommes de terre, Pains, Gressins",1673.0,2.0,4.0,2.2,11.0,3.5,11.0,13,D,87.0,A,https://world.openfoodfacts.org/product/5400113643098/grissini-torinesi-delhaize
Grissini artigianali,"Florelli, Ital Passion","Aliments et boissons à base de végétaux, Aliments d'origine végétale, Céréales et pommes de terre, Pains, Gressins",2042.0,2.4,1.9,1.6,13.0,5.5,0.0,10,D,79.0,A,https://world.openfoodfacts.org/product/3760077537652/grissini-artigianali-florelli
GARLIC & HERB CROUTONS,TESCO,"Plant-based foods and beverages, Plant-based foods, Cereals and potatoes, Breads, Croutons, Croutons with garlic, Croutons with herbs",1846.0,4.4,20.4,0.0,50.8,5.2,37.5,11,D,53.0,C,https://world.openfoodfacts.org/product/5051898983109/garlic-herb-croutons-tesco
Milchbrötchen,K-Classic,"Imbiss, Süßer Snack, en:Sweet pastries and pies, Viennoiseries, Milchbrötchen",1476.0,1.5,14.0,1.0,9.5,1.6,5.85,11,D,63.0,B,https://world.openfoodfacts.org/product/4337185590146/milchbrotchen-k-classic
Baker Street 4 hot dog rolls imp,Baker Street,"Plant-based foods and beverages, Plant-based foods, Cereals and potatoes, Breads, Special breads, Hot dog buns",1191.0,0.4,10.8,1.1,6.9,1.4,0.0,10,D,68.0,B,https://world.openfoodfacts.org/product/5027952005926/baker-street-4-hot-dog-rolls-imp
Banana bread,"Monoprix, Monoprix Gourmet","Snacks,Snacks sucrés,Biscuits et gâteaux,Gâteaux,Gâteaux aux bananes,Cakes aux fruits",1600.0,2.1,31.0,0.92,5.2,1.4,14.0,17,D,66.0,B,https://world.openfoodfacts.org/product/3350033850163/banana-bread-monoprix
Mini crackers olijfolie & oregano,Albert Heijn,"plant-based-foods-and-beverages, plant-based-foods, snacks, cereals-and-potatoes, salty-snacks, appetizers, breads, da:crackers",1854.0,2.0,2.4,2.0,10.0,2.0,17.5,13,D,69.0,B,https://world.openfoodfacts.org/product/8718907472654/crackers-albert-heijn
Baguette mit Kräuterbutter-Zubereitung,Spar,"Pflanzliche Lebensmittel und Getränke, Pflanzliche Lebensmittel, Getreide und Kartoffeln, Brote, Baguettes, Vorgebackene Brote",1331.0,9.1,2.2,1.0,7.1,4.0,0.621448863636363,13,D,82.0,A,https://world.openfoodfacts.org/product/9100000007847/krauter-baguette-spar
Picos sin gluten,La Cestera,Gluten free bread,1727.0,0.7,1.1,2.22,3.1,4.0,0.0,13,D,76.0,A,https://world.openfoodfacts.org/product/4056489800798/palitos-sin-gluten-lidl-la-cestera
Scottish Smoked Salmon & Lemon Cream Cheese Bagel,Sainsbury's,Bagel breads,1322.0,1.3,5.1,1.8675,17.8,1.6,0.0,13,D,75.0,A,https://world.openfoodfacts.org/product/00526098/scottish-smoked-salmon-lemon-cream-cheese-bagel-sainsbury-s
Nocciolata,Rigoni di Asiago,"Plant-based foods and beverages, Plant-based foods, Spreads, Nuts and their products, Plant-based spreads, Bread coverings, Oilseed purees, Nut butters, Hazelnut butters, en:cocoa-and-hazelnuts-spreads",2266.0,5.8,48.0,0.12,8.7,4.2,22.0,20,D,51.0,C,https://world.openfoodfacts.org/product/8052575091794/nocciolata-rigoni-di-asiago
Les Grillettines (Blé Complet),"Brioche Pasquier, Pasquier","Aliments et boissons à base de végétaux, Aliments d'origine végétale, Céréales et pommes de terre, Pains, Pains grillés, Tartines",1748.0,6.5,8.0,0.89,12.5,7.0,0.0,11,D,76.0,A,https://world.openfoodfacts.org/product/3182180033270/les-grillettines-ble-complet-brioche-pasquier
Crackers Huile d'Olive & Romarin,Casino,"plant-based-foods-and-beverages, plant-based-foods, snacks, cereals-and-potatoes, salty-snacks, appetizers, breads, da:crackers",1877.0,2.2,1.9,1.4,11.0,2.7,11.0,10,D,71.0,B,https://world.openfoodfacts.org/product/3222475070402/crackers-huile-d-olive-romarin-casino
Pains au lait au levain,"Brioche Pasquier, Pasquier","Aliments et boissons à base de végétaux, Aliments d'origine végétale, Snacks, Petit-déjeuners, Céréales et pommes de terre, Snacks sucrés, Pains, Viennoiseries, Pains au lait, Pains-au-lait-au-levain, Pains-au-lait-aux-oeufs-frais",1520.0,6.9,10.9,0.98,9.1,2.0,0.0,15,D,63.0,B,https://world.openfoodfacts.org/product/3256540035447/pains-au-lait-au-levain-brioche-pasquier
Flûtes au sésame,Belle France,"Plant-based foods and beverages, Plant-based foods, Cereals and potatoes, Breads, Breadsticks, en:appetizers",2130.0,8.0,3.0,1.3,16.0,5.0,0.0,15,D,68.0,B,https://world.openfoodfacts.org/product/3258561011103/flutes-au-sesame-belle-france
Toasts briochés,Auchan,"Snacks, Sweet snacks, Sweet pastries and pies, Viennoiseries, Brioches, en:toasts, en:Dried breads",1675.0,2.5,8.8,0.71,14.0,2.1,0.0,9,D,39.0,D,https://world.openfoodfacts.org/product/3596710348442/toasts-brioches-auchan
Rosinenbrötchen,Krakend Vers B.V.,"Pflanzliche Lebensmittel und Getränke, Pflanzliche Lebensmittel, Imbiss, Getreide und Kartoffeln, Süßer Snack, en:Sweet pastries and pies, Brote, Viennoiseries, Brötchen, Rosinenbrote",1002.0,0.7,24.4,0.77,6.7,3.6,31.2673799818841,9,D,64.0,B,https://world.openfoodfacts.org/product/4000242094108/rosinenbrotchen-krakend-vers-b-v
Dürüm - Poco Loco,Poco Loco,"Plant-based foods and beverages, Plant-based foods, Cereals and potatoes, Breads, Flatbreads, White breads, Wheat breads, Wheat flatbreads",1329.0,2.9,3.3,1.9,8.8,3.2,0.0,11,D,63.0,B,https://world.openfoodfacts.org/product/5412514935276/durum-poco-loco
Pan pita Taquero,libanius,"Plant-based foods and beverages, Plant-based foods, Cereals and potatoes, Breads, Wholemeal breads, Groceries, en:pitas",1190.0,0.0,16.2,2.06,22.5,0.0,0.0,17,D,82.0,A,https://world.openfoodfacts.org/product/7502209115194/pan-pita-taquero-libanius
Grissini con semi di sesamo,"Lema, Orazio il Grissinaio","Aliments et boissons à base de végétaux, Aliments d'origine végétale, Snacks, Céréales et pommes de terre, Céréales et dérivés, Pains, Gressins",1879.0,2.5,5.0,2.3,11.0,4.0,0.0,16,D,79.0,A,https://world.openfoodfacts.org/product/8004583521053/grissini-con-semi-di-sesamo-lema
Crustini classici,Oluf lorentzen as,"Plant-based foods and beverages,Plant-based foods,Cereals and potatoes,Breads,Croutons",1894.0,2.5,3.5,2.2,11.0,3.5,13.2,15,D,43.0,D,https://world.openfoodfacts.org/product/8007770320156/crustini-sj%C3%B8salt-olje-120g-panmonviso-oluf-lorentzen-as
Pan de leche,Consum,Milk bread rolls,1458.0,1.9,11.0,0.8,9.7,2.0,0.0,9,D,58.0,C,https://world.openfoodfacts.org/product/8414807513113/pan-de-leche-consum
Snack Méditerranéen - Pain Grillé à l'Ail et au Persil,Rosquisol,"plant-based-foods-and-beverages, plant-based-foods, snacks, cereals-and-potatoes, salty-snacks, breads, toasts, da:crackers",2209.0,2.5,1.8,1.77,8.9,3.4,0.5,13,D,72.0,B,https://world.openfoodfacts.org/product/8436551190129/rosquisol-mediterranean-snack
Melkbroodjes,Albert Heijn,"Snacks,Sweet snacks,Sweet pastries and pies,Viennoiseries,Milk bread rolls",1525.0,3.5,11.0,1.1,8.0,1.5,5.5,14,D,62.0,B,https://world.openfoodfacts.org/product/8710400631491/melkbroodjes-albert-heijn
Toast crustelss,Migros,"Aliments et boissons à base de végétaux, Aliments d'origine végétale, Céréales et pommes de terre, Pains, Pains grillés",1068.0,0.4,4.98,1.5,8.4,2.3,0.0,9,D,72.0,B,https://world.openfoodfacts.org/product/7616700243192/crustless-toast-migros
Pan de molde con arroz,Carrefour,"Alimentos y bebidas de origen vegetal, Alimentos de origen vegetal, Cereales y patatas, en:Specific products, en:Products for specific diets, Panes, Productos sin gluten, Panes especiales, Panes sin gluten, Panes de molde",1237.0,4.9,6.5,1.5,1.6,5.5,0.0,10,D,60.0,B,https://world.openfoodfacts.org/product/8431876247497/pan-de-molde-con-arroz-carrefour
"Mini crackers sésame, quinoa et lin bio",Casino Bio,"plant-based-foods-and-beverages, plant-based-foods, snacks, cereals-and-potatoes, salty-snacks, appetizers, breads, da:crackers",1827.0,2.4,1.5,2.0,16.0,12.0,0.0,9,D,87.0,A,https://world.openfoodfacts.org/product/3222477335707/mini-crackers-sesame-quinoa-et-lin-bio-casino-bio
Mini Chinois,K ClassicKaufland,"Plant-based foods and beverages, Plant-based foods, Cereals and potatoes, Breads, fr:Pains de tradition française, French bread ball with yeast, Pains de tradition française",1170.0,1.8,15.0,0.68,6.8,0.8,0.0,11,D,77.0,A,https://world.openfoodfacts.org/product/4337185507489/mini-chinois-k-classickaufland
Pain au raisin,U,"Snacks, Sweet snacks, Viennoiseries, Breads with raisins",1221.0,7.9,16.0,0.57,5.9,2.2,0.0,14,D,59.0,C,https://world.openfoodfacts.org/product/2000000289991/pain-au-raisin-u
Brioche burger buns,Dunnes Stores,"Plant-based foods and beverages,Plant-based foods,Snacks,Cereals and potatoes,Sweet snacks,Sweet pastries and pies,Breads,Viennoiseries,Brioches,Special breads,Hamburger buns",1406.0,6.0,7.2,1.1,11.0,3.3,0.0,13,D,68.0,B,https://world.openfoodfacts.org/product/5099874255581/brioche-burger-buns-dunnes-stores
Cheddar Cheese on White Bread Sandwich,Sainsburys,"Sandwiches,Fresh-to-go,Cheese sandwiches",1250.0,7.82,2.18,1.14,13.2,1.8,0.57,13,D,53.0,C,https://world.openfoodfacts.org/product/00236553/cheddar-cheese-on-white-bread-sandwich-sainsburys
Ham hock & mature cheddar,Taste,"Sandwiches,Sandwiches filled with cold cuts,Sandwich made with loaf bread and various fillings,Sandwiches made with loaf bread and various fillings",959.0,3.4,6.2,1.05,12.7,2.3,0.0,9,D,49.0,C,https://world.openfoodfacts.org/product/00367851/ham-hock-mature-cheddar-taste
Κριτσίνια με ηλιόσπορους,ΑΒ Βασιλόπουλος,"en:Plant-based foods and beverages, en:Plant-based foods, en:Cereals and potatoes, en:Breads, en:Breadsticks, Κριτσίνια",2216.0,3.9,5.8,1.4,13.1,4.9,0.0,12,D,74.0,B,https://world.openfoodfacts.org/product/5202336106370/%CE%BA%CF%81%CE%B9%CF%84%CF%83%CE%AF%CE%BD%CE%B9%CE%B1-%CE%BC%CE%B5-%CE%B7%CE%BB%CE%B9%CF%8C%CF%83%CF%80%CE%BF%CF%81%CE%BF%CF%85%CF%82-%CE%B1%CE%B2-%CE%B2%CE%B1%CF%83%CE%B9%CE%BB%CF%8C%CF%80%CE%BF%CF%85%CE%BB%CE%BF%CF%82
Croûtons nature grillés au four,"Tipiak, Tipiak Restauration Food Service","Aliments et boissons à base de végétaux, Aliments d'origine végétale, Céréales et pommes de terre, Pains, Croûtons, Croûtons nature",1856.0,1.4,4.4,2.1,9.9,2.9,0.0,14,D,43.0,D,https://world.openfoodfacts.org/product/3165440005972/croutons-nature-grilles-au-four-tipiak
Toasts briochés nature,U,"Plant-based foods and beverages, Plant-based foods, Cereals and potatoes, Breads, Sliced breads, Brioche sandwich bread, en:toasts",1742.0,2.6,9.1,0.71,13.0,2.1,0.0,10,D,68.0,B,https://world.openfoodfacts.org/product/3256220063913/toasts-brioches-nature-u
Croutons Nature,Sainte Barbe,"Aliments et boissons à base de végétaux, Aliments d'origine végétale, Céréales et pommes de terre, Pains, Croûtons, Croûtons nature, en:Groceries",2348.0,2.6,3.8,0.88,7.8,3.3,0.0,11,D,33.0,D,https://world.openfoodfacts.org/product/3501890003326/croutons-nature-sainte-barbe
Croûtons Nature,CroustiSalad',"Aliments et boissons à base de végétaux, Aliments d'origine végétale, Céréales et pommes de terre, Condiments, Pains, Croûtons, Croûtons nature, en:Groceries",1736.0,0.8,5.3,1.6,12.0,4.2,0.0,9,D,43.0,D,https://world.openfoodfacts.org/product/5413612130976/croutons-nature-croustisalad
Pan artesano,"Bimbo,Bimbo S.A. de C.V.","Plant-based foods and beverages, Plant-based foods, Cereals and potatoes, Breads, White breads, en:sliced-breads",1130.0,1.5,6.0,1.44,9.0,3.0,0.0,9,D,75.0,A,https://world.openfoodfacts.org/product/7501030464389/pan-artesano-bimbo
Scrack pomodoro e basilico,Panealba,"Plant-based foods and beverages,Plant-based foods,Cereals and potatoes,Breads,Breadsticks",1888.0,1.8,2.0,2.3,13.0,3.0,3.7,14,D,64.0,B,https://world.openfoodfacts.org/product/8002333009707/scrack-pomodoro-e-basilico-panealba
"Barra de pan de maíz sin gluten, lactosa, huevo","Special Line,El Corte Inglés","Alimentos y bebidas de origen vegetal,Alimentos de origen vegetal,Cereales y patatas,en:Specific products,en:Products for specific diets,Panes,Productos sin gluten,Baguetes,Panes sin gluten,en:huevo-free breads,en:lactose-free breads",1343.9,5.7,3.7,1.025,2.1,2.3,0.0,13,D,73.0,B,https://world.openfoodfacts.org/product/8433329030625/barra-de-pan-de-maiz-sin-gluten-lactosa-huevo-special-line
reuze rozijnenbollen,Jumbo,"Plantaardige levensmiddelen en dranken, Plantaardige levensmiddelen, Snacks, Granen en aardappels, Zoete snacks, Broden, Viennoiseries, Rozijnenbroden",1230.0,1.5,26.4,0.92,8.3,2.7,30.040283203125,12,D,59.0,C,https://world.openfoodfacts.org/product/8718452357062/reuze-rozijnenbollen-jumbo
Brioche pølsebrød,GOMAN AS,"Plant-based foods and beverages,Plant-based foods,Cereals and potatoes,Breads,Special breads,Hot dog buns",1431.0,1.6,8.3,1.1,8.3,2.0,4.15,10,D,73.0,B,https://world.openfoodfacts.org/product/3760049798142/coop-brioche-p%C3%B8lsebr%C3%B8d-270g-goman-as
Tortillas,Woolworths,"Plant-based foods and beverages,Plant-based foods,Cereals and potatoes,Breads,Wheat flatbreads",1300.0,4.13,4.13,1.83,7.83,2.17,0.0,15,D,73.0,B,https://world.openfoodfacts.org/product/9300633100582/tortillas-woolworths
Papadopoulos Krispies 200G - Wheat Rusks With Sesame,Παπαδοπούλου,"Plant-based foods and beverages, Plant-based foods, Cereals and potatoes, Breads, Rusks",1875.0,4.2,4.5,1.03,14.0,5.2,0.0,11,D,69.0,B,https://world.openfoodfacts.org/product/5201004055033/papadopoulos-krispies-200g-wheat-rusks-with-sesame-%CF%80%CE%B1%CF%80%CE%B1%CE%B4%CE%BF%CF%80%CE%BF%CF%8D%CE%BB%CE%BF%CF%85
6 wraps caramelised onion,Farrah's,"Plant-based foods and beverages, Plant-based foods, Cereals and potatoes, Breads, Flatbreads, White breads, Wheat breads, Wheat flatbreads",1240.0,3.8,5.5,1.2775,7.7,2.1,0.0,11,D,73.0,B,https://world.openfoodfacts.org/product/9421017210465/6-wraps-caramelised-onion-farrah-s
Garlic Baguettes,"Co-op, Oaklands","Plant-based foods and beverages, Plant-based foods, Snacks, Cereals and potatoes, Salty snacks, Appetizers, Breads, Baguettes, Garlic breads, Garlic baguettes",1324.0,5.9,2.8,1.06,7.2,1.3,6.26660714285715,12,D,81.0,A,https://world.openfoodfacts.org/product/5000128632416/garlic-baguettes-co-op
Brood met rozijnen en krenten,Albert Heijn,"Plant-based foods and beverages, Plant-based foods, Snacks, Cereals and potatoes, Sweet snacks, Sweet pastries and pies, Breads, Viennoiseries, Breads with raisins",1215.0,0.7,23.0,0.9,9.5,3.0,0.0,10,D,59.0,C,https://world.openfoodfacts.org/product/8718907044677/brood-met-rozijnen-en-krenten-albert-heijn
Ficelles de pain Brioché,"Brioche Pasquier, Pasquier","Aliments et boissons à base de végétaux, Aliments d'origine végétale, Snacks, Céréales et pommes de terre, Snacks sucrés, Pains, Viennoiseries, Biscottes, Pains briochés, Ficelles-de-pain",1816.0,7.1,7.3,1.6,12.0,5.8,0.0,16,D,71.0,B,https://world.openfoodfacts.org/product/3182180002450/ficelles-de-pain-brioche-brioche-pasquier
Milch-Brötchen,K-Classic,"Pflanzliche Lebensmittel und Getränke, Pflanzliche Lebensmittel, Imbiss, Getreide und Kartoffeln, Süßer Snack, en:Sweet pastries and pies, Brote, Viennoiseries, en:buns, Milchbrötchen",1425.0,1.4,14.0,1.2,8.9,1.9,7.0,11,D,65.0,B,https://world.openfoodfacts.org/product/4063367189760/milch-brotchen-k-classic
Soft Bun hamburgerbröd American Style,Garant,"Plant-based foods and beverages, Plant-based foods, Cereals and potatoes, Breads, Special breads, Hamburger buns",1285.0,2.2,10.0,1.2,8.8,2.5,0.0,10,D,68.0,B,https://world.openfoodfacts.org/product/7340083494871/soft-bun-hamburgerbrod-american-style-garant
Tostadas de pan,Best,"Alimentos y bebidas de origen vegetal, Alimentos de origen vegetal, Cereales y patatas, Panes, Pan tostado",1670.0,0.0,0.0,1.99,11.7,3.67,0.0,10,D,74.0,B,https://world.openfoodfacts.org/product/7798158701667/tostadas-de-pan-best
Mini Marinheiras Tomate Cem Porcento,Cem Porcento,"Plant-based foods and beverages, Plant-based foods, Cereals and potatoes, Breads, Rusks",1776.0,1.5,4.5,1.3,12.0,4.1,19.275,10,D,76.0,A,https://world.openfoodfacts.org/product/5604321044429/mini-marinheiras-tomate-cem-porcento
Ciabattina,Luca Tomasello,"Breads,Gluten-free breads",1242.0,0.8,5.6,1.9,1.0,1.8,0.0,11,D,70.0,B,https://world.openfoodfacts.org/product/8055060380403/ciabattina-luca-tomasello
Mini galettes de riz chocolat noir biologiques,"Auchan, Auchan Bio","Aliments et boissons à base de végétaux, Aliments d'origine végétale, Céréales et pommes de terre, Céréales et dérivés, Galettes de céréales soufflées, Galettes de riz soufflé, Galettes de riz au chocolat noir, Pains, en:Dried breads",1988.0,12.0,20.0,0.01,6.6,5.8,0.0,15,D,69.0,B,https://world.openfoodfacts.org/product/3596710519798/mini-galettes-de-riz-chocolat-noir-biologiques-auchan
Brioche St-Germain,Migros,"Snacks, Sweet snacks, Sweet pastries and pies, Viennoiseries, Vienna bread, en:brioches",1377.0,3.8,20.0,1.1,9.5,2.3,1.49182771381579,15,D,73.0,B,https://world.openfoodfacts.org/product/7623186103827/brioche-st-germain-migros
it’s CREAM CHEESE & MARMITE with breadsticks,M&S,"Plant-based foods and beverages, Plant-based foods, Snacks, Cereals and potatoes, Breads, Breadsticks",1346.0,7.5,4.1,1.15,8.6,2.2,0.0,15,D,77.0,A,https://world.openfoodfacts.org/product/29344437/it-s-cream-cheese-marmite-with-breadsticks-m-s
Bread snacks leipätikut valkosipulilla,Marmiton AS,"Kasvipohjaiset ruoat ja juomat, Kasvipohjaiset ruoat, Naposteltavat, Jyvät ja perunat, Leivät, Leipätikut",1922.0,2.0,3.3,2.1,7.9,5.8,16.6666666666667,11,D,79.0,A,https://world.openfoodfacts.org/product/4740059243152/bread-snacks-leipatikut-valkosipulilla-marmiton-as
mini torinesi,panetteria di sergio,"Plant-based foods and beverages,Plant-based foods,Snacks,Cereals and potatoes,Breads,Breadsticks",1830.0,1.2,4.0,2.3,11.0,3.3,0.0,15,D,81.0,A,https://world.openfoodfacts.org/product/8712247228025/mini-torinesi-panetteria-di-sergio
TRDP Mario Milk Rusk,TRDP Mario,"Plant-based foods and beverages,Plant-based foods,Cereals and potatoes,Breads,Rusks",1654.0,5.0,25.0,0.565,7.0,1.5,0.0,16,D,71.0,B,https://world.openfoodfacts.org/product/8904300201643/trdp-mario-milk-rusk
Authentic Brioche Burger Buns,EuroClassic,"Plant-based foods and beverages, Plant-based foods, Cereals and potatoes, Breads, Special breads, Hamburger buns",1340.0,2.0,10.0,1.25,10.0,2.0,5.0,10,D,68.0,B,https://world.openfoodfacts.org/product/0891071001467/authentic-brioche-burger-buns-euroclassic
Recondo,Recondo,"Aliments et boissons à base de végétaux, Aliments d'origine végétale, Céréales et pommes de terre, Pains, Pains grillés",1628.0,1.3,3.2,2.0,11.8,3.9,0.0,11,D,72.0,B,https://world.openfoodfacts.org/product/2428749003898/recondo
Jacquet le toast raisin,"Jacquet, Lu, Mondelēz","Aliments et boissons à base de végétaux, Aliments d'origine végétale, Céréales et pommes de terre, Pains, Pains grillés",1679.0,3.0,17.0,0.45,12.0,4.0,14.8472222222222,10,D,75.0,A,https://world.openfoodfacts.org/product/3029330005896/jacquet-le-toast-raisin
Fines tranches briochées,Sans marque,"Plant-based foods and beverages,Plant-based foods,Cereals and potatoes,Breads,Toasts",1726.0,3.0,7.0,1.27,12.0,4.5,2.66818181818182,11,D,86.0,A,https://world.openfoodfacts.org/product/3029330064695/fines-tranches-briochees-sans-marque
Biscottes Au Froment (x 100) - Brioche Pasquier,"Brioche Pasquier, Pasquier","Plant-based foods and beverages, Plant-based foods, Breakfasts, Cereals and potatoes, Breads, Rusks, fr:biscottes-de-froment, en:common-wheat-rusks",1686.0,3.5,7.0,1.524,9.5,5.0,0.0,13,D,79.0,A,https://world.openfoodfacts.org/product/3182180032518/biscottes-au-froment-x-100-brioche-pasquier
Ficelles de Pain Recette Sésame pavot,"Brioche Pasquier, Pasquier",Toasted bread rolls,1672.0,1.0,5.0,1.651,13.0,4.5,0.0,9,D,86.0,A,https://world.openfoodfacts.org/product/3182180041084/ficelles-de-pain-recette-sesame-pavot-brioche-pasquier
Pain grillé brioché 300g 26 tranches,Casino,"Aliments et boissons à base de végétaux, Aliments d'origine végétale, Céréales et pommes de terre, Pains, Biscottes, Pains grillés",1758.0,5.1,10.0,1.3,11.0,4.2,0.0,14,D,81.0,A,https://world.openfoodfacts.org/product/3222476767431/pain-grille-brioche-300g-26-tranches-casino
Pains pour hamburger moelleux,Leader Price,"Aliments et boissons à base de végétaux, Aliments d'origine végétale, Céréales et pommes de terre, Pains, Pains spéciaux, Pains Burger",1266.0,0.7,7.5,1.25,10.0,3.0,3.00714285714286,8,D,68.0,B,https://world.openfoodfacts.org/product/3263859760717/pains-pour-hamburger-moelleux-leader-price
Croutons nature,La Vie Claire,"Aliments et boissons à base de végétaux, Aliments d'origine végétale, Céréales et pommes de terre, Pains, Croûtons, Croûtons nature",1531.0,4.3,5.1,1.38,11.0,3.7,0.0,12,D,62.0,B,https://world.openfoodfacts.org/product/3266191035123/croutons-nature-la-vie-claire
Pain De Mie Aux Fibres,Valpiform,"Aliments et boissons à base de végétaux, Aliments d'origine végétale, Céréales et pommes de terre, en:Specific products, en:Products for specific diets, Pains, Produits sans gluten, Pains sans gluten, Pains de mie, Pains de mie sans gluten",1144.0,1.8,6.3,1.5,4.0,2.4,0.0,10,D,70.0,B,https://world.openfoodfacts.org/product/3551100781438/pain-de-mie-aux-fibres-valpiform
Croûtons Nature,Auchan,"Aliments et boissons à base de végétaux, Aliments d'origine végétale, Céréales et pommes de terre, Pains, Croûtons, Croûtons nature, en:Dried breads",2204.0,2.6,3.8,0.9,7.8,3.3,0.0,10,D,43.0,D,https://world.openfoodfacts.org/product/3596710450046/croutons-nature-auchan
Pains au lait,"Auchan, Pouce","Snacks, Sweet snacks, Sweet pastries and pies, Viennoiseries, Fresh sweet pastries and pies, Milk bread rolls, en:breads",1468.0,1.3,12.0,0.8,8.4,2.6,6.4,9,D,68.0,B,https://world.openfoodfacts.org/product/3596710742745/pains-au-lait-auchan
Mini m'semen,Oummi,"Plant-based foods and beverages, Plant-based foods, Cereals and potatoes, Cereals and their products, Frozen foods, Puffed cereal cakes, Puffed wheat cakes, en:breads",1855.0,7.2,5.2,0.425,6.7,5.5,0.0,10,D,39.0,D,https://world.openfoodfacts.org/product/3760184010130/mini-m-semen-oummi
Rosinen Brötchen,,"Pflanzliche Lebensmittel und Getränke, Pflanzliche Lebensmittel, Imbiss, Getreide und Kartoffeln, Süßer Snack, en:Sweet pastries and pies, Brote, Viennoiseries, Brötchen, Rosinenbrote",1000.0,0.8,24.4,0.83,6.7,3.9,31.2583784054487,10,D,59.0,C,https://world.openfoodfacts.org/product/4000242094023/rosinen-brotchen
Burger 6 Buns,"Quickbury, nordthy","en:Plant-based foods and beverages,en:Plant-based foods,en:Cereals and potatoes,Kruhovi,en:Special breads,en:Hamburger buns",1167.0,1.0,7.5,1.25,8.5,3.0,0.0,8,D,68.0,B,https://world.openfoodfacts.org/product/4028491401089/burger-quickbury
Flammkuchen,Dr. Karg's,"Plant-based foods and beverages, Plant-based foods, Cereals and potatoes, Meals, Pizzas pies and quiches, Breads, Salted pies, Flammekueche, Crispbreads",1809.0,4.8,3.7,1.9,16.0,9.4,8.0,12,D,49.0,C,https://world.openfoodfacts.org/product/4033634062676/flammkuchen-dr-karg-s
Smoked Ham & Cheese on Malted Bread,Waitrose,"Sandwiches, Sandwiches filled with cold cuts, Cheese sandwiches, Ham sandwiches, Ham and cheese sandwiches",991.0,4.6,2.0,1.23,14.1,1.8,0.000762939453125,10,D,33.0,D,https://world.openfoodfacts.org/product/5000169142561/smoked-ham-cheese-on-malted-bread-waitrose
Heritage grain farmhouse bread,Tesco,"Plant-based foods and beverages, Plant-based foods, Cereals and potatoes, Breads, Sliced breads",1090.0,0.4,3.3,2.54,10.5,3.7,0.0,12,D,75.0,A,https://world.openfoodfacts.org/product/5053526022846/heritage-grain-farmhouse-bread-tesco
Pagen - Petits pains suedois complets,Krisprolls,"Aliments et boissons à base de végétaux, Aliments d'origine végétale, Céréales et pommes de terre, Pains, Pains grillés, Petits pains grillés",1649.0,2.3,7.4,1.5,11.0,6.7,1.85,9,D,76.0,A,https://world.openfoodfacts.org/product/7311070032260/pagen-petits-pains-suedois-complets-krisprolls
Petit pain au beurre,"M-Classic, Migros","Plant-based foods and beverages, Plant-based foods, Snacks, Cereals and potatoes, Sweet snacks, Sweet pastries and pies, Viennoiseries, Bakery products, Brioches, en:breads",1231.0,4.5,4.5,1.5,11.0,2.5,0.0,13,D,60.0,B,https://world.openfoodfacts.org/product/7616700009378/panini-butter-rolls-m-classic
Traditional breadsticks,GrissinBon,"Plant-based foods and beverages, Plant-based foods, Cereals and potatoes, Breads, Breadsticks",1750.0,3.5,3.0,2.0,12.5,4.3,0.0,13,D,78.0,A,https://world.openfoodfacts.org/product/8001405015103/traditional-breadsticks-grissinbon
Grissini Pizza,OLUF LORENTZEN AS,"Plant-based foods and beverages,Plant-based foods,Snacks,Cereals and potatoes,Salty snacks,Cereals and their products,Breads,Breadsticks",1671.0,1.1,2.3,2.3,11.8,2.5,14.15,14,D,88.0,A,https://world.openfoodfacts.org/product/8003899181081/granforno-grissini-pizza-125g-oluf-lorentzen-as
Sfornatini,La Mole,"Aliments et boissons à base de végétaux, Aliments d'origine végétale, Snacks, Céréales et pommes de terre, Snacks salés, Pains, Gressins",1697.0,4.0,1.6,2.032,11.9,3.8,0.0,15,D,76.0,A,https://world.openfoodfacts.org/product/8008685003240/sfornatini-la-mole
Piadina Piaceri Mediterranei,Piaceri Mediterranei,"Plant-based foods and beverages,Plant-based foods,Cereals and potatoes,Specific products,Products for specific diets,Breads,Products without gluten,Flatbreads,Gluten-free breads,Piadina",1206.0,1.6,2.0,2.1,2.0,3.7,5.7,11,D,68.0,B,https://world.openfoodfacts.org/product/8028169202914/piadina-piaceri-mediterranei
Traditional Hot Cross Buns,Etna Bakery,"Plant-based foods and beverages, Plant-based foods, Snacks, Cereals and potatoes, Sweet snacks, Breads, Viennoiseries, Brioches, Vienna bread, Easter Buns, Hot Cross Buns",1127.0,0.4,18.6,0.64262,6.6,2.4,30.5,9,D,81.0,A,https://world.openfoodfacts.org/product/9338142000246/traditional-hot-cross-buns-etna-bakery
Grissini Rubatà,Sapporo Dintorni,"Cibi e bevande a base vegetale, Cibi a base vegetale, Cereali e patate, Pani, Grissini",1745.0,1.6,1.7,2.0,10.0,3.1,10.0,12,D,79.0,A,https://world.openfoodfacts.org/product/8003170009240/grissini-rubata-sapporo-dintorni
Bread bites,Sunbites,Croutons,1880.0,6.67,3.67,0.543,10.3,5.33,0.0,9,D,38.0,D,https://world.openfoodfacts.org/product/6281036287106/bread-bites-sunbites
Briochee pur beurre,Jacquet,"Plant-based foods and beverages,Plant-based foods,Cereals and potatoes,Breads,Toasts",1789.0,7.7,8.1,1.4,10.0,4.5,0.0,16,D,76.0,A,https://world.openfoodfacts.org/product/3029330069683/briochee-pur-beurre-jacquet
Butter Rosinen Brötchen,Harry,"Pflanzliche Lebensmittel und Getränke, Pflanzliche Lebensmittel, Imbiss, Getreide und Kartoffeln, Süßer Snack, en:Sweet pastries and pies, Brote, Viennoiseries, Brötchen, Rosinenbrote",1358.0,3.5,26.8,0.9,8.2,3.2,23.6842105263158,15,D,66.0,B,https://world.openfoodfacts.org/product/4071800038629/butter-rosinen-brotchen-harry
Baked Bruschette Rosemary,"Zweifel, Zweifel Baked","Plant-based foods and beverages, Plant-based foods, Snacks, Cereals and potatoes, Salty snacks, Breads, Toasts, Toasted bread rolls",1894.0,2.5,3.5,2.2,11.0,3.5,17.2,15,D,87.0,A,https://world.openfoodfacts.org/product/7610095047007/baked-bruschette-rosemary-zweifel
Brioche Style Fruit Hot Cross Bun 6pk,Woolworths,"Snacks, Sweet snacks, Viennoiseries, Brioches, Vienna bread",1340.0,2.3,16.7,0.75692,8.5,2.4,9.12504005432129,10,D,71.0,B,https://world.openfoodfacts.org/product/9339687023769/brioche-style-fruit-hot-cross-bun-6pk-woolworths
Tresse au beurre,Coop,"Aliments et boissons à base de végétaux, Aliments d'origine végétale, Snacks, Céréales et pommes de terre, Snacks sucrés, Pains, Viennoiseries, Brioches, Brioches tressées",1201.0,3.7,5.1,1.5,9.3,2.6,0.0,12,D,45.0,C,https://world.openfoodfacts.org/product/7610800017592/tresse-au-beurre-coop
Mini crackers olijfolie en oregano,Jumbo,"plant-based-foods-and-beverages, plant-based-foods, snacks, cereals-and-potatoes, salty-snacks, appetizers, breads, da:crackers",1844.0,2.2,2.1,2.0,10.0,3.2,1.0,13,D,67.0,B,https://world.openfoodfacts.org/product/8718452205936/mini-crackers-olijfolie-en-oregano-jumbo
Dvopek classic,Klara,"Plant-based foods and beverages, Plant-based foods, Cereals and potatoes, Breads, Rusks, en:toasts",1619.0,3.0,5.0,2.3,12.0,3.9,0.0,15,D,76.0,A,https://world.openfoodfacts.org/product/3858881327528/dvppek-classic-klara
Mini crackers,backers,"plant-based-foods-and-beverages, plant-based-foods, cereals-and-potatoes, breads, crispbreads, da:crackers",1857.0,2.0,2.4,2.0,10.0,2.0,11.59,13,D,67.0,B,https://world.openfoodfacts.org/product/23090675/mini-crackers-backers
Grissini classico,Organico,"Plant-based foods and beverages, Plant-based foods, Cereals and potatoes, Breads, Breadsticks",1697.0,1.5,3.6,2.0,10.6,5.5,0.0,11,D,74.0,B,https://world.openfoodfacts.org/product/5034210140015/grissini-classico-organico
Pan tostado rústico Normal,Alteza,"Plant-based foods and beverages,Plant-based foods,Cereals and potatoes,Breads,Toasts",1693.0,0.8,5.6,1.7,12.0,4.3,0.0,10,D,72.0,B,https://world.openfoodfacts.org/product/8480024764126/pan-tostado-rustico-normal-alteza
criollitas x3,Bagley,"Plant-based foods and beverages,Plant-based foods,Snacks,Cereals and potatoes,Breads,Extruded crispbreads",1770.0,5.67,0.0,1.39,12.0,3.0,7.9825000000001,13,D,71.0,B,https://world.openfoodfacts.org/product/7790040377806/criollitas-original-bagley
Couronne de rois bio,Coop naturaplan,"Aliments et boissons à base de végétaux, Aliments d'origine végétale, Snacks, Céréales et pommes de terre, Snacks sucrés, Pains, Viennoiseries, Brioches, Couronnes des rois",1315.0,3.7,8.8,0.95,9.8,2.9,4.54140625,9,D,47.0,C,https://world.openfoodfacts.org/product/7613379531704/couronne-de-rois-bio-coop-naturaplan
Friabili,"Esselunga, Modea","Cibi e bevande a base vegetale, Cibi a base vegetale, Snack, Cereali e patate, Snacks salati, Pani, Grissini",1723.0,1.3,4.0,1.8,11.2,2.6,6.0,13,D,81.0,A,https://world.openfoodfacts.org/product/8002330116347/friabili-esselunga
Goudeerlijk boter rozijnen bollen,Jumbo,"Plant-based foods and beverages,Plant-based foods,Snacks,Cereals and potatoes,Sweet snacks,Sweet pastries and pies,Breads,Viennoiseries,Breads with raisins",1200.0,0.9,28.8,0.8,7.6,3.1,0.9375,11,D,59.0,C,https://world.openfoodfacts.org/product/8718452356706/goudeerlijk-boter-rozijnen-bollen-jumbo
Pretzel sticks with onion flavour.,Lajkonik,"Plant-based foods and beverages, Plant-based foods, Snacks, Cereals and potatoes, Salty snacks, Breads, Breadsticks",1654.0,0.3,4.9,3.0,12.0,3.7,16.5,16,D,81.0,A,https://world.openfoodfacts.org/product/5900320006971/pretzel-sticks-with-onion-flavour-lajkonik
Muffins fără gluten,Dr. Oetker,"Plant-based foods and beverages, Plant-based foods, Snacks, Cereals and potatoes, Sweet snacks, Biscuits and cakes, Breads, Cakes, Special breads, English muffins, en:muffins",1157.0,1.8,28.0,0.88,3.3,0.0,0.0,16,D,66.0,B,https://world.openfoodfacts.org/product/5941132022544/muffins-f%C4%83r%C4%83-gluten-dr-oetker
Pancake & Waffle Syrup,First Street,"Plant-based foods and beverages,Plant-based foods,Breakfasts,Cereals and potatoes,Spreads,Sweet spreads,Bee products,Farming products,Sweeteners,Syrups,Breads,Honeys,Simple syrups",1400.0,0.0,41.7,0.167,0.0,0.0,0.0,16,D,81.0,A,https://world.openfoodfacts.org/product/0041512087806/pancake-waffle-syrup-first-street
Grissotti with Sesame Seeds,Laurieri,"plant-based-foods-and-beverages, plant-based-foods, snacks, cereals-and-potatoes, sweet-snacks, biscuits-and-cakes, breads, breadsticks, da:crackers",1801.0,1.4,3.3,2.08333,13.0,2.1,0.0,14,D,81.0,A,https://world.openfoodfacts.org/product/8015565030159/grissotti-with-sesame-seeds-laurieri
Jumbo tortillas,Old El Paso,"Plant-based foods and beverages, Plant-based foods, Cereals and potatoes, Breads, Flatbreads, White breads, Wheat breads, Wheat flatbreads",1710.0,1.6,1.87,1.38,10.3,2.8,0.0,9,D,78.0,A,https://world.openfoodfacts.org/product/9300695008444/jumbo-tortillas-old-el-paso
Pan molde sin gluten,Carrefour,"Alimentos y bebidas de origen vegetal, Alimentos de origen vegetal, Cereales y patatas, en:Specific products, en:Products for specific diets, Panes, Productos sin gluten, Panes sin gluten, Panes de molde, Panes de molde sin gluten",1191.0,3.2,7.6,1.5,1.7,5.4,0.0,10,D,60.0,B,https://world.openfoodfacts.org/product/8431876118780/pan-molde-sin-gluten-carrefour
10 regular tortillas soft and flexible,Old El Paso,"plant-based-foods-and-beverages, plant-based-foods, cereals-and-potatoes, breads, flatbreads, white-breads, wheat-breads, wheat-flatbreads, it:tortilla",1430.0,4.3,1.4,1.335,7.9,2.2,0.0,12,D,86.0,A,https://world.openfoodfacts.org/product/9300695002619/10-regular-tortillas-soft-and-flexible-old-el-paso
Baguette sin gluten,"Carrefour, Carrefour classic","Plant-based foods and beverages, Plant-based foods, Cereals and potatoes, Specific products, Products for specific diets, Breads, Products without gluten, Gluten-free breads, en:baguettes",1083.0,1.1,2.2,1.71,9.1,1.8,0.0,10,D,68.0,B,https://world.openfoodfacts.org/product/8431876290721/baguette-sin-gluten-carrefour
Pan de leche con pepitas de chocolate,Alteza,"Botanas, Snacks dulces, en:Sweet pastries and pies, Viennoiseries, Panes de leche",1532.0,3.5,20.0,0.8,9.7,2.0,0.0,13,D,63.0,B,https://world.openfoodfacts.org/product/8480024766854/pan-de-leche-con-pepitas-de-chocolate-alteza
Tresse au beurre de purepeautre,"JOWA, Migros","Aliments et boissons à base de végétaux, Aliments d'origine végétale, Snacks, Céréales et pommes de terre, Snacks sucrés, Pains, Viennoiseries, Brioches, Brioches tressées, Tresse",1279.0,5.1,2.48,1.3,9.1,3.2,0.0,11,D,59.0,C,https://world.openfoodfacts.org/product/7613404416334/tresse-au-beurre-de-purepeautre-jowa
Euroshopper - Tortillas,Euroshopper,"Plant-based foods and beverages, Plant-based foods, Cereals and potatoes, Breads, Flatbreads, White breads, Wheat breads, Wheat flatbreads, Tortillas",1399.0,3.3,1.3,1.3,9.3,3.0,0.0,10,D,75.0,A,https://world.openfoodfacts.org/product/8717775819110/euroshopper-tortillas
soreen gingerbread Loaf Bars,Soreen,"Malt-loaf,Malt-loaves,Special breads,Sponge cakes",1421.0,0.5,22.0,0.56,8.6,2.5,4.4375,10,D,41.0,D,https://world.openfoodfacts.org/product/5088722225951/soreen-gingerbread-loaf-bars
Grissini Tradizionali,Grand'Italia,"Plantaardige levensmiddelen en dranken, Plantaardige levensmiddelen, Granen en aardappels, Broden, Soepstengels",1672.0,2.4,1.9,2.0,13.0,3.3,0.0,12,D,77.0,A,https://world.openfoodfacts.org/product/8000050828847/grissini-tradizionali-grand-italia
Wheat rusks,Delhaize,"Plant-based foods and beverages,Plant-based foods,Cereals and potatoes,Breads,Rusks,fr:Biscottes de froment",1685.0,0.6,6.8,1.5,11.0,4.3,0.0,9,D,76.0,A,https://world.openfoodfacts.org/product/5400601065562/wheat-rusks-delhaize
Zopf,Ölz,"Pflanzliche Lebensmittel und Getränke, Pflanzliche Lebensmittel, Imbiss, Getreide und Kartoffeln, Süßer Snack, Brote, Viennoiseries, Brioche, Geschnittenes Brot, en:Brioche prepacked, en:Brioche sandwich bread",1427.0,3.0,21.0,1.3,7.7,1.5,10.5,17,D,63.0,B,https://world.openfoodfacts.org/product/9005300005268/zopf-olz
แซนวิชโฮลวีททูน่า - 80 กรัม,"Bearbakery,แบร์เบเกอร์รี่","en:Sandwiches, en:Fish sandwiches, en:Tuna sandwiches, en:Sandwich with tuna and vegetables, en:Sandwich made with loaf bread",1150.0,5.0,5.0,1.03,13.8,3.75,0.0,10,D,45.0,C,https://world.openfoodfacts.org/product/8859688306490/%E0%B9%81%E0%B8%8B%E0%B8%99%E0%B8%A7%E0%B8%B4%E0%B8%8A%E0%B9%82%E0%B8%AE%E0%B8%A5%E0%B8%A7%E0%B8%B5%E0%B8%97%E0%B8%97%E0%B8%B9%E0%B8%99%E0%B9%88%E0%B8%B2-80-%E0%B8%81%E0%B8%A3%E0%B8%B1%E0%B8%A1-bearbakery
Taste the Difference 2 Brioche Burger Buns,Sainsbury's,"Plant-based foods and beverages, Plant-based foods, Snacks, Cereals and potatoes, Sweet snacks, Breads, Viennoiseries, Brioches, Special breads, Hamburger buns, Vienna bread",1422.0,4.9,8.4,0.89,10.2,2.7,0.0,11,D,68.0,B,https://world.openfoodfacts.org/product/00162180/taste-the-difference-2-brioche-burger-buns-sainsbury-s
Chunky breadsticks,Da Re,"Cibi e bevande a base vegetale, Cibi a base vegetale, Snack, Cereali e patate, Snacks salati, Pani, Grissini",1974.0,4.4,2.9,1.9,13.0,4.1,13.6,15,D,88.0,A,https://world.openfoodfacts.org/product/8009086101559/chunky-breadsticks-da-re
K-take it veggie Organic Bread Spread Tomato Basil 180g,K-take it veggie,"Pflanzliche Lebensmittel und Getränke, Pflanzliche Lebensmittel, Frucht- und gemüsebasierte Lebensmittel, Gewürzmittel, Brotaufstriche, Gemüsebasierte Lebensmittel, Saucen, Tomaten und Tomatenprodukte, Tomatensaucen, Tomatenpüree, en:groceries",1015.0,2.3,5.6,1.4,5.2,2.9,59.75,8,D,86.0,A,https://world.openfoodfacts.org/product/4337185828225/k-take-it-veggie-organic-bread-spread-tomato-basil
K-take it veggie Bio Brotaufstrich Hummus,K-take it veggie,"Pflanzliche Lebensmittel und Getränke, Pflanzliche Lebensmittel, Gewürzmittel, Brotaufstriche, Pflanzliche Brotaufstriche, Gesalzene Aufstriche, Saucen, Dips, Hummus, Chick peas, en:groceries",1298.0,3.6,0.5,1.3,4.2,2.0,52.240625,9,D,73.0,B,https://world.openfoodfacts.org/product/4337185003479/k-take-it-veggie-organic-bread-spread-hummus
K-take it veggie Organic Bread Spread Hummus,K-take it veggie,"Pflanzliche Lebensmittel und Getränke, Pflanzliche Lebensmittel, Gewürzmittel, Brotaufstriche, Pflanzliche Brotaufstriche, Gesalzene Aufstriche, Saucen, Dips, Hummus, Chick peas, en:groceries",1298.0,3.6,0.5,1.3,4.2,2.0,52.240625,9,D,73.0,B,https://world.openfoodfacts.org/product/4337185003493/k-take-it-veggie-organic-bread-spread-hummus
Carrefour Bio Croûtons - Paprika Bio,"Carrefour BIO, Carrefour","Plant-based foods and beverages, Plant-based foods, Cereals and potatoes, Breads, Croutons, Aliments à base de fruits et de légumes, Légumes et dérivés, Légumes, ADDITIF, FRUITS/LÉGUMES",1886.0,1.2,4.0,1.8,7.0,5.2,0.0,11,D,58.0,C,https://world.openfoodfacts.org/product/5400101081833/croutons-paprika-carrefour-bio
Garlic baguettes,Iceland,"Plant-based foods and beverages, Plant-based foods, Snacks, Cereals and potatoes, Salty snacks, Appetizers, Breads, Baguettes, Garlic breads, Garlic baguettes",1438.0,5.0,2.9,0.8,8.4,3.0,7.0,8,D,82.0,A,https://world.openfoodfacts.org/product/5010482838416/garlic-baguettes-iceland
Banana bread,Migros,Cakes aux fruits,1828.0,2.7,28.0,0.46,4.9,1.8,15.0,15,D,55.0,C,https://world.openfoodfacts.org/product/7613404660591/banana-bread-migros
Luxe feeststol met amandelspijs,Jumbo,"Plantaardige levensmiddelen en dranken, Plantaardige levensmiddelen, Snacks, Granen en aardappels, Zoete snacks, Feestdagenproducten, Koekjes en cakes, Kerstvoedsel en - dranken, en:Sweet pastries and pies, Broden, Cakes, Viennoiseries, Stollen, Rozijnenbroden",1363.0,1.9,32.6,0.67,7.6,3.4,39.0091145833333,14,D,63.0,B,https://world.openfoodfacts.org/product/8718452448623/luxe-feeststol-met-amandelspijs-jumbo
Biologische kipfilet,Jumbo,"Vleesproducten, Vlezen, Verwerkte vleesproducten, Broodbeleggen, fr:Charcuteries cuites, en:cooked-poultry-breast-slices, Gekookte gesneden kippenborsten",530.0,0.7,1.2,2.5,22.0,0.2,0.0130132039387973,13,D,40.0,D,https://world.openfoodfacts.org/product/2333266303737/biologische-kipfilet-jumbo
ขนมปังกรอบ รสงา,โฮมมี,"en:Plant-based foods and beverages, ผลิตภัณฑ์จากพืชทั้งหมด, ขนม-ของว่าง, ธัญพืชและมันฝรั่ง, en:Sweet snacks, ขนมปังกรอบและเค๊ก, บิสกิต, กลุ่มผลิตภัณฑ์ขนมปัง",2090.0,0.0,20.0,1.12,6.67,0.0,0.0,16,D,50.0,C,https://world.openfoodfacts.org/product/8850987364006/%E0%B8%82%E0%B8%99%E0%B8%A1%E0%B8%9B%E0%B8%B1%E0%B8%87%E0%B8%81%E0%B8%A3%E0%B8%AD%E0%B8%9A-%E0%B8%A3%E0%B8%AA%E0%B8%87%E0%B8%B2-%E0%B9%82%E0%B8%AE%E0%B8%A1%E0%B8%A1%E0%B8%B5
Croûtons saveur fromage,Auchan,"Aliments et boissons à base de végétaux, Aliments d'origine végétale, Céréales et pommes de terre, Pains, Croûtons, Céréales et dérivés, en:Dried breads",2203.0,2.6,4.3,1.3,7.8,3.1,0.0,12,D,38.0,D,https://world.openfoodfacts.org/product/3596710511174/croutons-saveur-fromage-auchan
Parmigiano Reggiano & Poppyseed Torinesi Breadsticks,Crosta & Mollica,"Plant-based foods and beverages,Plant-based foods,Cereals and potatoes,Breads,Breadsticks",1804.0,4.3,2.6,2.3,13.0,3.3,5.0,17,E,74.0,B,https://world.openfoodfacts.org/product/5060198641183/parmigiano-reggiano-poppyseed-torinesi-breadsticks-crosta-mollica
Golden,Bimo,"Plant-based foods and beverages, Plant-based foods, Cereals and potatoes, Breads, Rusks, en:biscuits",1943.0,6.7,27.0,0.43,6.3,0.2,0.0,20,E,66.0,B,https://world.openfoodfacts.org/product/6111031005651/golden-bimo
8 Pains au chocolat pur beurre 400g,La Boulangère,"Snacks,Petit-déjeuners,Snacks sucrés,en:Sweet pastries and pies,Viennoiseries,Pains au chocolat, Aliments et boissons à base de végétaux, Aliments d'origine végétale, Céréales et pommes de terre, Pains, en:Packaged breads",1725.0,14.0,15.0,0.8,6.8,3.8,0.0,19,E,49.0,C,https://world.openfoodfacts.org/product/3284230004015/8-pains-au-chocolat-pur-beurre-400g-la-boulangere
ChocoLeche,Nocilla,"Desayunos,Untables,Untables dulces,en:Bread coverings,fr:Pâtes à tartiner,Cremas a base de avellanas,Cremas de chocolate,Cremas de cacao y avellanas",2253.0,5.7,59.0,0.14,4.2,1.8,3.7,24,E,31.0,D,https://world.openfoodfacts.org/product/8410014474773/nocilla-chocoleche
Mini Panettone Classico,"Favorina, Lidl","Snacks, Desserts, Sweet snacks, Biscuits and cakes, Cakes, Viennoiseries, Brioches, Panettone",1578.0,9.2,26.5,0.5,7.6,0.0,12.0738636363636,22,E,45.0,C,https://world.openfoodfacts.org/product/20310936/mini-panettone-classico-favorina
6 Croissants Vegan 240g,La Boulangère,"Snacks,Snacks sucrés,en:Sweet pastries and pies,Viennoiseries,Croissants,Croissants ordinaires, Aliments et boissons à base de végétaux, Aliments d'origine végétale, Céréales et pommes de terre, Céréales et dérivés, Pains, en:Packaged breads",1716.0,8.4,7.0,0.93,6.5,2.9,-1.09279378255208,16,E,82.0,A,https://world.openfoodfacts.org/product/3760049798005/6-croissants-vegan-240g-la-boulangere
Paluszki słone,Lajkonik,"plant-based-foods-and-beverages, plant-based-foods, snacks, cereals-and-potatoes, salty-snacks, appetizers, breads, da:crackers, breadsticks",1582.0,0.2,2.7,3.5,12.0,4.7,1.75,17,E,82.0,A,https://world.openfoodfacts.org/product/5900320001303/paluszki-s%C5%82one-lajkonik
Croûtons saveur ail,Auchan,"Aliments et boissons à base de végétaux, Aliments d'origine végétale, Céréales et pommes de terre, Pains, Croûtons, Céréales et dérivés, en:Dried breads",2203.0,2.6,4.3,2.4,7.8,3.1,0.0,17,E,39.0,D,https://world.openfoodfacts.org/product/3596710511150/croutons-saveur-ail-auchan
6 Pains au chocolat Vegan 270g,La Boulangère,"Snacks, Petit-déjeuners, Snacks sucrés, Viennoiseries, Pains au chocolat, Aliments et boissons à base de végétaux, Aliments d'origine végétale, Céréales et pommes de terre, Céréales et dérivés, Pains, en:Packaged breads",1825.0,11.0,15.0,0.84,6.5,3.1,0.666656494140625,20,E,50.0,C,https://world.openfoodfacts.org/product/3760049797992/6-pains-au-chocolat-vegan-270g-la-boulangere
Pain au lait pur beurre,Brioches Fonteneau,"Snacks, Snacks sucrés, Viennoiseries, Brioches, Pains au lait",1499.0,7.9,15.0,1.1,8.8,2.8,2.37750000000001,17,E,63.0,B,https://world.openfoodfacts.org/product/3279840002155/pain-au-lait-pur-beurre-brioches-fonteneau
16 Pains au chocolat pur beurre 800g,La Boulangère,"Snacks, Snacks sucrés, Viennoiseries, Pains au chocolat, Pains au chocolat au beurre, Aliments et boissons à base de végétaux, Aliments d'origine végétale, Céréales et pommes de terre, Pains, en:Packaged breads",1725.0,14.0,15.0,0.8,6.8,3.8,0.0,19,E,49.0,C,https://world.openfoodfacts.org/product/3284230004336/16-pains-au-chocolat-pur-beurre-800g-la-boulangere
Cheese flavour twists,Marks & Spencer,"Plant-based foods and beverages, Plant-based foods, Snacks, Cereals and potatoes, Salty snacks, Appetizers, Breads, Breadsticks",2010.0,17.3,2.04,1.61,11.2,5.1,0.0,19,E,64.0,B,https://world.openfoodfacts.org/product/29205561/cheese-flavour-twists-marks-spencer
Beskidzkie paluszki z solą,"Aksam,Beskidzkie","plant-based-foods-and-beverages, plant-based-foods, cereals-and-potatoes, breads, breadsticks, da:crackers",1648.0,0.6,2.2,3.8,11.0,2.1,19.525,20,E,79.0,A,https://world.openfoodfacts.org/product/5907029010773/beskidzkie-paluszki-z-sol%C4%85-aksam
Burrito kit 510g,U,"Plant-based foods and beverages, Plant-based foods, Cereals and potatoes, Sandwiches, Breads, Flatbreads, Meal kits, White breads, Wheat breads, Wheat flatbreads, fr:kit-pour-burritos, fr:tex-mex, en:burritos",978.0,0.5,7.3,5.3,5.5,3.3,17.918310546875,21,E,77.0,A,https://world.openfoodfacts.org/product/3256225045143/burrito-kit-510g-u
Croissant com crema de cacau,Hacendado,"Plant-based foods and beverages, Plant-based foods, Snacks, Cereals and potatoes, Sweet snacks, Biscuits and cakes, Sweet pastries and pies, Breads, Cakes, Viennoiseries, Croissants, pt:pão de chocolate, en:filled-croissants",2016.0,11.0,23.0,0.52,6.3,2.9,0.0,21,E,59.0,C,https://world.openfoodfacts.org/product/8402001018817/croissant-com-crema-de-cacau-hacendado
Parmesan & Garlic Twists,"Specially Selected, Aldi","plant-based-foods-and-beverages, plant-based-foods, snacks, cereals-and-potatoes, salty-snacks, appetizers, breads, da:crackers, breadsticks",2084.0,17.3,3.0,1.85,14.3,3.1,1.85000000000001,22,E,74.0,B,https://world.openfoodfacts.org/product/4088600434186/parmesan-garlic-twists-specially-selected
Il Panettone Milanese,Tre Marie,"Plant-based foods and beverages, Plant-based foods, Snacks, Cereals and potatoes, Sweet snacks, Biscuits and cakes, Breads, Cakes, Viennoiseries, Brioches, Panettone",1603.0,9.1,28.0,0.3,6.3,2.4,23.8083333333333,20,E,45.0,C,https://world.openfoodfacts.org/product/8004205030024/il-panettone-milanese-tre-marie
Galettes de maïs chocolat noir,Auchan Bio,"Aliments et boissons à base de végétaux, Aliments d'origine végétale, Céréales et pommes de terre, Céréales et dérivés, Galettes de céréales soufflées, Galettes de maïs au chocolat noir, Pains, en:Dried breads",2060.0,14.0,24.0,0.01,6.6,6.2,0.0,17,E,64.0,B,https://world.openfoodfacts.org/product/3596710519774/galettes-de-mais-chocolat-noir-auchan-bio
Gache tranchee bio* nature 400g,Bien,"Snacks, Sweet snacks, Sweet pastries and pies, Viennoiseries, Brioches, fr:Gâches, fr:Brioches tranchées, en:pure-butter-brioche, Aliments et boissons à base de végétaux, Aliments d'origine végétale, Céréales et pommes de terre, Céréales et dérivés, Pains, en:Packaged breads",1508.0,8.1,14.0,0.9,8.4,2.1,0.0,17,E,65.0,B,https://world.openfoodfacts.org/product/3700679602068/gache-tranchee-bio-nature-400g-bien
SFORNATINI,La Mole,"Aliments et boissons à base de végétaux, Aliments d'origine végétale, Snacks, Céréales et pommes de terre, Snacks salés, Pains, Gressins",1764.0,1.0,3.1,2.9,11.0,2.5,0.0,17,E,74.0,B,https://world.openfoodfacts.org/product/8008685000164/sfornatini-la-mole
Galettes de riz chocolat au lait biologiques,"Auchan, Auchan Bio","Aliments et boissons à base de végétaux, Aliments d'origine végétale, Céréales et pommes de terre, Céréales et dérivés, Galettes de céréales soufflées, Galettes de riz soufflé, Galettes de riz au chocolat au lait, Pains, en:Dried breads",2063.0,13.0,29.0,0.22,7.1,2.4,0.0,23,E,64.0,B,https://world.openfoodfacts.org/product/3596710519750/galettes-de-riz-chocolat-au-lait-biologiques-auchan
Duo pasta hazelnoot & wit,jumbo,"Breakfasts,Spreads,Sweet spreads,Bread coverings,fr:Pâtes à tartiner,Hazelnut spreads,Chocolate spreads,Cocoa and hazelnuts spreads",2365.0,5.8,57.8,0.05,2.4,1.7,20.3125,26,E,46.0,C,https://world.openfoodfacts.org/product/8718452717088/duo-pasta-hazelnoot-wit-jumbo
Galettes De Riz Chocolat Noir,"Auchan, Auchan Bio","Aliments et boissons à base de végétaux, Aliments d'origine végétale, Céréales et pommes de terre, Céréales et dérivés, Galettes de céréales soufflées, Galettes de riz soufflé, Galettes de riz au chocolat noir, Pains, en:Dried breads",2045.0,13.0,23.0,0.12,7.0,5.9,0.0,17,E,69.0,B,https://world.openfoodfacts.org/product/3596710519743/galettes-de-riz-chocolat-noir-auchan
Hazelnootpasta,Terra,"Bread coverings, en:cocoa-and-hazelnuts-spreads",2315.0,5.0,48.0,0.0,3.6,3.0,29.4375,20,E,31.0,D,https://world.openfoodfacts.org/product/8718907832441/hazelnootpasta-terra
Granulés de chocolat noir,"Betty Bossi,Coop","Snacks, Snacks sucrés, Cacao et dérivés, en:Bread coverings, Chocolats, Aides culinaires, Chocolats noirs, Décorations alimentaires, Aides à la pâtisserie, Vermicelles, Vermicelles en chocolat",1930.0,11.0,63.0,0.01,6.0,7.0,0.0,24,E,30.0,D,https://world.openfoodfacts.org/product/7613331366535/granules-de-chocolat-noir-betty-bossi
Blue Band - Spread for Bread (Medium),Blue Band,"Spreads, Salted spreads, Spreadable fats, Butter and margarine mix, en:margarines",760.0,10.0,0.19,2.4625,0.1,1.0,2.95138888888889,22,E,49.0,C,https://world.openfoodfacts.org/product/6034000482034/blue-band-spread-for-bread-medium
2 Pains au chocolat pur beurre 100g,La Boulangère,"Snacks, Snacks sucrés, Viennoiseries, Pains au chocolat, Aliments et boissons à base de végétaux, Aliments d'origine végétale, Céréales et pommes de terre, Pains, en:Packaged breads",1725.0,14.0,15.0,0.8,6.8,3.8,0.0,19,E,45.0,C,https://world.openfoodfacts.org/product/3284230004077/2-pains-au-chocolat-pur-beurre-100g-la-boulangere
Vermicelles multicolores,Auchan,"en:Bread coverings, Aides culinaires, Décorations alimentaires, Aides à la pâtisserie, Vermicelles, Vermicelles multicolores, Aides culinaires conservables, Snacks, Snacks sucrés, Confiseries, Bonbons",1769.0,2.0,94.0,0.01,0.5,0.5,1.93359375,21,E,42.0,D,https://world.openfoodfacts.org/product/3596710403523/vermicelles-multicolores-auchan
4 Baguette Brötchen,Goldblume,"Plant-based foods and beverages, Plant-based foods, Cereals and potatoes, Breads, Baguettes",1053.0,0.5,3.1,8.0,8.7,2.5,0.0,21,E,77.0,A,https://world.openfoodfacts.org/product/20158101/4-baguette-brotchen-goldblume
Croissant bio* nature x6 240g,Bien,"Snacks,Snacks sucrés,en:Sweet pastries and pies,Viennoiseries,Croissants,Croissants au beurre, Aliments et boissons à base de végétaux, Aliments d'origine végétale, Céréales et pommes de terre, Céréales et dérivés, Pains, en:Packaged breads",1636.0,12.0,8.3,0.9,7.8,2.3,0.0,18,E,82.0,A,https://world.openfoodfacts.org/product/3760049798326/croissant-bio-nature-x6-240g-bien
Slices of toasted bread,Bimbo,"Alimentos y bebidas de origen vegetal,Alimentos de origen vegetal,Botanas,Cereales y patatas,Snacks dulces,Galletas y pasteles,en:Biscuits and crackers,Cereales y derivados,Galletas,Panes,Bolleria",975.0,9.1,26.3,0.5575,5.6,1.0,0.0,19,E,54.0,C,https://world.openfoodfacts.org/product/7501000112845/slices-of-toasted-bread-bimbo
Chocolade Vlokken Puur,Jumbo,"Plant-based foods and beverages,Plant-based foods,Snacks,Sweet snacks,Cocoa and its products,Bread coverings,Chocolates,Cooking helpers,Flakes,Dark chocolates,Food decorations,Pastry helpers,Sprinkles,Chocolate sprinkles",2041.0,11.7,63.7,0.01,7.3,9.7,0.0,24,E,44.0,D,https://world.openfoodfacts.org/product/8718452611447/chocolade-vlokken-puur-jumbo
Kaasstengel,Albert Heijn,"Plant-based foods and beverages, Plant-based foods, Snacks, Cereals and potatoes, Sweet snacks, Biscuits and cakes, Biscuits and crackers, Biscuits, Bakery products, Flaky biscuits, nl:Kaassnack, en:breads",1733.0,16.0,3.5,1.28,14.0,1.9,0.0,20,E,50.0,C,https://world.openfoodfacts.org/product/5779913001606/kaasstengel-albert-heijn
Authentic Brioche Rolls,Marks & Spencer,"Sweet pastries and pies,Viennoiseries,Milk bread rolls,Plain milk bread rolls",1460.0,7.14,10.3,1.14,9.71,1.71,0.0,18,E,68.0,B,https://world.openfoodfacts.org/product/00644303/authentic-brioche-rolls-marks-spencer
Brioche de Saint Genix,Brioche Des Gourmets,"Snacks, Snacks sucrés, Viennoiseries, Brioches, en:Brioche with pralines, en:Praline bread",1560.0,5.8,31.0,0.76,7.7,0.0,7.8,20,E,45.0,C,https://world.openfoodfacts.org/product/3111111111213/brioche-de-saint-genix-brioche-des-gourmets
16 pains au chocolat,Casino,"Snacks, Snacks sucrés, Viennoiseries, Pains au chocolat, en:chocolate breads",1709.0,11.0,13.0,0.84,7.5,2.8,0.0,19,E,60.0,B,https://world.openfoodfacts.org/product/3222475401107/16-pains-au-chocolat-casino
Croûtons Goût Ail,Select Marée,"Plant-based foods and beverages,Plant-based foods,Cereals and potatoes,Breads,Croutons",2025.0,2.7,1.2,2.7,8.7,2.2,0.0,19,E,32.0,D,https://world.openfoodfacts.org/product/3272640000031/croutons-gout-ail-select-maree
Croutons sir,Delhaize,"en:Plant-based foods and beverages, en:Plant-based foods, en:Cereals and potatoes, en:Breads, en:Croutons",2365.0,18.4,4.0,1.7,7.5,2.1,0.0,24,E,43.0,D,https://world.openfoodfacts.org/product/5400111042220/croutons-sir-delhaize
Cocoreale melk,De Rit,"Bread coverings, Cooking helpers, Food decorations, Pastry helpers, Sprinkles, Chocolate sprinkles, Milk chocolate sprinkles, en:milk-chocolates",1920.0,8.5,68.199996948242,0.23000000417233,6.0999999046326,2.9,0.0,26,E,39.0,D,https://world.openfoodfacts.org/product/8711812840129/cocoreale-melk-de-rit
Napolitana com Recheio de Cacau,Continente,"Alimentos e bebidas à base de plantas, Alimentos à base de plantas, Lanches comida, Produtos para barrar, Lanches doces, Produtos para barrar à base de plantas, en:Viennoiseries, en:Vienna bread",1873.0,12.0,19.0,1.3,6.4,2.9,0.0,23,E,58.0,C,https://world.openfoodfacts.org/product/5601312061793/napolitana-com-recheio-de-cacau-continente
Posypka Alphabet&ziffern 58G Dr.oetker,Dr. Oetker,"Bread coverings, Cooking helpers, Food decorations, Pastry helpers, Sprinkles, Multi-coloured vermicelli, en:milk-chocolates",2437.0,26.0,49.0,0.2,6.1,2.5,0.0,29,E,18.0,E,https://world.openfoodfacts.org/product/4000521006709/schokolade-alphabet-ziffern-58g-dr-oetker
Anitines Pizza,Hacendado,"Snacks, Salty snacks, Appetizers, Biscuits and crackers, Crackers(Appetizers), Wheat crackers, en:breads",1939.0,6.7,2.2,3.0,15.3,2.8,1.5,22,E,67.0,B,https://world.openfoodfacts.org/product/8480000837967/anitines-pizza-hacendado
Croûtons salade goût ail et fines herbes,Toque du Chef,"Aliments et boissons à base de végétaux, Aliments d'origine végétale, Céréales et pommes de terre, Pains, Croûtons, en:Crouton-with-garlic-herbs-or-onions-prepacked",1705.0,1.5,7.2,3.4,8.2,2.5,1.03,22,E,43.0,D,https://world.openfoodfacts.org/product/4056489194576/croutons-salade-gout-ail-et-fines-herbes-toque-du-chef
Saltstenger,Rema 1000,"en:plant-based-foods-and-beverages, en:plant-based-foods, en:snacks, en:cereals-and-potatoes, en:salty-snacks, en:appetizers, en:breads, da:crackers, en:special-breads, en:pretzel",1659.0,0.4,3.0,4.4,12.0,4.2,4.0,20,E,67.0,B,https://world.openfoodfacts.org/product/7032069727416/saltstenger-rema-1000
Eierkoeken,Bakker Leo Glutenvrij,"Plant-based foods and beverages, Plant-based foods, Cereals and potatoes, Breads, en:biscuits",1341.0,2.8,28.5,1.5,8.1,0.4,3.0124387254902,21,E,45.0,C,https://world.openfoodfacts.org/product/7442946219215/eierkoeken-bakker-leo-glutenvrij
Taralli dj alberobello,Golosità dei Trulli,"plant-based-foods-and-beverages, plant-based-foods, snacks, cereals-and-potatoes, salty-snacks, appetizers, bakery-products, da:crackers, breads, taralli, it:taralli",1979.0,2.0,2.3,3.26,7.8,2.0,0.011444091796875,20,E,74.0,B,https://world.openfoodfacts.org/product/8013556001072/taralli-dj-alberobello-golosita-dei-trulli
Chocoladehagelslag 30% minder suiker,Jumbo,"Pflanzliche Lebensmittel und Getränke, Pflanzliche Lebensmittel, Frühstücke, Getreide und Kartoffeln, Getreideprodukte, Frühstückscerealien, en:Bread coverings, Schokoflocken, Kochhelfer, en:Food decorations, Backhelfer, en:Sprinkles, Schokoladenstreusel, en:milk-choclate-sprinkles",1922.0,13.0,43.0,0.17,12.0,11.0,0.0,20,E,54.0,C,https://world.openfoodfacts.org/product/8718452632602/chocoladehagelslag-30-minder-suiker-jumbo
Schiacciatina,Bottoli,"plant-based-foods-and-beverages, plant-based-foods, cereals-and-potatoes, breads, da:crackers, it:-schiacciatine",1863.0,6.9,3.7,3.2,9.4,2.7,0.0,24,E,78.0,A,https://world.openfoodfacts.org/product/8007080201701/schiacciatina-bottoli
Franska Brioche,Garant,"Växtbaserad mat och dryck, Växtbaserad mat, Snacks, Spannmål och Potatisar, Söta snacks, Bröd, en:Viennoiseries, Brioche, en:Special breads, en:Hamburger buns",1300.0,2.3,11.0,3.25,9.9,2.7,2.81085526315789,21,E,68.0,B,https://world.openfoodfacts.org/product/7340083481017/franska-brioche-garant
Mini galettes de riz chocolat au lait biologiques,"Auchan, Auchan Bio","Aliments et boissons à base de végétaux, Aliments d'origine végétale, Céréales et pommes de terre, Céréales et dérivés, Galettes de céréales soufflées, Galettes de riz soufflé, Galettes de riz au chocolat au lait, Pains, en:Dried breads",1999.0,11.0,25.0,0.09,6.6,2.7,0.0,19,E,69.0,B,https://world.openfoodfacts.org/product/3596710519781/mini-galettes-de-riz-chocolat-au-lait-biologiques-auchan
Ham & Cheese Toastie,Ham Cheese & Mustard Toastie,"Sandwiches, Sandwiches filled with cold cuts, Cheese sandwiches, Ham sandwiches, Ham and cheese sandwiches, Toastie, en:breads",1218.0,4.8,0.8,3.73,15.6,2.4,0.0,23,E,28.0,E,https://world.openfoodfacts.org/product/5059977010760/ham-cheese-toastie-ham-cheese-mustard-toastie
bread pan (g) 24g,"Oishi,Bread Pan","plant-based-foods-and-beverages, plant-based-foods, snacks, salty-snacks, appetizers, da:crackers, plain-salty-snacks",1950.0,10.0,6.67,1.58,13.3,0.0,0.79,22,E,64.0,B,https://world.openfoodfacts.org/product/4800194153225/bread-pan-g-24g-oishi
Muesli Rusks,Spar,"Plant-based foods and beverages,Plant-based foods,Snacks,Cereals and potatoes,Sweet snacks,Biscuits and cakes,Biscuits,Breads,Rusks",1823.0,9.0,18.7,1.6975,8.5,7.2,-0.408854166666669,20,E,66.0,B,https://world.openfoodfacts.org/product/6001008155901/muesli-rusks-spar
Focaccia basilicum tomaat,Ah,"Plant-based foods and beverages, Plant-based foods, Cereals and potatoes, Breads, en:focaccia",1096.0,1.3,3.1,3.125,8.3,1.8,0.0,17,E,39.0,D,https://world.openfoodfacts.org/product/8718907601962/focaccia-basilicum-tomaat-ah
Fette Biscottate Tostate,Gentilini,"Plant-based foods and beverages,Plant-based foods,Cereals and potatoes,Breads,Toasts",1777.0,3.7,6.5,3.4,12.2,3.4,0.0,22,E,72.0,B,https://world.openfoodfacts.org/product/0007465518134/fette-biscottate-tostate-gentilini
Toast'em Butter Raisin,Gardenia,"Snacks, Sweet snacks, Sweet pastries and pies, Viennoiseries, Breads with raisins, en:breads",1430.0,5.11,17.3,1.32,10.4,1.59,10.0,19,E,49.0,C,https://world.openfoodfacts.org/product/9556231110144/toast-em-butter-raisin-gardenia
Champagne Panettone,Deluxe,"Plant-based foods and beverages, Plant-based foods, Snacks, Cereals and potatoes, Sweet snacks, Confectioneries, Breads, Viennoiseries, Brioches, Candies, Panettone",1629.0,9.7,23.0,0.58,7.3,2.8,18.98,18,E,63.0,B,https://world.openfoodfacts.org/product/4056489469957/champagne-panettone-deluxe
Fette Biscottate integrali,Piaceri Mediterranei,"Plant-based foods and beverages,Plant-based foods,Cereals and potatoes,Breads,Rusks",1591.0,0.1,25.0,4.5,4.0,6.8,0.0,25,E,76.0,A,https://world.openfoodfacts.org/product/8028169207841/fette-biscottate-integrali-piaceri-mediterranei
Roombotercroissant,Jumbo,"Plant-based foods and beverages,Plant-based foods,Snacks,Cereals and potatoes,Sweet snacks,Sweet pastries and pies,Breads,Viennoiseries,Croissants,Butter croissants",1782.0,14.5,7.8,1.08,11.1,2.6,0.281640624999987,20,E,66.0,B,https://world.openfoodfacts.org/product/8718452745760/roombotercroissant-jumbo
"Bohemia, Solené tyčinky",Bohemia,"Rostlinné potraviny a nápoje,Rostlinné potraviny,Svačiny,Obiloviny a brambory,en:Salty snacks,en:Breads,en:Breadsticks,Slané snacky,Slané tyčinky",1690.0,0.667,2.0,4.0,11.0,5.67,16.3,19,E,83.0,A,https://world.openfoodfacts.org/product/8595606209558/bohemia-solene-ty%C4%8Dinky
Croutoner Med Hvidløgssmag,Rema 1000,"Plant-based foods and beverages,Plant-based foods,Cereals and potatoes,Breads,Croutons,Croutons with garlic",1801.0,1.3,5.0,3.0,13.0,3.5,2.248046875,18,E,43.0,D,https://world.openfoodfacts.org/product/5705830015891/croutoner-med-hvidl%C3%B8gssmag-rema-1000
Meergranen brood,Molen steen,Wheat bread flour,1559.0,0.9,2.3,4.25,16.0,7.0,0.0,18,E,77.0,A,https://world.openfoodfacts.org/product/8717931904889/meergranen-brood-molen-steen
10 Slice White Bread,Topvalu,"植物性食物与饮品,植物性食物,谷物和土豆,面包,toast",1090.0,1.41,46.5,1.08,8.38,2.43,0.0,20,E,80.0,A,https://world.openfoodfacts.org/product/4549414433074/10-slice-white-bread-topvalu
Marzipan bread,REMA 1000,"Dark chocolate bar,Dark chocolate bar with less than 70% cocoa",1999.0,6.6,51.0,0.01,8.1,6.5,30.0,19,E,15.0,E,https://world.openfoodfacts.org/product/5705830013767/marzipan-bread-rema-1000
熟成湯ごねを使ったしあわせのもっちり仕込みトースト,Topvalu,"Plant-based foods and beverages,Plant-based foods,Cereals and potatoes,Cereals and their products,Breads,Toasts",1080.0,1.39,46.3,1.3,8.48,2.39,0.0,21,E,80.0,A,https://world.openfoodfacts.org/product/4549414359558/8-slice-white-bread-topvalu
Sainsbury's Tomato Breadsticks with Cheeseboard Dip,Sainsbury's,"Plant-based foods and beverages,Plant-based foods,Snacks,Cereals and potatoes,Condiments,Cereals and their products,Breads,Sauces,Dips,Breadsticks",1500.0,6.54,3.46,1.73,8.85,0.192,6.39847755432129,19,E,74.0,B,https://world.openfoodfacts.org/product/5063334033293/sainsbury-s-tomato-breadsticks-with-cheeseboard-dip
Fruit Danish Pastries,Dunnes Stores,Sliced Danish style rye breads,1532.0,7.4,17.8,0.7,5.8,1.4,0.0,18,E,70.0,B,https://world.openfoodfacts.org/product/5099874067023/fruit-danish-pastries-dunnes-stores
Flocons d'avoine,Bjorg,"Plant-based foods and beverages,Plant-based foods,Breakfasts,Cereals and potatoes,Cereals and their products,Breakfast cereals,Flakes,Cereal flakes,Rolled flakes,Rolled oats",1524.0,1.3,1.7,0.02,11.0,11.0,0.0,-6,A,82.0,A,https://world.openfoodfacts.org/product/3229820019307/flocons-d-avoine-bjorg
BEANZ In a rich tomato sauce,HEINZ,"Растителни храни и напитки,Растителни храни,en:Fruits and vegetables based foods,Зеленчуци и зеленчукови продукти,en:Vegetable-based foods and beverages,Консерви,Зеленчуци,Зеленчукови храни,Консервирани растителни храни,en:Prepared vegetables,Печен боб в доматен сос,en:Canned legumes,Боб от консерва",337.0,0.1,5.0,0.6,4.7,3.7,94.8582848837209,-5,A,86.0,A,https://world.openfoodfacts.org/product/5000157024671/beanz-in-a-rich-tomato-sauce-heinz
Menguy's Peanut 100%,Menguy's,"Plant-based foods and beverages,Plant-based foods,Legumes and their products,Spreads,Nuts and their products,Plant-based spreads,Oilseed purees,Legume butters,Peanut butters",2529.0,5.8,6.2,0.05,28.0,7.0,100.0,-5,A,40.0,D,https://world.openfoodfacts.org/product/3327272107969/menguy-s-peanut-100
Delicia double concentre de tomates,Delicia,"Plant-based foods and beverages, Plant-based foods, Fruits and vegetables based foods, Vegetables based foods, Tomatoes and their products, Tomato pastes",386.0,0.0,0.0,0.0,4.13,0.0,0.0,0,A,59.0,C,https://world.openfoodfacts.org/product/6111162001201/delicia-double-concentre-de-tomates
Crunchy Peanut Butter,"Meridian, Meridian Foods","Plant-based foods and beverages, Plant-based foods, Legumes and their products, Spreads, Nuts and their products, Plant-based spreads, Oilseed purees, Legume butters, Nut butters, Peanut butters, Crunchy peanut butters",2520.0,6.3,5.3,0.02,26.0,8.1,100.0,-5,A,48.0,C,https://world.openfoodfacts.org/product/5014213711290/crunchy-peanut-butter-meridian
simply nutty muesli,dorset cereals,"Plant-based foods and beverages,Plant-based foods,Breakfasts,Cereals and potatoes,Cereals and their products,Breakfast cereals,Mueslis,Cereals with nuts,Mueslis with nuts,Nuts",1584.0,1.1,14.2,0.03,9.9,8.6,26.66015625,-2,A,62.0,B,https://world.openfoodfacts.org/product/5018357012497/simply-nutty-muesli-dorset-cereals
Bitesize shredded wheat,Nestlé,"Plant-based foods and beverages,Plant-based foods,Breakfasts,Cereals and potatoes,Cereals and their products,Breakfast cereals,Extruded cereals,Cereals",1551.0,0.5,0.7,0.05,11.8,12.5,0.0,-7,A,29.0,E,https://world.openfoodfacts.org/product/7613287194374/bitesize-shredded-wheat-nestle
Super Seedy & Nutty Granola,Bio & Me,"Plant-based foods and beverages,Plant-based foods,Breakfasts,Cereals and potatoes,Cereals and their products,Breakfast cereals,Granola",1682.0,2.2,9.6,0.03,10.9,14.4,38.1458333333333,-2,A,75.0,A,https://world.openfoodfacts.org/product/5070000126579/super-seedy-nutty-granola-bio-me
Muesli avoine chocolat bio,Bjorg,"Plant-based foods and beverages, Plant-based foods, Breakfasts, Cereals and potatoes, Cereals and their products, Breakfast cereals, Chocolate cereals, Mueslis, Mueslis with chocolate",1642.0,3.8,8.7,0.1,12.0,10.0,0.0,-2,A,84.0,A,https://world.openfoodfacts.org/product/3229820769165/muesli-avoine-chocolat-bio-bjorg
Baked Beans,BRAMWELLS,"Plant-based foods and beverages, Plant-based foods, Legumes and their products, Canned foods, Legumes, Canned plant-based foods, Meals, Prepared vegetables, Canned legumes, Baked beans in tomato sauce, Canned common beans",384.0,0.1,4.8,0.53,4.7,4.7,93.278463648834,-6,A,86.0,A,https://world.openfoodfacts.org/product/4088600072517/baked-beans-bramwells
Organic Porridge Oats,Kavanagh's,"Plant-based foods and beverages,Plant-based foods,Breakfasts,Cereals and potatoes,Cereals and their products,Breakfast cereals,Flakes,Cereal flakes,Rolled flakes,Rolled oats,Porridge",1510.0,1.0,0.25,0.05,11.2,9.75,0.0,-7,A,76.0,A,https://world.openfoodfacts.org/product/4088600056135/organic-porridge-oats-kavanagh-s
INTEGRALE PENNE RIGATE,Barilla,"Plant-based foods and beverages,Plant-based foods,Cereals and potatoes,Cereals and their products,Pastas,Cereal pastas,Dry pastas,Durum wheat pasta,Dried wholemeal pasta,Spaghetti,Whole durum wheat pasta,Durum wheat penne,Durum wheat spaghetti,Penne,Penne rigate",1466.0,0.5,3.5,0.01,13.0,8.0,0.0,-7,A,84.0,A,https://world.openfoodfacts.org/product/8076809529433/integrale-penne-rigate-barilla
Malted Wheaties,Harvest Morn,"Plant-based foods and beverages, Plant-based foods, Breakfasts, Cereals and potatoes, Cereals and their products, Breakfast cereals, extruded cereals",1538.0,0.2,10.9,0.27,11.7,13.3,0.0,-3,A,32.0,D,https://world.openfoodfacts.org/product/4088600247458/malted-wheaties-harvest-morn
Scott's Porage Oats Original 1000g,Scott,"Plant-based foods and beverages,Plant-based foods,Breakfasts,Cereals and potatoes,Cereals and their products,Breakfast cereals,Flakes,Cereal flakes,Rolled flakes,Porridge,Rolled oats,Plain porridge",1560.0,0.6,1.0,0.0,11.0,9.0,0.0,-7,A,86.0,A,https://world.openfoodfacts.org/product/5000108022176/scott-s-porage-oats-original-1000g
"Low Sugar, Naturally Gut-Loving Granola",Bio & Me,"Plant-based foods and beverages,Plant-based foods,Breakfasts,Cereals and potatoes,Cereals and their products,Breakfast cereals,Breakfast cereals fortified with vitamins and chemical elements,Breakfast cereals rich in fibre,Breakfast cereals rich in fibre fortified with vitamins and chemical elements,Granolas",1963.0,3.7,7.9,0.06,13.2,17.0,18.5,-2,A,66.0,B,https://world.openfoodfacts.org/product/5070000126548/low-sugar-naturally-gut-loving-granola-bio-me
Oatibix,Weetabix,"Plant-based foods and beverages, Plant-based foods, Snacks, Breakfasts, Cereals and potatoes, Sweet snacks, Biscuits and cakes, Biscuits",1641.0,1.3,4.8,0.23,12.0,8.8,0.0,-4,A,63.0,B,https://world.openfoodfacts.org/product/5010029207880/oatibix-weetabix
Baked Beans,Branston,"Plant-based foods and beverages, Plant-based foods, Legumes and their products, Canned foods, Legumes, Canned plant-based foods, Meals, Prepared vegetables, Canned legumes, Baked beans in tomato sauce, Canned common beans",359.0,0.1,4.7,0.6,4.6,5.9,94.7312400212879,-7,A,84.0,A,https://world.openfoodfacts.org/product/5000232902450/baked-beans-branston
Weetabix,Weetabix,"Plant-based foods and beverages, Plant-based foods, Breakfasts, Cereals and potatoes, Cereals and their products, Breakfast cereals",1531.0,0.6,4.2,0.28,12.0,10.0,0.0,-5,A,48.0,C,https://world.openfoodfacts.org/product/5010029202410/weetabix
Fiocchi di avena integrali,CROWNFIELD,"Plant-based foods and beverages, Plant-based foods, Breakfasts, Cereals and potatoes, Cereals and their products, Breakfast cereals, Flakes, Cereal flakes, Rolled flakes, Rolled oats, en:extruded-flakes",1566.0,1.3,0.7,0.03,13.5,10.0,0.0,-7,A,76.0,A,https://world.openfoodfacts.org/product/20283360/fiocchi-d-avena-integrale-interi-crownfield
Copos de trigo espelta integral 0%,Hacendado,"Plant-based foods and beverages, Plant-based foods, Breakfasts, Cereals and potatoes, Cereals and their products, Breakfast cereals, en:cereal-flakes",1529.0,0.2,1.9,0.78,14.6,8.8,0.0,-6,A,30.0,D,https://world.openfoodfacts.org/product/8480000095718/copos-de-trigo-espelta-integral-0-hacendado
Mediterranean Falafel,Gosh!,"Plant-based foods and beverages, Plant-based foods, Meals, Meat alternatives, Refrigerated foods, Plant-based meals, Refrigerated plant-based foods, Vegetarian balls, Falafels, Refrigerated falafel",1087.0,0.9,1.5,1.18,7.6,7.3,85.5138826407967,-6,A,77.0,A,https://world.openfoodfacts.org/product/5036829756328/mediterranean-falafel-gosh
Baked Beans in tomato sauce,Sainsbury’s Organic,"Plant-based foods and beverages, Plant-based foods, Prepared vegetables, Baked beans in tomato sauce",380.0,0.1,4.7,0.47,5.3,6.8,83.0,-9,A,77.0,A,https://world.openfoodfacts.org/product/01208610/baked-beans-in-tomato-sauce-sainsbury-s-organic
Low Sugar Granola Original,Crownfield,"Plant-based foods and beverages,Plant-based foods,Breakfasts,Cereals and potatoes,Cereals and their products,Breakfast cereals,Mueslis",2180.0,3.3,3.0,0.03,13.7,7.6,23.625,-3,A,62.0,B,https://world.openfoodfacts.org/product/4056489159506/low-sugar-granola-original-crownfield
Jumbo Rolled Oats,Quaker,"Plant-based foods and beverages,Plant-based foods,Breakfasts,Cereals and potatoes,Cereals and their products,Breakfast cereals,Flakes,Cereal flakes,Rolled flakes,Porridge,Rolled oats",1560.0,1.5,1.0,0.0,11.0,9.0,0.0,-6,A,86.0,A,https://world.openfoodfacts.org/product/5000108030904/jumbo-rolled-oats-quaker
Tesco No Added Sugar or Salt Swiss Style Muesli,Tesco,"Plant-based foods and beverages, Plant-based foods, Breakfasts, Cereals and potatoes, Cereals and their products, Breakfast cereals, Mueslis",1529.0,0.8,13.3,0.03,10.5,8.5,19.25,-4,A,62.0,B,https://world.openfoodfacts.org/product/5052003786561/tesco-no-added-sugar-or-salt-swiss-style-muesli
Wholegrain Bran Flakes,By sainsbury's,"Plant-based foods and beverages,Plant-based foods,Breakfasts,Cereals and potatoes,Cereals and their products,Breakfast cereals,extruded wheat flakes",1485.0,0.9,8.1,0.54,12.2,15.7,0.0,-4,A,29.0,E,https://world.openfoodfacts.org/product/00388030/wholegrain-bran-flakes-by-sainsbury-s
Chick Peas in Salted Water,KTC,"Plant-based foods and beverages, Plant-based foods, Legumes and their products, Canned foods, Legumes, Seeds, Canned plant-based foods, Legume seeds, Pulses, Chickpeas, Canned legumes, Canned chickpeas",486.0,0.3,0.2,0.27,7.3,3.5,99.7755051134946,-9,A,81.0,A,https://world.openfoodfacts.org/product/5013635312160/chick-peas-in-salted-water-ktc
Weetabix 72S 1362G,Weetabix,"Plant-based foods and beverages,Plant-based foods,Breakfasts,Cereals and potatoes,Cereals and their products,Breakfast cereals",1530.0,0.533,4.27,0.267,12.0,10.1,0.0,-5,A,49.0,C,https://world.openfoodfacts.org/product/5010029000856/weetabix-72s-1362g
5 rodzajów fasoli w sosie pomidorowym,Heinz,"Żywność i napoje na bazie roślin, Żywność na bazie roślin, Posiłki, en:Prepared vegetables, en:Baked beans in tomato sauce, en:Beans in tomato sauce",366.0,0.0,4.7,0.6,5.4,4.3,89.1477678571429,-7,A,82.0,A,https://world.openfoodfacts.org/product/5000157072023/five-beanz-heinz
Chickpeas in water,Napolina,"Plant-based foods and beverages, Plant-based foods, Legumes and their products, Canned foods, Legumes, Seeds, Canned plant-based foods, Legume seeds, Pulses, Chickpeas, Canned legumes, Canned chickpeas",530.0,0.3,0.0,0.025,7.2,7.4,80.0,-9,A,76.0,A,https://world.openfoodfacts.org/product/5000232844217/chickpeas-in-water-napolina
Soya yoghurt ongezoet vemondo,"Vemondo,Lidl","Plant-based foods and beverages,Fermented foods,Dairy substitutes,Desserts,Vegan products,Non-dairy desserts,Non-dairy fermented foods,Non-dairy yogurts,Soy milk yogurts",192.0,0.4,0.0,0.18,4.2,0.6,13.0,-1,A,80.0,A,https://world.openfoodfacts.org/product/4056489466598/soya-yoghurt-ongezoet-vemondo
Crunchy Peanut Butter,Grandessa,"Plant-based foods and beverages,Plant-based foods,Legumes and their products,Spreads,Nuts and their products,Plant-based spreads,Oilseed purees,Legume butters,Nut butters,Peanut butters,Crunchy peanut butters",2654.0,6.6,4.6,0.01,28.5,5.4,100.0,-3,A,38.0,D,https://world.openfoodfacts.org/product/4061464727830/crunchy-peanut-butter-grandessa
Tomato Passata,Cucina,"Plant-based foods and beverages,Plant-based foods,Fruits and vegetables based foods,Condiments,Vegetables based foods,Sauces,Tomatoes and their products,Tomato sauces,Strained tomatoes",114.0,0.1,3.8,0.03,1.6,1.8,99.0,-6,A,77.0,A,https://world.openfoodfacts.org/product/4088600550848/tomato-passata-cucina
Pâtes spaghetti n°5 1kg,Barilla,"Plant-based foods and beverages,Plant-based foods,Cereals and potatoes,Cereals and their products,Pastas,Cereal pastas,Dry pastas,Durum wheat pasta,Spaghetti,Dry durum wheat pasta,Durum wheat spaghetti,Food",1521.0,0.5,3.5,0.01,13.0,3.0,0.0,-3,A,75.0,A,https://world.openfoodfacts.org/product/8076800105056/spaghetti-no-5-barilla
Mixed Beans,Four Seasons,"Plant-based foods and beverages,Plant-based foods,Legumes and their products,Canned foods,Legumes,Seeds,Canned plant-based foods,Legume seeds,Pulses,Common beans,Canned legumes,Canned common beans",444.0,0.1,0.5,0.06,7.8,9.7,80.0,-11,A,84.0,A,https://world.openfoodfacts.org/product/4088600140872/mixed-beans-four-seasons
Italian Chopped Tomatoes in tomato juice,by sainsbury's,"Plant-based foods and beverages,Plant-based foods,Fruits and vegetables based foods,Canned foods,Vegetables based foods,Canned plant-based foods,Vegetables,Canned vegetables,Tomatoes and their products,Tomatoes,Canned tomatoes",101.0,0.1,3.5,0.07,1.2,0.9,91.25,-5,A,89.0,A,https://world.openfoodfacts.org/product/01268423/italian-chopped-tomatoes-in-tomato-juice-by-sainsbury-s
Crunchy Peanut Butter,Maribel,"Plant-based foods and beverages, Plant-based foods, Legumes and their products, Spreads, Nuts and their products, Plant-based spreads, Oilseed purees, Legume butters, Nut butters, Peanut butters, Crunchy peanut butters",2510.0,6.6,5.8,0.01,27.0,9.1,100.0,-5,A,41.0,D,https://world.openfoodfacts.org/product/4056489620860/crunchy-peanut-butter-maribel
Le Classique Soja et Blé,"Nestlé, Garden gourmet","Plant-based foods and beverages,Plant-based foods,Meat alternatives,Meat analogues,Vegetarian patties",798.0,0.7,3.2,1.3,21.0,6.4,19.875,-5,A,60.0,B,https://world.openfoodfacts.org/product/7613036092487/le-classique-soja-et-ble-nestle
Muesli Swiss Style,Harvest Morn,"Plant-based foods and beverages, Plant-based foods, Breakfasts, Cereals and potatoes, Cereals and their products, Breakfast cereals, Mueslis, Bircher-style mueslis, Muesli flakes not fortified with vitamins and chemical elements",1520.0,0.889,12.4,0.0222,11.3,16.0,18.0,-4,A,67.0,B,https://world.openfoodfacts.org/product/4088600169934/muesli-swiss-style-harvest-morn
Smooth Peanut Butter No Added Palm Oil,The Foodie Market,"Plant-based foods and beverages, Plant-based foods, Legumes and their products, Spreads, Nuts and their products, Plant-based spreads, Oilseed purees, Legume butters, Nut butters, Peanut butters",2650.0,6.67,0.7,0.0667,28.7,5.33,100.0,-4,A,35.0,D,https://world.openfoodfacts.org/product/4061464727755/smooth-peanut-butter-no-added-palm-oil-the-foodie-market
Weetabix Organic,Weetabix,"Plant-based foods and beverages, Plant-based foods, Breakfasts, Cereals and potatoes, Cereals and their products, Breakfast cereals",1499.0,0.6,4.4,0.3,10.0,10.0,0.0,-5,A,61.0,B,https://world.openfoodfacts.org/product/5010029204209/weetabix-organic
Flocons d'avoine,"Carrefour BIO,Carrefour","Plant-based foods and beverages,Plant-based foods,Breakfasts,Cereals and potatoes,Cereals and their products,Breakfast cereals,Flakes,Cereal flakes,Rolled flakes,Rolled oats",1566.0,1.3,0.7,0.01,14.0,10.0,0.0,-7,A,82.0,A,https://world.openfoodfacts.org/product/3560071190965/carrefour-bio-organic-oat-flakes
Super Nutty Granola,Tesco Finest,"Plant-based foods and beverages, Plant-based foods, Breakfasts, Cereals and potatoes, Cereals and their products, Breakfast cereals, Mueslis, Cereals with nuts, Mueslis with nuts",1925.0,2.3,12.1,0.2,12.6,8.6,17.7,-2,A,66.0,B,https://world.openfoodfacts.org/product/5057753031664/super-nutty-granola-tesco-finest
Red Kidney Beans in water,Sainsbury's,"Plant-based foods and beverages, Plant-based foods, Legumes and their products, Legumes, Seeds, Legume seeds, Pulses, Common beans, Red beans",440.0,0.1,0.5,0.03,8.1,7.8,66.6666666666667,-11,A,80.0,A,https://world.openfoodfacts.org/product/01162615/red-kidney-beans-in-water-sainsbury-s
Red Kidney Beans In Water,Tesco,"Plant-based foods and beverages, Plant-based foods, Legumes and their products, Legumes, Seeds, Legume seeds, Pulses, Common beans, Red beans",468.0,0.2,0.7,0.01,7.7,9.6,66.6666666666667,-11,A,88.0,A,https://world.openfoodfacts.org/product/5018374442215/red-kidney-beans-in-water-tesco
Blueberry Wheats,Kellogg's,"Plant-based foods and beverages, Plant-based foods, Breakfasts, Cereals and potatoes, Cereals and their products, Breakfast cereals, Extruded cereals, Filled cereals",1539.0,0.2,16.0,0.02,8.5,8.0,10.0,-2,A,25.0,E,https://world.openfoodfacts.org/product/5059319013473/blueberry-wheats-kellogg-s
Unsalted Roasted Nuts,KP,"Plant-based foods and beverages, Plant-based foods, Legumes and their products, Legumes, Nuts and their products, Nuts, Roasted nuts, Peanuts, Roasted peanuts",2564.0,8.1,5.2,0.03,30.0,8.7,75.0,7,A,33.0,D,https://world.openfoodfacts.org/product/5000237127308/unsalted-roasted-nuts-kp
Panzani torti 500g,Panzani,"Plant-based foods and beverages, Plant-based foods, Cereals and potatoes, Cereals and their products, Pastas, Cereal pastas, Dry pastas, Durum wheat pasta, Torti, Dry durum wheat pasta",1531.0,0.4,3.7,0.0,12.0,3.6,0.0,-2,A,75.0,A,https://world.openfoodfacts.org/product/3038350013606/torti-panzani
"Le Gourmand Soja, Poivre et Persil","Nestlé, Garden gourmet","Plant-based foods and beverages,Plant-based foods,Meat alternatives,Meat analogues,Meat analogues from soy or wheat proteins,Vegetarian patties,Patties from soy and or wheat proteins",729.0,0.4,3.0,1.1,20.0,4.3,12.9983333333333,-4,A,64.0,B,https://world.openfoodfacts.org/product/7613035982055/le-gourmand-soja-poivre-et-persil-nestle
Original Microwaveable Oats,Quaker,"Plant-based foods and beverages, Plant-based foods, Breakfasts, Cereals and potatoes, Cereals and their products, Breakfast cereals, Sweeteners, Flakes, Cereal flakes, Sugars, Porridge, Ingredient, Saturates, en:rolled-oats",1557.0,1.3,1.0,0.0,11.0,9.0,0.0,-6,A,67.0,B,https://world.openfoodfacts.org/product/5000108675495/original-microwaveable-oats-quaker
Puffed Wheat,By sainsbury's,"Plant-based foods and beverages,Plant-based foods,Breakfasts,Cereals and potatoes,Cereals and their products,Breakfast cereals,Puffed grains,Puffed cereals,Puffed wheat,plain puffed wheat",1592.0,0.6,0.6,0.001,14.5,9.2,0.0,-9,A,31.0,D,https://world.openfoodfacts.org/product/00358132/puffed-wheat-by-sainsbury-s
Muesli,Harvest Morn,"Plant-based foods and beverages, Plant-based foods, Breakfasts, Cereals and potatoes, Cereals and their products, Breakfast cereals, Mueslis, en:mueslis-with-fruits",1562.0,0.8,19.1,0.03,10.6,8.1,14.0,-2,A,62.0,B,https://world.openfoodfacts.org/product/4088600169927/muesli-harvest-morn
Whole almonds,"The Foodie Market, Aldi","Plant-based foods and beverages, Plant-based foods, Nuts and their products, Nuts, Almonds, Whole almonds",2491.0,3.84,4.4,0.01,21.2,12.5,99.82421875,-8,A,23.0,E,https://world.openfoodfacts.org/product/4088600441689/whole-almonds-the-foodie-market
Chickpeas in Water,Four Seasons,"Plant-based foods and beverages, Plant-based foods, Legumes and their products, Canned foods, Legumes, Seeds, Canned plant-based foods, Legume seeds, Pulses, Chickpeas, Canned legumes, Canned chickpeas, Chickpeas in water",620.0,0.3,0.7,0.0,8.4,7.1,80.0,-10,A,67.0,B,https://world.openfoodfacts.org/product/4061462190681/chickpeas-in-water-four-seasons
Red Kidney Beans in Water imp,Napolina,"Plant-based foods and beverages, Plant-based foods, Legumes and their products, Legumes, Seeds, Legume seeds, Pulses, Common beans, Red beans",461.0,0.0,0.0,0.05,6.9,6.2,60.0,-7,A,87.0,A,https://world.openfoodfacts.org/product/5000232844231/red-kidney-beans-in-water-imp-napolina
"Spicy tomato, lentil and red pepper soup",Sainsbury's,"Plant-based foods and beverages,Plant-based foods,Fruits and vegetables based foods,Meals,Soups,Vegetable soups",272.0,0.1,3.6,0.5,3.7,1.8,69.97119140625,-2,A,83.0,A,https://world.openfoodfacts.org/product/01498257/spicy-tomato-lentil-and-red-pepper-soup-sainsbury-s
Smoky Ham Free Slices,Quorn,"Plant-based foods and beverages,Plant-based foods,Meat alternatives,Meat analogues,Prepared meat cuts substitutes,Ham substitutes",420.0,0.6,0.3,1.7,13.5,8.5,0.0,-3,A,74.0,B,https://world.openfoodfacts.org/product/5019503034165/smoky-ham-free-slices-quorn
Black beans in water,Sainsburys,"Plant-based foods and beverages, Plant-based foods, Legumes and their products, Canned foods, Legumes, Seeds, Canned plant-based foods, Legume seeds, Pulses, Common beans, Canned legumes, Black beans, Canned black beans, Canned common beans, Black-beans-in-water",444.0,0.2,0.5,0.02,7.1,7.7,80.0,-10,A,85.0,A,https://world.openfoodfacts.org/product/00427920/black-beans-in-water-sainsburys
Crispy Minis imp,Weetabix,"Plant-based foods and beverages, Plant-based foods, Breakfasts, Cereals and potatoes, Cereals and their products, Breakfast cereals, Breakfast cereals fortified with vitamins and chemical elements, Diet breakfast cereals, Diet breakfast cereals fortified with vitamins and chemical elements, Diet breakfast cereals with fruits, Breakfast cereals diet with dried fruits fortified with vitamins and chemical elements, extruded cereals",1581.0,0.7,18.0,0.17,11.0,9.8,4.5,-2,A,25.0,E,https://world.openfoodfacts.org/product/5010029229158/crispy-minis-imp-weetabix
"sweet potato pakora with red pepper, cumin and chilli",Gosh!,"Plant-based foods and beverages, Plant-based foods, Meals, Meat alternatives, Prepared vegetables, Plant-based meals, Vegetarian balls, Falafels",826.0,0.8,6.8,0.93,6.0,6.8,62.0834682765151,-3,A,88.0,A,https://world.openfoodfacts.org/product/5036829756304/sweet-potato-pakora-with-red-pepper-cumin-and-chilli-gosh
Five Bean Salad,Napolina,"Plant-based foods and beverages, Plant-based foods, Legumes and their products, Canned foods, Legumes, Canned plant-based foods, Canned legumes, Canned common beans",523.0,0.0,2.1,0.725,7.1,6.2,94.0775375024352,-8,A,85.0,A,https://world.openfoodfacts.org/product/5000232849816/five-bean-salad-napolina
100% peanut butter crunchy,millies,"Plant-based foods and beverages, Plant-based foods, Legumes and their products, Spreads, Nuts and their products, Plant-based spreads, Oilseed purees, Legume butters, Nut butters, Peanut butters, Groceries",2507.0,6.4,5.9,0.0,27.2,9.2,100.0,-5,A,41.0,D,https://world.openfoodfacts.org/product/8710532469535/100-peanut-butter-crunchy-millies
Ananas. Stücke,"Freshona, Kirkland, Lidl Freshona, Freshona - Lidl","Plant-based foods and beverages,Plant-based foods,Fruits and vegetables based foods,Canned foods,Canned plant-based foods,Fruits based foods,Fruits,Canned fruits,Tropical fruits,Pineapple,Canned fruits in juice,Canned pineapples,Pineapple in juice",238.0,0.0,13.0,0.01,0.5,1.0,100.0,-3,A,84.0,A,https://world.openfoodfacts.org/product/4056489100553/ananas-stucke-freshona
Wholegrain Wheat Bisks,Marks & Spencer,"Plant-based foods and beverages,Plant-based foods,Breakfasts,Cereals and potatoes,Cereals and their products,Breakfast cereals",1518.0,0.5,3.0,0.23,12.7,8.0,0.0,-7,A,25.0,E,https://world.openfoodfacts.org/product/29310609/wholegrain-wheat-bisks-marks-spencer
MALTED WHEATIES,ASDA,"Plant-based foods and beverages, Plant-based foods, Breakfasts, Cereals and potatoes, Cereals and their products, Breakfast cereals, Breakfast cereals fortified with vitamins and chemical elements, Breakfast cereals rich in fibre, Breakfast cereals rich in fibre fortified with vitamins and chemical elements, Breakfast cereals rich in fibre without fruits fortified with vitamins and chemical elements, Extruded cereals",1558.0,0.3,10.0,0.43,10.0,10.0,0.0,-3,A,65.0,B,https://world.openfoodfacts.org/product/21114731/malted-wheaties-asda
High Fibre Bran,Sainsbury's,"Plant-based foods and beverages, Plant-based foods, Breakfasts, Cereals and potatoes, Cereals and their products, Breakfast cereals, Extruded cereals, Wheat bran sticks, en:cereal-brans",1460.0,0.75,13.5,0.475,13.8,22.0,0.0,-3,A,25.0,E,https://world.openfoodfacts.org/product/01834901/high-fibre-bran-sainsbury-s
Original Roast Crunchy Peanut Butter,ManiLife,"Plant-based foods and beverages, Plant-based foods, Legumes and their products, Spreads, Nuts and their products, Plant-based spreads, Oilseed purees, Legume butters, Nut butters, Peanut butters, en:crunchy-peanut-butters",2580.0,6.0,7.1,0.1,26.6,7.6,99.3,-5,A,37.0,D,https://world.openfoodfacts.org/product/5060560280804/original-roast-crunchy-peanut-butter-manilife
Bran flakes M&S,M&S,"Plant-based foods and beverages, Plant-based foods, Breakfasts, Cereals and potatoes, Cereals and their products, Breakfast cereals, Flakes, Cereal flakes, Extruded cereals, Extruded flakes, Extruded wheat flakes",1513.0,0.5,11.0,0.28,12.0,16.0,0.0,-3,A,39.0,D,https://world.openfoodfacts.org/product/29310524/bran-flakes-m-s
Wheat Bisks,Asda,"Plant-based foods and beverages, Plant-based foods, Breakfasts, Cereals and potatoes, Cereals and their products, Breakfast cereals",1499.0,0.6,4.4,0.28,12.0,10.0,0.0,-5,A,25.0,E,https://world.openfoodfacts.org/product/21115202/wheat-bisks-asda
Nuts & seeds muesli,Tesco,"Plant-based foods and beverages, Plant-based foods, Breakfasts, Cereals and potatoes, Cereals and their products, Breakfast cereals, Cereals with fruits, Mueslis, Breakfast cereals fortified with vitamins and chemical elements, Diet breakfast cereals, Mueslis with fruits, Diet breakfast cereals fortified with vitamins and chemical elements, Diet breakfast cereals with fruits, Breakfast cereals diet with dried fruits fortified with vitamins and chemical elements",1604.0,2.2,11.5,0.1,11.5,8.8,5.45052083333334,-2,A,25.0,E,https://world.openfoodfacts.org/product/5057008100947/nuts-seeds-muesli-tesco
FITNESS Cerealien,Nestlé,"Plant-based foods and beverages,Plant-based foods,Breakfasts,Cereals and potatoes,Cereals and their products,Breakfast cereals,Flakes,Cereal flakes,Extruded cereals,Extruded flakes,Mixed cereal flakes",1549.0,0.6,8.8,0.56,9.4,10.7,0.0,-2,A,52.0,C,https://world.openfoodfacts.org/product/3387390339499/fitness-original-nestle
SUPER SMOOTH PORRIDGE,TESCO,"Plant-based foods and beverages, Plant-based foods, Breakfasts, Cereals and potatoes, Cereals and their products, Breakfast cereals, Super smooth porridge, Super-smooth-porridge, en:porridge",1562.0,1.2,1.0,0.1,12.0,7.9,0.0,-6,A,35.0,D,https://world.openfoodfacts.org/product/5018374085238/super-smooth-porridge-tesco
100% peanut butter smooth,Millies,"Plant-based foods and beverages, Plant-based foods, Legumes and their products, Spreads, Nuts and their products, Plant-based spreads, Oilseed purees, Legume butters, Nut butters, Peanut butters",2500.0,6.0,6.0,0.0,27.3,9.33,100.0,-6,A,35.0,D,https://world.openfoodfacts.org/product/8710532462482/100-peanut-butter-smooth-millies
Baked Beans in Tomato Sauce,"Sainsbury's,Hubbard's Foodstore","Plant-based foods and beverages, Plant-based foods, Legumes and their products, Canned foods, Legumes, Canned plant-based foods, Prepared vegetables, Canned legumes, Baked beans in tomato sauce, Canned common beans",338.0,0.1,3.5,0.525,4.2,3.6,92.1956295525494,-5,A,85.0,A,https://world.openfoodfacts.org/product/01002553/baked-beans-in-tomato-sauce-sainsbury-s
Plant Chef Soya Alternative To Plain Yogurt,Tesco,"Plant-based foods and beverages,Fermented foods,Dairy substitutes,Desserts,Milk substitutes,Non-dairy desserts,Non-dairy fermented foods,Non-dairy yogurts,Soy milk yogurts,Plain soy yogurts",174.0,0.4,0.0,0.08,4.7,1.1,9.0,-2,A,83.0,A,https://world.openfoodfacts.org/product/5059697393471/plant-chef-soya-alternative-to-plain-yogurt-tesco
Red Kidney Beans in Water,"Freshona, Lidl","Plant-based foods and beverages, Plant-based foods, Legumes and their products, Canned foods, Legumes, Seeds, Canned plant-based foods, Legume seeds, Pulses, Common beans, Prepared vegetables, Canned legumes, Cooked vegetables, Red beans, Canned common beans, Canned red kidney beans, Cooked red kidney beans",392.0,0.1,0.4,0.03,7.2,6.9,80.0,-9,A,83.0,A,https://world.openfoodfacts.org/product/4056489459804/red-kidney-beans-in-water-freshona
Porridge Oats 1.5kg,"Sainsbury's, By sainsbury's","Plant-based foods and beverages, Plant-based foods, Breakfasts, Cereals and potatoes, Cereals and their products, Breakfast cereals, Flakes, Cereal flakes, Rolled flakes, Oat-flakes, Porridge",1530.0,1.0,1.1,0.01,10.3,8.3,0.0,-7,A,86.0,A,https://world.openfoodfacts.org/product/00553179/porridge-oats-1-5kg-sainsbury-s
Cannelloni beans,Napolina,"Plant-based foods and beverages, Plant-based foods, Legumes and their products, Canned foods, Legumes, Canned plant-based foods, Canned legumes, Canned common beans, en:pulses",456.0,0.0,0.0,0.05,7.0,8.0,0.0,-8,A,84.0,A,https://world.openfoodfacts.org/product/5000232844279/cannelloni-beans-napolina
Baked Beans,Branston,"Plant-based foods and beverages, Plant-based foods, Meals, Prepared vegetables, Baked beans in tomato sauce",356.0,0.1,4.7,0.6,4.6,5.9,89.0,-7,A,89.0,A,https://world.openfoodfacts.org/product/5000232902351/baked-beans-branston
Red Onion & Rosemary Sausages,Linda McCartney's,"Plant-based foods and beverages,Plant-based foods,Meat alternatives,Meat analogues,Vegetarian sausages",515.0,1.1,1.8,1.3,16.5,6.0,21.2094350961538,-3,A,85.0,A,https://world.openfoodfacts.org/product/5056053304720/red-onion-rosemary-sausages-linda-mccartney-s
Guacamole Extra,L'atelier Blini,"Plant-based foods and beverages,Plant-based foods,Condiments,Spreads,Plant-based spreads,Salted spreads,Sauces,Dips,Guacamoles",461.0,2.3,1.1,0.94,1.5,4.2,99.2933333333333,-2,A,55.0,C,https://world.openfoodfacts.org/product/3292070006564/guacamole-extra-l-atelier-blini
Muesli bio noix & graines,Jordans,"Plant-based foods and beverages, Plant-based foods, Breakfasts, Cereals and potatoes, Cereals and their products, Breakfast cereals, Mueslis, Cereals with nuts, Mueslis with nuts, en:mueslis-with-fruits",1788.0,2.3,6.3,0.03,13.6,8.7,18.75,-4,A,86.0,A,https://world.openfoodfacts.org/product/5010477357335/muesli-bio-noix-graines-jordans
100% Nuts Smooth Peanut Butter,Sainsburys,"Plant-based foods and beverages, Plant-based foods, Legumes and their products, Spreads, Plant-based spreads, Oilseed purees, Legume butters, Peanut butters, en:nut-butters",2613.0,5.5,5.4,0.03,27.3,6.6,100.0,-5,A,35.0,D,https://world.openfoodfacts.org/product/00461498/100-nuts-smooth-peanut-butter-sainsburys
Oatmeal,Brueggen,"Plant-based foods and beverages,Plant-based foods,Breakfasts,Cereals and potatoes,Cereals and their products,Breakfast cereals,Flakes,Cereal flakes,Rolled flakes,Rolled oats",1580.0,1.3,0.7,0.02,14.0,10.0,0.0,-7,A,66.0,B,https://world.openfoodfacts.org/product/4008713713411/oatmeal-brueggen
Mixed Bean Salad in Vinaigrette,Tesco,"Plant-based foods and beverages, Plant-based foods, Legumes and their products, Canned foods, Legumes, Canned plant-based foods, Canned legumes, Canned common beans, en:pulses",438.0,0.2,4.8,0.4,6.3,8.2,91.0072895957588,-11,A,85.0,A,https://world.openfoodfacts.org/product/5018374717221/mixed-bean-salad-in-vinaigrette-tesco
Fusilli Blé complet,Carrefour,"Plant-based foods and beverages, Plant-based foods, Cereals and potatoes, Cereals and their products, Pastas, Cereal pastas, Dry pastas, Durum wheat pasta, Dried wholemeal pasta, Fusilli, fr:Fusilli complets, es:fusilli-de-trigo-duro",1525.0,0.4,3.0,0.0,13.0,6.0,0.0,-6,A,85.0,A,https://world.openfoodfacts.org/product/3560070825493/fusilli-ble-complet-carrefour
Passata,Cirio,"Plant-based foods and beverages, Plant-based foods, Fruits and vegetables based foods, Condiments, Vegetables based foods, Prepared vegetables, Purées, Sauces, Tomatoes and their products, Mashed vegetables, Tomato sauces, Strained tomatoes, Groceries",147.0,0.0,4.4,0.35,1.2,1.1,99.65,-4,A,88.0,A,https://world.openfoodfacts.org/product/8000320990113/passata-cirio
Burgers natures,Heura,"Plant-based foods and beverages,Plant-based foods,Meats and their products,Meats,Meat alternatives,Steaks,Meat analogues,Vegetarian patties,Meat analogues from pea proteins",863.0,3.0,0.7,0.98,19.0,3.1,6.7375,-2,A,62.0,B,https://world.openfoodfacts.org/product/8437017032687/burgers-natures-heura
Peanut butter,"Lidl,Vita d'Or","Plant-based foods and beverages,Plant-based foods,Legumes and their products,Spreads,Nuts and their products,Plant-based spreads,Oilseed purees,Legume butters,Nut butters,Peanut butters",2646.0,7.0,5.0,0.0,27.0,7.0,100.0,-4,A,40.0,D,https://world.openfoodfacts.org/product/4056489340607/peanut-butter-lidl
Vanille Joghurt,Alpro,"Plant-based foods and beverages,Dairies,Fermented foods,Fermented milk products,Dairy substitutes,Desserts,Vegan products,Dairy desserts,Non-dairy desserts,Non-dairy fermented foods,Fermented dairy desserts,Non-dairy yogurts,Soy milk yogurts,Yogurts,Fermentierte Lebensmittel,Fermentierte Lebensmittel ohne Milch,Fermentierte Milch,Milchfreie Nachtische,Milchnachspeisen,Milchprodukte,Pflanzenbasierte Joghurts,Pflanzliche Lebensmittel und Getränke,Sojajoghurt",323.0,0.5,6.5,0.24,5.1,1.1,13.91,-1,A,79.0,A,https://world.openfoodfacts.org/product/5411188128601/skyr-alternative-vanille-alpro
Mixed Beans,Lidl,"Plant-based foods and beverages, Plant-based foods, Legumes and their products, Legumes, Seeds, Legume seeds, Pulses, Common beans, en:canned-common-beans",433.0,0.1,0.5,0.03,7.3,6.9,81.8181818181818,-13,A,72.0,B,https://world.openfoodfacts.org/product/20942021/mixed-beans-lidl
Luscious Berry & Cherry Muesli,Dorset cereals,"Plant-based foods and beverages, Plant-based foods, Breakfasts, Cereals and potatoes, Cereals and their products, Breakfast cereals, Cereals with fruits, Mueslis, Mueslis with fruits",1519.0,0.8,17.5,0.075,9.6,9.2,60.4322916666667,-3,A,62.0,B,https://world.openfoodfacts.org/product/5018357012572/luscious-berry-cherry-muesli-dorset-cereals
Chopped tomatoes in tomato juice,Everyday Essentials,"Plant-based foods and beverages, Plant-based foods, Canned foods, Fruits and vegetables based foods, Canned plant-based foods, Vegetables based foods, Canned vegetables, Tomatoes and their products, Tomatoes, Canned tomatoes",93.0,0.1,3.8,0.01,1.1,0.8,90.0,-4,A,86.0,A,https://world.openfoodfacts.org/product/4088600550862/chopped-tomatoes-in-tomato-juice-everyday-essentials
Pâtes coquillettes 1kg,Barilla,"Plant-based foods and beverages, Plant-based foods, Cereals and potatoes, Cereals and their products, Pastas, Cereal pastas, Dry pastas, Durum wheat pasta, fr:Coquillettes, fr:Coquillettes de blé dur, Dry durum wheat pasta",1521.0,0.5,3.5,0.01,13.0,3.0,0.0,-3,A,73.0,B,https://world.openfoodfacts.org/product/8076809514439/pates-coquillettes-1kg-barilla
Organic chickpeas in water,Tesco,"Plant-based foods and beverages, Plant-based foods, Legumes and their products, Canned foods, Legumes, Seeds, Canned plant-based foods, Legume seeds, Pulses, Chickpeas, Canned legumes, Canned chickpeas",483.0,0.3,0.4,0.1,6.7,6.9,100.0,-12,A,83.0,A,https://world.openfoodfacts.org/product/5057753910822/organic-chickpeas-in-water-tesco
Italian chopped tomatoes in tomato juice,Morrisons,"Plant-based foods and beverages,Plant-based foods,Fruits and vegetables based foods,Canned foods,Vegetables based foods,Canned plant-based foods,Vegetables,Canned vegetables,Tomatoes and their products,Tomatoes,Canned tomatoes",87.0,0.1,2.7,0.09,0.9,0.9,90.0,-6,A,77.0,A,https://world.openfoodfacts.org/product/5010251535478/italian-chopped-tomatoes-in-tomato-juice-morrisons
Crunchy Peanut Butter,The Foodie Market,"Plant-based foods and beverages, Plant-based foods, Legumes and their products, Spreads, Nuts and their products, Plant-based spreads, Oilseed purees, Legume butters, Nut butters, Peanut butters, Crunchy peanut butters",2629.0,6.6,4.6,0.0,28.5,5.4,100.0,-3,A,35.0,D,https://world.openfoodfacts.org/product/4088600490465/crunchy-peanut-butter-the-foodie-market
Whole Chestnuts,Merchant Gourmet,"Plant-based foods and beverages, Plant-based foods, Nuts and their products, Nuts, Whole chestnuts, en:chestnuts",719.0,0.2,9.5,0.02,3.8,5.3,100.0,-7,A,39.0,D,https://world.openfoodfacts.org/product/5056215600233/whole-chestnuts-merchant-gourmet
Tagliatelles aux œufs frais,Lustucru,"Plant-based foods and beverages, Plant-based foods, Cereals and potatoes, Cereals and their products, Pastas, Noodles, Egg pastas, Fresh egg pasta, Egg noodles, Egg tagliatelle, Tagliatelle, en:fresh-pasta",1189.0,0.6,3.4,0.05,10.0,2.3,0.0,-3,A,79.0,A,https://world.openfoodfacts.org/product/3240931546353/tagliatelles-aux-oeufs-frais-lustucru
Vegetarian 1/4lb Burgers,Linda McCartney,"Plant-based foods and beverages, Plant-based foods, Meat alternatives, Vegetarian patties, Vegan patties, en:meat-analogues",1053.0,1.1,0.6,1.3,21.0,7.3,22.6150568181818,-3,A,74.0,B,https://world.openfoodfacts.org/product/5014008002497/vegetarian-1-4lb-burgers-linda-mccartney
Apple & Cinnamon Gut-Loving Porridge,Bio & Me,"Plant-based foods and beverages, Plant-based foods, Breakfasts, Cereals and potatoes, Cereals and their products, Breakfast cereals, Porridge",1774.0,2.3,7.3,0.05,11.0,10.0,19.9166666666667,-2,A,25.0,E,https://world.openfoodfacts.org/product/5060853640056/apple-cinnamon-gut-loving-porridge-bio-me
Pois chiches Sultanines 265g,"Compagnie Générale De Conserve, Sultanines","Plant-based foods and beverages, Plant-based foods, Fruits and vegetables based foods, Legumes and their products, Canned foods, Legumes, Seeds, Vegetables based foods, Canned plant-based foods, Legume seeds, Canned vegetables, Pulses, Canned legumes, en:canned-chickpeas",529.0,0.3,0.8,0.7,6.8,6.3,85.4852562267392,-8,A,66.0,B,https://world.openfoodfacts.org/product/3017800078860/pois-chiches-sultanines-265g-compagnie-generale-de-conserve
Morrocan Falaffels,Cauldron,"Plant-based foods and beverages, Plant-based foods, Meals, Meat alternatives, Plant-based meals, Vegetarian balls, Falafels",1003.0,0.8,6.5,0.8,6.0,6.0,48.8,-2,A,80.0,A,https://world.openfoodfacts.org/product/5013683306715/morrocan-falaffels-cauldron
Épinards Branches à la Crème,Findus,"Plant-based foods and beverages, Plant-based foods, Frozen foods, Prepared vegetables, Prepared spinachs, Spinach with cream sauce, en:frozen-vegetables",286.0,2.0,1.9,0.6,3.5,1.6,69.0,-1,A,68.0,B,https://world.openfoodfacts.org/product/3599741006329/epinards-en-branches-a-la-creme-findus
Low Sugar Maple & Pecan Granola imp,Lizi's,"Plant-based foods and beverages, Plant-based foods, Breakfasts, Cereals and potatoes, Cereals and their products, Breakfast cereals, Mueslis",2000.0,3.1,2.4,0.3,12.1,9.2,25.75,-3,A,72.0,B,https://world.openfoodfacts.org/product/5060043224585/low-sugar-maple-pecan-granola-imp-lizi-s
Coquillettes,"Ebro Foods, Panzani","Plant-based foods and beverages, Plant-based foods, Cereals and potatoes, Cereals and their products, Pastas, Cereal pastas, Dry pastas, Durum wheat pasta, fr:Coquillettes, fr:Coquillettes de blé dur, Dry durum wheat pasta",1531.0,0.4,3.7,0.0,12.0,3.6,0.0,-2,A,73.0,B,https://world.openfoodfacts.org/product/3038350023001/coquillettes-ebro-foods
Soja texturizada fina,Hacendado,"Plant-based foods and beverages, Plant-based foods, Legumes and their products, Legumes, Seeds, Legume seeds, Meat alternatives, Meat analogues, Soy beans, Textured vegetable protein, Textured soy protein",1375.0,0.2,10.0,0.01,51.0,15.0,0.0,-8,A,83.0,A,https://world.openfoodfacts.org/product/8480000073297/soja-texturizada-fina-hacendado
4 Seed Mix,"The Foodie Market, Aldi","Plant-based foods and beverages, Plant-based foods, Seeds, Sunflower seeds and their products, Sunflower seeds",2387.0,6.0,1.4,0.03,22.9,8.7,35.0,5,A,52.0,C,https://world.openfoodfacts.org/product/4088600268781/4-seed-mix-the-foodie-market
Couscous moyen,Tipiak,"Plant-based foods and beverages, Plant-based foods, Cereals and potatoes, Cereals and their products, Cereal semolinas, Wheat semolinas, Durum wheat semolinas, Durum wheat semolinas for couscous, en:couscous",1529.0,0.3,3.4,0.0,13.0,3.7,0.0,-4,A,89.0,A,https://world.openfoodfacts.org/product/3165440002919/couscous-moyen-tipiak
Flocons d'avoine complets,Terres & Céréales Bio,"Plant-based foods and beverages,Plant-based foods,Breakfasts,Cereals and potatoes,Cereals and their products,Breakfast cereals,Flakes,Cereal flakes,Rolled flakes,Rolled oats",1564.0,1.3,1.0,0.01,12.0,10.0,0.0,-6,A,86.0,A,https://world.openfoodfacts.org/product/3421557910210/flocons-d-avoine-complets-terres-cereales-bio
Apple & Cinnamon Granola,Bio & Me,"Plant-based foods and beverages, Plant-based foods, Breakfasts, Cereals and potatoes, Cereals and their products, Breakfast cereals, Mueslis, en:cereals-with-fruits",1670.0,2.0,9.5,0.0333,10.8,14.7,34.2651515151515,-4,A,62.0,B,https://world.openfoodfacts.org/product/5070000126562/apple-cinnamon-granola-bio-me
Baked Bean In Tomato Sauce,Heinz,"Plant-based foods and beverages, Plant-based foods, Canned foods, Fruits and vegetables based foods, Canned plant-based foods, Vegetables based foods, Canned vegetables, Prepared vegetables, Baked beans in tomato sauce",302.0,0.1,4.7,0.6,4.1,3.2,93.0326257861635,-6,A,77.0,A,https://world.openfoodfacts.org/product/5000157004017/baked-bean-in-tomato-sauce-heinz
Butter Beans in Water,Napolina,"Plant-based foods and beverages, Plant-based foods, Fruits and vegetables based foods, Legumes and their products, Legumes, Seeds, Vegetables based foods, Legume seeds, Vegetables, Pulses, Butter beans, en:canned-legumes",461.0,0.0,0.0,0.05,7.2,6.8,81.8181818181818,-12,A,81.0,A,https://world.openfoodfacts.org/product/5000232844255/butter-beans-in-water-napolina
Wholegrain Malties,Sainsbury's,"Plant-based foods and beverages, Plant-based foods, Breakfasts, Cereals and potatoes, Cereals and their products, Breakfast cereals, en:extruded-cereals",1525.0,0.4,10.6,0.42,11.3,10.9,0.0,-2,A,25.0,E,https://world.openfoodfacts.org/product/01002942/wholegrain-malties-sainsbury-s
Amandes grillées,Daco Bello,"Plant-based foods and beverages, Plant-based foods, Nuts and their products, Nuts, Almonds, Shelled nuts, Almonds-shelled, Almonds-roasted, en:roasted-almonds",2602.0,4.0,4.4,0.03,27.0,13.0,100.0,-8,A,31.0,D,https://world.openfoodfacts.org/product/3270720018082/amandes-grillees-daco-bello
Danone ALPRO® Joghurt Soja Natur ungesüßt,alpro,"Plant-based foods and beverages, Dairy substitutes, Desserts, Einfacher Soja-Joghurt, Fermentierte Lebensmittel, Fermentierte Lebensmittel ohne Milch, Milchfreie Nachtische, Pflanzenbasierte Joghurts, Pflanzliche Lebensmittel und Getränke, Sojajoghurt, en:yogurts",177.0,0.4,0.0,0.24,4.0,0.9,10.7,-1,A,71.0,B,https://world.openfoodfacts.org/product/5411188138099/soja-joghurtalternative-ohne-zucker-alpro
Coeurs de palmiers,Géant Vert,"Plant-based foods and beverages,Plant-based foods,Fruits and vegetables based foods,Canned foods,Vegetables based foods,Canned plant-based foods,Canned vegetables,Fresh foods,Fresh plant-based foods,Hearts of palm,Canned-hearts-of-palm,Canned-palm-heart",113.0,0.0,1.1,0.83,2.4,2.4,84.8953986935628,-3,A,74.0,B,https://world.openfoodfacts.org/product/3254474018635/coeurs-de-palmiers-geant-vert
Wheat Biscuits,Morrisons,"Plant-based foods and beverages, Plant-based foods, Breakfasts, Cereals and potatoes, Cereals and their products, Breakfast cereals",1514.0,0.6,4.4,0.28,12.0,10.0,0.0,-5,A,29.0,E,https://world.openfoodfacts.org/product/5010251523192/wheat-biscuits-morrisons
Muesli,"Stockwell & Co, Tesco","Plant-based foods and beverages, Plant-based foods, Breakfasts, Cereals and potatoes, Cereals and their products, Breakfast cereals, Cereals with fruits, Mueslis, Mueslis with fruits",1474.0,0.9,4.2,0.1,10.2,8.8,4.5,-6,A,67.0,B,https://world.openfoodfacts.org/product/5057753253240/muesli-stockwell-co
Tartines craquantes au blé complet 250g,U,"Plant-based foods and beverages,Plant-based foods,Snacks,Cereals and potatoes,Extruded crispbreads",1556.0,0.5,2.8,1.0,11.0,8.5,0.0,-3,A,78.0,A,https://world.openfoodfacts.org/product/3256229386570/tartines-craquantes-au-ble-complet-250g-u
High Protein Choco Crunch,Marks & Spencer,"Plant-based foods and beverages, Plant-based foods, Breakfasts, Cereals and potatoes, Cereals and their products, Breakfast cereals, Chocolate cereals, Crunchy cereal clusters, Cereal clusters with chocolate",1753.0,2.7,4.5,0.43,23.7,18.8,0.375,-4,A,62.0,B,https://world.openfoodfacts.org/product/29308217/high-protein-choco-crunch-marks-spencer
Aubergines cuisinées à la Provençal,Cassegrain,"Plant-based foods and beverages, Plant-based foods, Fruits and vegetables based foods, Canned foods, Vegetables based foods, Meals, Vegetables, Prepared vegetables, Aubergines, Canned meals, fr:aubergines-preparees, fr:Confits d'aubergines, en:prepared-eggplants, en:Vegetables - Prepared/Processed (Shelf Stable)",344.0,0.6,5.6,0.76,1.2,2.2,97.05,-2,A,80.0,A,https://world.openfoodfacts.org/product/3083681017779/premium-auberginen-cassegrain
Peeled Plum Tomatoes,Napolina,"Plant-based foods and beverages, Plant-based foods, Canned foods, Fruits and vegetables based foods, Canned plant-based foods, Vegetables based foods, Canned vegetables, Tomatoes and their products, Tomatoes, Canned tomatoes, Peeled tomatoes",95.0,0.0,3.4,0.13,1.3,0.9,83.3333333333333,-6,A,85.0,A,https://world.openfoodfacts.org/product/5010061001019/peeled-plum-tomatoes-napolina
Lenteja Pardina,Hacendado,"Plant-based foods and beverages,Plant-based foods,Legumes and their products,Legumes,Seeds,Legume seeds,Pulses,Lentils,Brown lentils",1355.0,0.2,1.3,0.05,24.5,9.6,100.0,-15,A,81.0,A,https://world.openfoodfacts.org/product/8480000053305/lenteja-pardina-hacendado
Peanut Butter Crunchy,"Go On,Sante","Plant-based foods and beverages, Plant-based foods, Legumes and their products, Spreads, Plant-based spreads, Oilseed purees, Legume butters, Peanut butters, Crunchy peanut butters",2523.0,6.4,6.7,0.04,27.0,7.6,100.0,-5,A,48.0,C,https://world.openfoodfacts.org/product/5900617038265/peanut-butter-crunchy-go-on
Heinz Beans - Snap pots,Heinz,"Plant-based foods and beverages, Plant-based foods, Meals, Prepared vegetables, Baked beans in tomato sauce",334.0,0.1,4.6,0.6,4.7,3.7,85.55,-6,A,82.0,A,https://world.openfoodfacts.org/product/5000157066312/heinz-beans-snap-pots
Oat flakes rolled,Crownfield,"Plant-based foods and beverages, Plant-based foods, Breakfasts, Cereals and potatoes, Cereals and their products, Breakfast cereals, Flakes, Cereal flakes, Rolled flakes, Rolled oats",1524.0,1.0,0.7,0.0,12.0,8.5,0.0,-7,A,76.0,A,https://world.openfoodfacts.org/product/4056489413455/oat-flakes-rolled-crownfield
Passata Rustica - Basil And Oregano,Aldi,"Plant-based foods and beverages, Plant-based foods, Fruits and vegetables based foods, Vegetables based foods, Vegetables, Tomatoes and their products, Tomatoes, Strained tomatoes, en:canned-tomatoes",142.0,0.0,4.6,0.51,1.5,0.8,99.345,-2,A,77.0,A,https://world.openfoodfacts.org/product/4088600551739/passata-rustica-basil-and-oregano-aldi
Chickpeas in water,"Essential Waitrose,Waitrose","Plant-based foods and beverages, Plant-based foods, Legumes and their products, Canned foods, Legumes, Seeds, Canned plant-based foods, Legume seeds, Pulses, Chickpeas, Canned legumes, Canned chickpeas",497.0,0.3,0.6,0.04,6.6,6.0,80.0,-8,A,77.0,A,https://world.openfoodfacts.org/product/5000169647561/chickpeas-in-water-essential-waitrose
Apple & Berry No Added Sugar Granola,Jordans,"Plant-based foods and beverages, Plant-based foods, Breakfasts, Cereals and potatoes, Cereals and their products, Breakfast cereals, Cereals with fruits, en:mueslis",1784.0,3.5,9.8,0.02,18.0,9.8,44.6897321428571,-5,A,62.0,B,https://world.openfoodfacts.org/product/5010477364678/apple-berry-no-added-sugar-granola-jordans
Reduced fat homous,Meadow Fresh,"Plant-based foods and beverages, Plant-based foods, Condiments, Spreads, Plant-based spreads, Salted spreads, Sauces, Dips, Hummus",991.0,1.9,0.7,0.46,8.2,5.6,44.79,-4,A,77.0,A,https://world.openfoodfacts.org/product/20843434/reduced-fat-homous-meadow-fresh
Blueberries,Tesco,"Plant-based foods and beverages, Plant-based foods, Fruits and vegetables based foods, Fruits based foods, Fruits, Berries, Blueberries",188.0,0.1,9.1,0.01,0.9,1.5,0.0,1,A,64.0,B,https://world.openfoodfacts.org/product/03257012/blueberries-tesco
Cannellini Beans in Water,Four Seasons,"Plant-based foods and beverages, Plant-based foods, Legumes and their products, Legumes, Seeds, Legume seeds, Pulses, Common beans, White beans, Cannellini beans in water, en:canned-common-beans",393.0,0.1,1.0,0.1,6.6,8.8,75.0,-10,A,72.0,B,https://world.openfoodfacts.org/product/4088600140889/cannellini-beans-in-water-four-seasons
Nutty Granola,By sainsbury's,"Plant-based foods and beverages, Plant-based foods, Cereals and potatoes, Cereals and their products, Nutty-granola, en:mueslis",1908.0,4.7,3.0,0.03,12.4,8.4,25.0,-3,A,52.0,C,https://world.openfoodfacts.org/product/00405249/nutty-granola-by-sainsbury-s
Cannellini Beans in Water,Freshona,"Plant-based foods and beverages,Plant-based foods,Legumes and their products,Canned foods,Legumes,Seeds,Canned plant-based foods,Legume seeds,Pulses,Common beans,Canned legumes,White beans,Canned common beans,Beans,Cannellini Beans",263.0,0.0,0.3,0.03,4.3,4.4,100.0,-10,A,86.0,A,https://world.openfoodfacts.org/product/4056489458647/cannellini-beans-in-water-freshona
Peeled Plum Tomatoes,Cucina,"Plant-based foods and beverages, Plant-based foods, Fruits and vegetables based foods, Vegetables based foods, Tomatoes and their products, Tinned tomatoes, Tinned-tomatoes, en:canned-tomatoes",93.0,0.0,3.8,0.01,1.1,0.8,91.25,-4,A,77.0,A,https://world.openfoodfacts.org/product/4088600475844/peeled-plum-tomatoes-cucina
Haché Végétal et Gourmand,HappyVore,"Plant-based foods and beverages,Plant-based foods,Meats and their products,Meat alternatives,Meat analogues,Meat analogues from soy or wheat proteins,fr:Haché végétal",928.0,1.8,0.0,0.59,14.0,5.3,7.0,-5,A,54.0,C,https://world.openfoodfacts.org/product/3760324300053/hache-vegetal-et-gourmand-happyvore
Apricot Wheats,Kellogg's,"Plant-based foods and beverages, Plant-based foods, Breakfasts, Cereals and potatoes, Cereals and their products, Breakfast cereals, Extruded cereals, Filled cereals",1577.0,0.2,16.0,0.02,8.8,7.9,10.0,-2,A,25.0,E,https://world.openfoodfacts.org/product/5059319013442/apricot-wheats-kellogg-s
Houmous,Morrisons,"Plant-based foods and beverages, Plant-based foods, Condiments, Spreads, Plant-based spreads, Salted spreads, Sauces, Dips, Hummus, Classic hummus, Groceries",1185.0,2.7,0.8,0.51,7.8,5.5,70.5,-3,A,80.0,A,https://world.openfoodfacts.org/product/09014947/houmous-morrisons
Roasted Pistachios,"The Foodie Market, Aldi, Aldi The Foodie Market","Plant-based foods and beverages, Plant-based foods, Snacks, Salty snacks, Nuts and their products, Nuts, Pistachios, Unsalted pistachios, en:roasted-pistachios",2534.0,6.1,5.6,0.03,24.8,9.5,100.0,-5,A,22.0,E,https://world.openfoodfacts.org/product/4061464422834/roasted-pistachios-the-foodie-market
Crunchy 100% Peanut Butter,Grandessa,"Plant-based foods and beverages, Plant-based foods, Legumes and their products, Spreads, Plant-based spreads, Oilseed purees, Legume butters, Peanut butters, Crunchy peanut butters, en:nut-butters",2629.0,6.6,4.6,0.0,28.5,5.4,100.0,-3,A,35.0,D,https://world.openfoodfacts.org/product/4061461867041/crunchy-100-peanut-butter-grandessa
Torti 1 kg,Panzani,"Plant-based foods and beverages,Plant-based foods,Cereals and potatoes,Cereals and their products,Pastas,Cereal pastas,Dry pastas,Durum wheat pasta,Fusilli,Dry durum wheat pasta,Torti",1531.0,0.4,3.7,0.0,12.0,3.6,0.0,-2,A,72.0,B,https://world.openfoodfacts.org/product/3038350023605/torti-1-kg-panzani
Fitness Original,Nestlé,"Plant-based foods and beverages, Plant-based foods, Cereals and potatoes, Cereals and their products, en:breakfast-cereals",1549.0,0.6,8.8,0.56,9.4,10.7,0.0,-2,A,38.0,D,https://world.openfoodfacts.org/product/3387390331974/fitness-original-nestle
Vegan Chicken Free Slices,Quorn,"Plant-based foods and beverages,Plant-based foods,Legumes and their products,Meats and their products,Prepared meats,Meat alternatives,Meat analogues,Prepared meat cuts substitutes,Textured vegetable protein,Cut",393.0,0.6,0.5,1.3,11.0,6.2,0.0,-2,A,84.0,A,https://world.openfoodfacts.org/product/5019503034189/vegan-chicken-free-slices-quorn
Alvalle Gazpacho vert 1 L,Alvalle,"Plant-based foods and beverages,Plant-based foods,Fruits and vegetables based foods,Meals,Soups,Vegetable soups,Cold soups,Gazpacho",145.0,0.3,2.3,0.4,1.1,0.8,56.91875,0,A,82.0,A,https://world.openfoodfacts.org/product/5410188026320/gazpacho-alvalle
Sweet Pineapple Slices In Juice,Four Seasons,"Plant-based foods and beverages,Plant-based foods,Fruits and vegetables based foods,Canned foods,Canned plant-based foods,Fruits based foods,Fruits,Canned fruits,Tropical fruits,Pineapple,Canned fruits in juice,Pineapple in juice,Tinned fruit",216.0,0.5,12.0,0.01,0.5,0.5,100.0,-2,A,72.0,B,https://world.openfoodfacts.org/product/4088600173108/sweet-pineapple-slices-in-juice-four-seasons
Boulettes tomate et herbes de Provence végétales et gourmandes 180g,Happyvore,"Plant-based foods and beverages,Plant-based foods,Meat alternatives,Meat analogues,Vegetarian balls,Meat analogues from pea proteins",925.0,1.6,2.4,0.78,15.0,4.3,11.8,-4,A,60.0,B,https://world.openfoodfacts.org/product/3760324300121/boulettes-tomate-et-herbes-de-provence-vegetales-et-gourmandes-180g-happyvore
Galette de mais,"U, U Bio","Plant-based foods and beverages, Plant-based foods, Cereals and potatoes, Cereals and their products, Crêpes and galettes, Puffed cereal cakes, Galettes, Puffed corn cakes, Petit-déjeuners",1602.0,0.5,1.2,0.25,8.9,6.6,0.0,-4,A,64.0,B,https://world.openfoodfacts.org/product/3256226080853/galette-de-mais-u
Milled flax seeds,Tesco,"Plant-based foods and beverages, Plant-based foods, Cereals and potatoes, Seeds, Cereals and their products, Cereal grains, Flax seeds, Flaxseed, en:brown-flax-seeds",2119.0,4.0,1.6,0.09,21.0,31.0,0.0,-5,A,34.0,D,https://world.openfoodfacts.org/product/5057967014163/milled-flax-seeds-tesco
Mix cereales 0% azúcares añadidos,Esgir,"Plant-based foods and beverages,Plant-based foods,Breakfasts,Cereals and potatoes,Cereals and their products,Breakfast cereals",1582.0,0.63,1.79,0.336,11.02,7.13,0.0,-5,A,25.0,E,https://world.openfoodfacts.org/product/8414472103909/mix-cereales-0-azucares-anadidos-esgir
Tomato Purre,baresa,"Plant-based foods and beverages, Plant-based foods, Fruits and vegetables based foods, Condiments, Vegetables based foods, Sauces, Tomatoes and their products, Tomato sauces, Tomato purées, Groceries, en:tomato-pastes",371.0,0.0,13.2,0.5,4.7,3.6,99.0,-3,A,59.0,C,https://world.openfoodfacts.org/product/20285685/tomato-purre-baresa
Red kidney beans in water,Lidl,"Plant-based foods and beverages, Plant-based foods, Legumes and their products, Canned foods, Legumes, Seeds, Canned plant-based foods, Legume seeds, Pulses, Common beans, Canned legumes, Red beans, Canned common beans, Canned red kidney beans",331.0,0.1,0.5,0.02,7.5,6.0,80.0,-10,A,75.0,A,https://world.openfoodfacts.org/product/4056489467588/red-kidney-beans-in-water-lidl
Like Chicken,Like Meat,"Plant-based foods and beverages,Plant-based foods,Meat alternatives,Meat analogues,Meat analogues from soy or wheat proteins",435.0,0.2,0.0,1.8,18.0,5.9,0.0,-3,A,66.0,B,https://world.openfoodfacts.org/product/4260380665015/like-chicken-like-meat
Tire-bouchons semi-complets,"Jardin bio,Léa Nature","Plant-based foods and beverages, Plant-based foods, Cereals and potatoes, Cereals and their products, Pastas, Cereal pastas, Dry pastas, Durum wheat pasta, Whole or semi-whole durum wheat pasta, Fusilli, Dry durum wheat pasta, es:Pastas de trigo duro semi-integrales, es:pastas-de-trigo-duro-integrales-o-semi-integrales",1515.0,0.3,3.6,0.02,12.3,4.9,0.0,-4,A,87.0,A,https://world.openfoodfacts.org/product/3760020509316/tire-bouchons-semi-complets-jardin-bio
Bran Flakes,Asda,"Plant-based foods and beverages,Plant-based foods,Breakfasts,Cereals and potatoes,Cereals and their products,Breakfast cereals,Extruded wheat flakes",1513.0,0.5,11.0,0.28,12.0,16.0,0.0,-3,A,38.0,D,https://world.openfoodfacts.org/product/5054781745228/bran-flakes-asda
Red Kidney Beans in water,,"Plant-based foods and beverages, Plant-based foods, Legumes and their products, Canned foods, Legumes, Canned plant-based foods, Canned legumes, Canned common beans, en:red-beans",494.0,0.2,0.8,0.0,8.6,6.8,76.9230769230769,-10,A,86.0,A,https://world.openfoodfacts.org/product/4061462196799/red-kidney-beans-in-water
Reduced Sugar & Salt Baked Beans,Sainsbury's,"Plant-based foods and beverages, Plant-based foods, Legumes and their products, Canned foods, Legumes, Canned plant-based foods, Prepared vegetables, Canned legumes, Baked beans in tomato sauce, Canned common beans",324.0,0.1,2.4,0.3,4.8,5.9,93.3514246947083,-10,A,84.0,A,https://world.openfoodfacts.org/product/00340960/reduced-sugar-salt-baked-beans-sainsbury-s
Velouté lentilles corail,Picard,"Plant-based foods and beverages,Plant-based foods,Fruits and vegetables based foods,Frozen foods,Meals,Soups,Combination Meals,Cream soups,Vegetable soups,Cream of vegetable soups,Frozen ready-made meals,Frozen soups,Frozen vegetable soups",349.0,2.1,0.8,0.5,4.9,5.7,37.1,-2,A,83.0,A,https://world.openfoodfacts.org/product/3270160687114/veloute-lentilles-corail-picard
Pâtes coquillettes 500g,Barilla,"Plant-based foods and beverages, Plant-based foods, Cereals and potatoes, Cereals and their products, Pastas, Cereal pastas, Dry pastas, Durum wheat pasta, fr:Coquillettes, fr:Coquillettes de blé dur, Dry durum wheat pasta",1521.0,0.5,3.5,0.01,13.0,3.0,0.0,-3,A,63.0,B,https://world.openfoodfacts.org/product/8076808140325/pates-coquillettes-500g-barilla
Original Oat-So-Easy,Lidl,"Plant-based foods and beverages, Plant-based foods, Breakfasts, Cereals and potatoes, Cereals and their products, Breakfast cereals, Porridge, en:cereal-flakes",1590.0,1.11,0.741,0.037,11.1,8.15,0.0,-6,A,30.0,D,https://world.openfoodfacts.org/product/20162511/original-oat-so-easy-lidl
Everyday essentials baked beans in tomato sauce,Everyday essentials,"Plant-based foods and beverages, Plant-based foods, Prepared vegetables, Baked beans in tomato sauce, en:canned-common-beans",342.0,0.1,4.6,0.56,3.7,3.0,88.8011840157869,-5,A,84.0,A,https://world.openfoodfacts.org/product/4088600072494/everyday-essentials-baked-beans-in-tomato-sauce
Lebanese Style Falafel,Al'Fez,"Plant-based foods and beverages, Plant-based foods, Meals, Dried products, Meat alternatives, Dried products to be rehydrated, Plant-based meals, Vegetarian balls, Falafel mixes, Falafels",1433.0,0.6,5.5,3.8,18.0,11.0,6.89773995535714,16,A,74.0,B,https://world.openfoodfacts.org/product/5010338300999/lebanese-style-falafel-al-fez
Pumpkin Seeds,"Alesto ( Lidl ), Lidl","Plant-based foods and beverages,Plant-based foods,Nuts and their products,Nuts,Pumpkin seeds",2550.0,6.0,1.4,0.93,38.5,9.7,0.0,9,A,24.0,E,https://world.openfoodfacts.org/product/20948399/pumpkin-seeds-alesto-lidl
M&S Muesli Totally Nuts,Marks & Spencer,"Plant-based foods and beverages, Plant-based foods, Breakfasts, Cereals and potatoes, Cereals and their products, Breakfast cereals, Mueslis, Cereals with nuts, Mueslis with nuts, en:mueslis-with-fruits",1730.0,2.0,3.5,0.03,13.8,13.3,15.0,-5,A,67.0,B,https://world.openfoodfacts.org/product/29306497/m-s-muesli-totally-nuts-marks-spencer
Skyr Végétal Framboise Cassis,Sojasun,"Plant-based foods and beverages, Dairy substitutes, Desserts, Non-dairy desserts, Soy desserts, Soy dessert with fruits, en:soy-milk-yogurts",217.0,0.4,7.7,0.11,5.9,0.7,7.32500000000001,0,A,89.0,A,https://world.openfoodfacts.org/product/3273221113201/skyr-vegetal-framboise-cassis-sojasun
PENNE RIGATE Blé complet,Carrefour,"Plant-based foods and beverages, Plant-based foods, Cereals and potatoes, Cereals and their products, Pastas, Dry pastas, Dried wholemeal pasta, Penne, en:durum-wheat-pasta",1525.0,0.4,3.0,0.0,13.0,6.0,0.0,-6,A,76.0,A,https://world.openfoodfacts.org/product/3560070825486/pates-penne-ble-complet-carrefour
Pulpe de tomates en dés,"Marque Repère, Notre jardin","Plant-based foods and beverages,Plant-based foods,Fruits and vegetables based foods,Canned foods,Vegetables based foods,Canned plant-based foods,Vegetables,Canned vegetables,Tomatoes and their products,Tomatoes,Canned tomatoes,Tomato pulps",82.0,0.0,3.0,0.05,1.3,1.1,30.0,-1,A,84.0,A,https://world.openfoodfacts.org/product/3564700028063/pulpe-de-tomates-en-des-marque-repere
Beanz,Heinz,"Plant-based foods and beverages,Plant-based foods,Prepared vegetables,Baked beans in tomato sauce",278.0,0.1,1.8,0.4,4.5,3.5,85.0826923076923,-8,A,84.0,A,https://world.openfoodfacts.org/product/5000157078810/beanz-heinz
Fitness,Nestlé,"Plant-based foods and beverages,Plant-based foods,Breakfasts,Cereals and potatoes,Cereals and their products,Breakfast cereals,mixed cereal flakes",1541.0,0.6,8.3,0.56,9.8,8.5,0.0,-3,A,25.0,E,https://world.openfoodfacts.org/product/8445291284876/fitness-nestle
Avocados,Lidl,"Plant-based foods and beverages, Plant-based foods, Fruits and vegetables based foods, Fruits based foods, Fruits, Tropical fruits, Avocados",795.0,4.1,0.5,0.05,1.9,3.4,100.0,-2,A,67.0,B,https://world.openfoodfacts.org/product/20229030/avocados-lidl
Flocons 5 céréales,Terres et Céréales Bio,"Plant-based foods and beverages,Plant-based foods,Breakfasts,Cereals and potatoes,Cereals and their products,Breakfast cereals,Flakes,Cereal flakes,Rolled flakes,Blend of rolled cereal flakes",1468.0,0.6,1.3,0.01,11.0,11.0,0.0,-7,A,50.0,C,https://world.openfoodfacts.org/product/3421557910173/flocons-5-cereales-terres-et-cereales-bio
Weet-Bix,Sanitarium,"Plant-based foods and beverages, Plant-based foods, Breakfasts, Cereals and potatoes, Cereals and their products, Breakfast cereals",1480.0,0.303,3.03,0.685,12.4,13.0,0.0,-5,A,55.0,C,https://world.openfoodfacts.org/product/9300652010794/weet-bix-sanitarium
Fruit Wheats,Harvest Morn,"Plant-based foods and beverages,Plant-based foods,Breakfasts,Cereals and potatoes,Cereals and their products,Breakfast cereals,filled cereals",1424.0,0.3,14.3,0.02,9.2,9.1,30.0,-2,A,30.0,D,https://world.openfoodfacts.org/product/4088600262406/fruit-wheats-harvest-morn
Plant Greek Style Kebab,Vivera,"Meat alternatives,Meat analogues,Meat analogues from pea proteins,Meat analogues from soy or wheat proteins,Plant-based foods,Plant-based foods and beverages",647.0,1.1,0.5,1.1,15.0,4.8,25.2197265625,-3,A,50.0,C,https://world.openfoodfacts.org/product/8718300876981/plant-greek-style-kebab-vivera
EDEKA Alpro Danone ALPRO® Joghurt Soja Hafer 400g 1.99€ 1kg 4.98€,alpro,"Plant-based foods and beverages, Fermented foods, Dairy substitutes, Desserts, Vegan products, Non-dairy desserts, Non-dairy fermented foods, Non-dairy yogurts, Soy milk yogurts, Plain soy yogurts, en:yogurts",233.0,0.4,1.9,0.21,3.8,2.1,11.2,-2,A,77.0,A,https://world.openfoodfacts.org/product/5411188138112/natural-con-avena-alpro
Chopped Tomatoes in Tomato Juice,Everyday Essentials,"Plant-based foods and beverages, Plant-based foods, Canned foods, Fruits and vegetables based foods, Canned plant-based foods, Vegetables based foods, Canned vegetables, Tomatoes and their products, Tomatoes, Canned tomatoes",90.0,0.0,3.3,0.05,1.4,1.0,86.6666666666667,-6,A,78.0,A,https://world.openfoodfacts.org/product/4088600478371/chopped-tomatoes-in-tomato-juice-everyday-essentials
Mezcla de semillas,Hacendado,"Plant-based foods and beverages, Plant-based foods, Seeds, en:sunflower-seeds",2525.0,6.3,2.5,0.03,22.0,13.0,5.0,6,A,43.0,D,https://world.openfoodfacts.org/product/8402001002021/mezcla-de-semillas-hacendado
Muesli 5 céréales nature,"Carrefour BIO,Carrefour","Plant-based foods and beverages,Plant-based foods,Breakfasts,Cereals and potatoes,Cereals and their products,Breakfast cereals,Flakes,Mueslis,Bircher-style mueslis,Cereal flakes,Rolled flakes,Blend of rolled cereal flakes",1466.0,0.6,1.0,0.01,9.7,12.0,0.0,-7,A,87.0,A,https://world.openfoodfacts.org/product/3560070519309/carrefour-bio-muesli-5-grain-natural
Blueberries,Saintsbury's,"Plant-based foods and beverages,Plant-based foods,Fruits and vegetables based foods,Fruits based foods,Fruits,Berries,Blueberries",182.0,0.2,8.7,0.01,0.9,1.5,0.0,1,A,69.0,B,https://world.openfoodfacts.org/product/00358415/blueberries-saintsbury-s
Italian Chopped Tomatoes 4 Pack,Sainsbury’s,"Plant-based foods and beverages, Plant-based foods, Fruits and vegetables based foods, Vegetables based foods, Vegetables, Tomatoes and their products, Tomatoes, Timned tomatoes, en:canned-tomatoes",102.0,0.05,3.5,0.07,1.2,0.85,91.25,-4,A,80.0,A,https://world.openfoodfacts.org/product/01268478/italian-chopped-tomatoes-4-pack-sainsbury-s
Brinta,"Brínta, Heinz","Plant-based foods and beverages,Plant-based foods,Breakfasts,Cereals and potatoes,Cereals and their products,Breakfast cereals,Flakes,Cereal flakes,Rolled flakes,Rolled oats,Rolled wheat flakes",1457.0,0.3,5.6,0.01,15.0,11.0,0.0,-8,A,62.0,B,https://world.openfoodfacts.org/product/8715700124872/brinta
Puffed oats,"Rude health, Rude Health","Plant-based foods and beverages, Plant-based foods, Breakfasts, Cereals and potatoes, Cereals and their products, Breakfast cereals, Puffed grains, Puffed cereals, Rude-health-puffed-oats",1580.0,1.76,0.588,0.0,12.4,5.88,0.0,-5,A,30.0,D,https://world.openfoodfacts.org/product/5060120282040/puffed-oats-rude-health
Confitura de melocotones 0% azúcares añadidos,Hero,"Plant-based foods and beverages,Plant-based foods,Breakfasts,Spreads,Plant-based spreads,Sweet spreads,Fruit and vegetable preserves,Jams,Peach jams",190.0,0.0,4.6,0.0,0.5,1.5,56.25,-1,A,70.0,B,https://world.openfoodfacts.org/product/8410175068484/confitura-de-melocotones-0-azucares-anadidos-hero
Flocons d'avoine - Source de fibres,QUAKER,"Plant-based foods and beverages,Plant-based foods,Breakfasts,Cereals and potatoes,Cereals and their products,Breakfast cereals,Flakes,Cereal flakes,Rolled flakes,Rolled oats",1570.0,1.5,1.1,0.01,11.0,9.0,0.0,-6,A,62.0,B,https://world.openfoodfacts.org/product/8710100426588/havermoult-quaker
Poêlée du marché 750G,Bonduelle,"Plant-based foods and beverages, Plant-based foods, Fruits and vegetables based foods, Vegetable-based foods and beverages, Frozen foods, Meals, Vegetables based foods, Vegetables, Frozen plant-based foods, Frozen vegetables, Frozen plant-based foods mixes, Mixed vegetables, Pan-fried dishes, Frozen mixed vegetables, Vegetables - Prepared/Processed (Frozen), en:frozen-ready-made-meals",225.0,0.3,2.7,0.53,2.7,3.3,70.6180555555556,-4,A,73.0,B,https://world.openfoodfacts.org/product/3083681117158/poelee-du-marche-bonduelle
Crunchy muesly chocolate,Holie's,"Plant-based foods and beverages,Plant-based foods,Breakfasts,Cereals and potatoes,Cereals and their products,Breakfast cereals,Chocolate cereals,Mueslis,Crunchy mueslis,Mueslis with chocolate",1730.0,3.9,2.0,0.01,11.0,21.6,0.0,-3,A,64.0,B,https://world.openfoodfacts.org/product/8720256082361/crunchy-muesly-chocolate-holie-s
Macaroni,Panzani,"Plant-based foods and beverages, Plant-based foods, Cereals and potatoes, Cereals and their products, Pastas, Cereal pastas, Dry pastas, Durum wheat pasta, Durum wheat macaroni, Dry durum wheat pasta",1531.0,0.4,3.7,0.0,12.0,3.6,0.0,-2,A,73.0,B,https://world.openfoodfacts.org/product/3038350013101/macaroni-panzani
Spicy veg bean burgers,Good life,"Plant-based foods and beverages,Plant-based foods,Vegan products,Meat alternatives,Meat analogues,Vegetarian patties,Vegan patties",772.0,0.529,1.76,0.661,5.11,7.84,63.36575,-6,A,74.0,B,https://world.openfoodfacts.org/product/5012869541803/spicy-veg-bean-burgers-good-life
All Bran Flakes,Morrisons,"Plant-based foods and beverages,Plant-based foods,Breakfasts,Cereals and potatoes,Cereals and their products,Breakfast cereals,Extruded wheat flakes",1513.0,0.5,11.0,0.28,12.0,16.0,0.0,-3,A,29.0,E,https://world.openfoodfacts.org/product/5010251720072/all-bran-flakes-morrisons
Ratatouille,La Doria,"Plant-based foods and beverages,Plant-based foods,Meals,Prepared vegetables,Ratatouille,Cooked-ratatouille,Canned soups",175.0,0.1,3.9,0.49,0.9,2.7,84.0,-5,A,81.0,A,https://world.openfoodfacts.org/product/5010793375754/ratatouille-la-doria
"Linwoods cold milled Flaxseed, Bio Cultures & Vitamin D",Linwoods,"Plant-based foods and beverages, Plant-based foods, Cereals and potatoes, Seeds, Cereals and their products, Cereal grains, Flax seeds",2190.0,4.7,1.4,0.17,24.0,21.0,0.0,-4,A,39.0,D,https://world.openfoodfacts.org/product/5016887004906/linwoods-cold-milled-flaxseed-bio-cultures-vitamin-d
"Les Veggies : 2 galettes soja, tomate, basilic","Lidl,Toque du Chef","Plant-based foods and beverages, Plant-based foods, Legumes and their products, Meat alternatives, Vegetarian patties, Soy steak, en:meat-analogues",781.0,1.1,3.3,0.96,13.9,7.1,36.97,-4,A,74.0,B,https://world.openfoodfacts.org/product/4056489277637/les-veggies-2-galettes-soja-tomate-basilic-lidl
Krounchy proteines chocolat noir,grillon d'or,"Plant-based foods and beverages, Plant-based foods, Breakfasts, Cereals and potatoes, Cereals and their products, Breakfast cereals, en:mueslis",1746.0,2.2,14.0,0.02,14.0,9.5,21.3,-2,A,79.0,A,https://world.openfoodfacts.org/product/3421557921339/krounchy-proteines-chocolat-noir-grillon-d-or
Céréales Muesli floconneux chocolat noir et graines de courge 375g,"U, U Bio","Plant-based foods and beverages, Plant-based foods, Breakfasts, Cereals and potatoes, Cereals and their products, Breakfast cereals, Chocolate cereals, en:mueslis-with-chocolate",1628.0,4.2,3.9,0.03,14.0,12.0,6.0,-3,A,86.0,A,https://world.openfoodfacts.org/product/3256228686602/cereales-muesli-floconneux-chocolat-noir-et-graines-de-courge-375g-u
Pistaches grillees,Vico,"Plant-based foods and beverages,Plant-based foods,Frozen foods,Nuts and their products,Nuts,Pistachios,Roasted pistachios,Unshelled pistachios,Unsalted pistachios",2607.0,6.1,6.0,0.0,20.0,6.3,100.0,-3,A,27.0,E,https://world.openfoodfacts.org/product/3336972211098/pistaches-grillees-vico
Malted Wheats,Marks & Spencer,"Plant-based foods and beverages, Plant-based foods, Cereals and potatoes, Cereals and their products, en:breakfast-cereals",1530.0,0.3,10.0,0.28,11.0,11.0,0.0,-4,A,39.0,D,https://world.openfoodfacts.org/product/29310616/malted-wheats-marks-spencer
Quinoa & Boulgour Duo céréale et graines,"Marque Repère, Comptoir du Grain","Plant-based foods and beverages, Plant-based foods, Cereals and potatoes, Seeds, Cereals and their products, Cereal grains, Groats, Wheat groats, Bulgur, Quinoa, fr:cereales-preparees",1497.0,0.5,0.9,0.01,14.0,9.6,0.0,-8,A,32.0,D,https://world.openfoodfacts.org/product/3564700586600/quinoa-boulgour-duo-cereale-et-graines-marque-repere
Confitura de fresa 0% azúcares añadidos,Hacendado,"Plant-based foods and beverages,Plant-based foods,Fruits and vegetables based foods,Breakfasts,Spreads,Fruits based foods,Plant-based spreads,Sweet spreads,Fruit and vegetable preserves,Jams,Berry jams,Low sugar fruit jam,Strawberry jams",170.0,0.0,4.7,0.0,0.6,1.6,56.93359375,-1,A,64.0,B,https://world.openfoodfacts.org/product/8480000150936/confitura-de-fresa-0-azucares-anadidos-hacendado
Muesli fruits secs amandes & noisettes,"U,U Bio","Plant-based foods and beverages,Plant-based foods,Breakfasts,Cereals and potatoes,Cereals and their products,Breakfast cereals,Cereals with fruits,Mueslis,Mueslis with fruits",1487.0,0.7,15.0,0.03,11.0,11.0,25.0,-3,A,86.0,A,https://world.openfoodfacts.org/product/3256228686589/muesli-fruits-secs-amandes-noisettes-u
Organic Smooth Peanut Butter,"Aldi,The Foodie Market","Plant-based foods and beverages,Plant-based foods,Legumes and their products,Spreads,Nuts and their products,Plant-based spreads,Oilseed purees,Legume butters,Nut butters,Peanut butters,Pure peanut butters",2634.0,1.3,0.8,0.02,29.6,6.2,99.9,-9,A,47.0,C,https://world.openfoodfacts.org/product/4088600498980/organic-smooth-peanut-butter-aldi
Hrášek v mírně slaném nálevu,Bonduelle,"Plant-based foods and beverages, Plant-based foods, Fruits and vegetables based foods, Legumes and their products, Canned foods, Legumes, Vegetables based foods, Canned plant-based foods, Vegetables, Canned vegetables, Green peas, en:canned-peas",308.0,0.1,2.6,0.73,5.5,7.8,84.6164940721724,-11,A,86.0,A,https://world.openfoodfacts.org/product/3083680047364/hra%C5%A1ek-v-mirn%C4%9B-slanem-nalevu-bonduelle
Roasted Mediterranean Vegetable Mix,Picard,"Plant-based foods and beverages, Plant-based foods, Fruits and vegetables based foods, Vegetables based foods, Frozen foods, Vegetables, Frozen plant-based foods, Frozen vegetables, Frozen plant-based foods mixes, Mixed vegetables, Frozen mixed vegetables, en:frozen-ready-made-meals",131.0,0.1,4.6,0.02,1.2,2.3,100.0,-6,A,71.0,B,https://world.openfoodfacts.org/product/3270160755806/roasted-mediterranean-vegetable-mix-picard
Spaghetti semi-complets,"Carrefour BIO, Groupe Carrefour, Carrefour","Plant-based foods and beverages, Plant-based foods, Cereals and potatoes, Cereals and their products, Pastas, Cereal pastas, Dry pastas, Durum wheat pasta, Spaghetti, Durum wheat spaghetti, es:Pastas de trigo duro semi-integrales, Dry durum wheat pasta",1460.0,0.1,3.3,0.03,13.0,5.2,5.0,-5,A,84.0,A,https://world.openfoodfacts.org/product/3270190156222/spaghetti-semi-complets-carrefour-bio
Amandes,Carrefour,"Plant-based foods and beverages,Plant-based foods,Nuts and their products,Nuts,Cooking helpers,Shelled nuts,Almonds,Pastry helpers,Shelled almonds",2554.0,4.0,3.7,0.03,26.0,12.0,100.0,-8,A,30.0,D,https://world.openfoodfacts.org/product/3560070769131/amandes-carrefour
Beanz Barbecue imp,Heinz,"Plant-based foods and beverages, Plant-based foods, Legumes and their products, Canned foods, Legumes, Canned plant-based foods, Meals, Prepared vegetables, Canned legumes, Baked beans in tomato sauce, Canned common beans",345.0,0.1,5.7,0.5,4.9,3.9,91.4826388888889,-6,A,85.0,A,https://world.openfoodfacts.org/product/5000157072931/beanz-barbecue-imp-heinz
Salt Free Naturally Sweet Corn,Green Giant,"Plant-based foods and beverages, Plant-based foods, Canned foods, Cereals and potatoes, Fruits and vegetables based foods, Canned plant-based foods, Cereals and their products, Vegetables based foods, Canned vegetables, Canned cereals, Canned corn, Canned sweet corn",322.0,0.2,6.2,0.0,2.4,3.0,100.0,-7,A,85.0,A,https://world.openfoodfacts.org/product/5010046001102/salt-free-naturally-sweet-corn-green-giant
Italian Peeled Plum Tomatoes,Tesco,"Plant-based foods and beverages, Plant-based foods, Fruits and vegetables based foods, Canned foods, Vegetables based foods, Canned plant-based foods, Vegetables, Canned vegetables, Tomatoes and their products, Tomatoes, Canned tomatoes, Peeled plum tomatoes",104.0,0.05,4.0,0.05,1.3,0.9,88.3333333333333,-5,A,89.0,A,https://world.openfoodfacts.org/product/5031021164018/italian-peeled-plum-tomatoes-tesco
Mermelada de ciruela 0% azúcares añadidos,Hacendado,"Alimentos y bebidas de origen vegetal, Alimentos de origen vegetal, Desayunos, Frutas y verduras y sus productos, Untables, Frutas y sus productos, Untables vegetales, Untables dulces, Preparaciones a base de frutas y verduras, Confitura, Mermeladas y confituras de ciruela",158.0,0.0,4.4,0.0,0.5,2.0,57.1428571428571,-2,A,70.0,B,https://world.openfoodfacts.org/product/8480000150714/mermelada-de-ciruela-0-azucares-anadidos-hacendado
Italian Chopped Tomatoes,Tesco,"Plant-based foods and beverages, Plant-based foods, Canned foods, Fruits and vegetables based foods, Canned plant-based foods, Vegetables based foods, Canned vegetables, Tomatoes and their products, Tomatoes, Canned tomatoes",105.0,0.1,4.0,0.0875,1.4,0.9,91.25,-5,A,88.0,A,https://world.openfoodfacts.org/product/5000436426356/italian-chopped-tomatoes-tesco
Muesli,"Asda, Asda Just Essentials, Just Essentials","Plant-based foods and beverages, Plant-based foods, Breakfasts, Cereals and potatoes, Cereals and their products, Breakfast cereals, Cereals with fruits, Mueslis, Mueslis with fruits",1507.0,0.8,5.3,0.02,12.0,9.0,10.0,-6,A,72.0,B,https://world.openfoodfacts.org/product/5051413365236/muesli-asda
Straight Cut Chips,Four Seasons,"Plant-based foods and beverages,Plant-based foods,Cereals and potatoes,Frozen foods,Frozen plant-based foods,Frozen potatoes,Chips and fries",691.0,0.6,0.5,0.09,3.2,3.7,0.0,-2,A,79.0,A,https://world.openfoodfacts.org/product/4088600101163/straight-cut-chips-four-seasons
Peanut butter,Nature's Promise,"Plant-based foods and beverages, Plant-based foods, Legumes and their products, Spreads, Nuts and their products, Plant-based spreads, Oilseed purees, Legume butters, Nut butters, Peanut butters",2619.0,6.5,5.5,0.01,27.0,5.7,100.0,-3,A,35.0,D,https://world.openfoodfacts.org/product/8590421061831/peanut-butter-nature-s-promise
granola brownie & cherry,GO ON,"Plant-based foods and beverages, Plant-based foods, Breakfasts, Cereals and potatoes, Cereals and their products, Breakfast cereals",1657.0,2.4,2.1,0.0,21.0,18.0,0.045955882352942,-8,A,25.0,E,https://world.openfoodfacts.org/product/5900617043481/granola-brownie-cherry-go-on
Ratatouille à la niçoise d'aucy 750g,D'aucy,"Plant-based foods and beverages, Plant-based foods, Fruits and vegetables based foods, Canned foods, Vegetables based foods, Canned plant-based foods, Meals, Canned vegetables, Prepared vegetables, Ratatouille, en:canned-meals",185.0,0.1,3.1,0.61,1.2,2.3,94.885,-4,A,82.0,A,https://world.openfoodfacts.org/product/3017800230510/ratatouille-a-la-nicoise-d-aucy-750g
"VEGEtal GALETTES TOMATE, SOJA, BASILIC","Carrefour,Carrefour Veggie","Plant-based foods and beverages,Plant-based foods,Patties from soy and or wheat proteins",672.0,0.8,3.5,0.93,14.0,6.0,36.97,-3,A,63.0,B,https://world.openfoodfacts.org/product/3560071006495/vegetal-galettes-tomate-soja-basilic-carrefour
Organic Crunchy Peanut Butter,Meridian,"Plant-based foods and beverages, Plant-based foods, Legumes and their products, Fats, Spreads, Nuts and their products, Plant-based spreads, Oilseed purees, Legume butters, Nut butters, Peanut butters, Crunchy peanut butters",2514.0,6.3,5.3,0.02,26.0,8.1,0.0,7,A,42.0,D,https://world.openfoodfacts.org/product/5060132280867/organic-crunchy-peanut-butter-meridian
Сусамов тахан,"Kania, Maribel, γλυκάνθη","Растителни храни и напитки, Растителни храни, en:Breakfasts, en:Cereals and potatoes, Крем за мазане, Зърнени продукти, Ядкови продукти, en:Plant-based spreads, en:Sweet spreads, en:Oilseed purees, en:Cereal butters, en:Nut butters, Тахан",2743.0,9.8,1.3,0.0,26.0,10.3,0.0,10,A,36.0,D,https://world.openfoodfacts.org/product/20110970/tahini-kania
Sea Salt & Cider Vinegar - Activated Chips,Boundless Activated Snacking,"Plant-based foods and beverages,Plant-based foods,Snacks,Cereals and potatoes,Seeds,Cereals and their products,Cereal grains,Sorghum,Crisps",1810.0,1.4,1.4,0.8,10.3,10.9,0.0,-2,A,77.0,A,https://world.openfoodfacts.org/product/5060544130125/sea-salt-cider-vinegar-activated-chips-boundless-activated-snacking
Pâtes farfalle generose collezione 500g,Barilla,"Plant-based foods and beverages, Plant-based foods, Cereals and potatoes, Cereals and their products, Frozen foods, Pastas, Cereal pastas, Dry pastas, Durum wheat pasta, Farfalle, es:Farfalle de trigo duro, Dry durum wheat pasta",1521.0,0.5,3.5,0.01,13.0,3.0,0.0,-3,A,74.0,B,https://world.openfoodfacts.org/product/8076809583367/pates-farfalle-generose-collezione-500g-barilla
Haferflocken,"Alnatura,Alnatura GmbH","Plant-based foods and beverages,Plant-based foods,Breakfasts,Cereals and potatoes,Cereals and their products,Breakfast cereals,Flakes,Cereal flakes,Extruded flakes,Rolled flakes,Rolled oats,de:Flocken/Flockenmisch",1563.0,1.3,1.1,0.03,13.0,10.0,0.0,-7,A,82.0,A,https://world.openfoodfacts.org/product/4104420115767/haferflocken-alnatura
Carrot & Coriander,Tesco,"Plant-based foods and beverages, Plant-based foods, Fruits and vegetables based foods, Meals, Soups, Vegetable soups, Carrot soups",136.0,0.1,2.9,0.43,0.6,2.2,70.0,-2,A,84.0,A,https://world.openfoodfacts.org/product/5050179965940/carrot-coriander-tesco
Chickpeas in water,ASDA,"Plant-based foods and beverages, Plant-based foods, Legumes and their products, Canned foods, Legumes, Seeds, Canned plant-based foods, Legume seeds, Pulses, Chickpeas, Canned legumes, Canned chickpeas",494.0,0.2,0.6,0.0,6.7,5.7,80.0,-8,A,74.0,B,https://world.openfoodfacts.org/product/5054070637128/chickpeas-in-water-asda
Chia Shaker,The Chia Company,"Plant-based foods and beverages, Plant-based foods, Seeds, en:chia",1870.0,4.0,1.0,0.01,20.0,38.0,0.0,-6,A,15.0,E,https://world.openfoodfacts.org/product/9340224001102/chia-shaker-the-chia-company
Haricots verts extra-fins 1/2,Bonduelle,"Plant-based foods and beverages, Plant-based foods, Fruits and vegetables based foods, Legumes and their products, Legumes, Vegetables based foods, Vegetables, Green beans, en:canned-green-beans, en:Vegetables - Prepared/Processed (Shelf Stable)",84.0,0.1,0.5,0.58,1.6,3.5,92.9829160160924,-6,A,81.0,A,https://world.openfoodfacts.org/product/3083681127737/haricots-verts-extra-fins-1-2-bonduelle
Low Sugar Berry Granola,By sainsbury's,"Plant-based foods and beverages, Plant-based foods, Breakfasts, Cereals and potatoes, Cereals and their products, Breakfast cereals, en:mueslis",1838.0,4.3,2.9,0.03,12.3,8.3,1.8359375,-3,A,52.0,C,https://world.openfoodfacts.org/product/00405256/low-sugar-berry-granola-by-sainsbury-s
Roasted Pistachios,Aldi,"Plant-based foods and beverages, Plant-based foods, Nuts and their products, Nuts, Pistachios, Roasted pistachios",2517.0,6.6,5.9,0.03,25.3,9.4,100.0,-5,A,22.0,E,https://world.openfoodfacts.org/product/4088600438085/roasted-pistachios-aldi
Crunchy Muesli Chocolat Noisettes,Carrefour,"Aliments et boissons à base de végétaux, Aliments d'origine végétale, Petit-déjeuners, Céréales et pommes de terre, Céréales et dérivés, Céréales pour petit-déjeuner, Céréales au chocolat, Mueslis, Mueslis au chocolat",1862.0,3.9,2.8,0.09,11.0,13.0,4.0,-3,A,66.0,B,https://world.openfoodfacts.org/product/3560070581849/crunchy-muesli-chocolat-noisettes-carrefour
Copos de avena sin gluten,Esgir,"Plant-based foods and beverages,Plant-based foods,Breakfasts,Cereals and potatoes,Cereals and their products,Breakfast cereals,Flakes,Cereal flakes,Rolled flakes,Rolled oats",1532.0,1.1,1.1,0.001,12.9,8.2,0.0,-7,A,62.0,B,https://world.openfoodfacts.org/product/8414472102322/whole-grain-oats-gluten-free-esgir
Tomato and three bean soup,"Sainsbury’s, Be good to yourself","Plant-based foods and beverages, Plant-based foods, Fruits and vegetables based foods, Meals, Soups, Vegetable soups",239.0,0.1,2.1,0.47,3.4,2.2,84.953618367513,-6,A,78.0,A,https://world.openfoodfacts.org/product/01851465/tomato-and-three-bean-soup-sainsbury-s
Blueberries,Tesco,"Plant-based foods and beverages,Plant-based foods,Fruits and vegetables based foods,Fruits based foods,Fruits,Berries,Blueberries",189.0,0.1,9.1,0.01,0.9,1.5,100.0,-4,A,73.0,B,https://world.openfoodfacts.org/product/03257005/blueberries-tesco
Spicy Cajun-Style Lentils & Red Kidney Beans,Merchant Gourmet,"Plant-based foods and beverages, Plant-based foods, Legumes and their products, Legumes, Seeds, Legume seeds, Meals, Pulses, Common beans, Prepared vegetables, Cooked vegetables, Lentils, Red beans, Cooked red kidney beans, Prepared lentils",490.0,0.6,3.7,0.52,5.7,7.7,82.284375,-10,A,79.0,A,https://world.openfoodfacts.org/product/5018095011059/spicy-cajun-style-lentils-red-kidney-beans-merchant-gourmet
Cacahuètes grillées sans sel ajouté paquet de 150g,U,"Plant-based foods and beverages,Plant-based foods,Legumes and their products,Snacks,Legumes,Salty snacks,Nuts and their products,Nuts,Roasted nuts,Peanuts,Salted nuts,Roasted peanuts,Salted peanuts",2562.0,6.6,5.8,0.02,27.0,8.3,96.8,-5,A,28.0,E,https://world.openfoodfacts.org/product/3256225733699/cacahuetes-grillees-sans-sel-ajoute-paquet-de-150g-u
Alpro Cerise Sans Sucres Ajoutés,Alpro,"Aliments et boissons à base de végétaux, Produits fermentés, Substituts de produits laitiers, Desserts, Produits veganes, Desserts végétaliens, Produits végétaux fermentés, Desserts végétaliens fermentés, Desserts de jus de soja fermenté, Yaourts de soja aux fruits, Desserts au soja",261.0,0.3,6.0,0.11,3.6,0.9,28.93984375,-1,A,79.0,A,https://world.openfoodfacts.org/product/5411188126096/alpro-more-fruit-cherry
Nudeln Trofie,Barilla,"Plant-based foods and beverages, Plant-based foods, Cereals and potatoes, Cereals and their products, Pastas, Cereal pastas, Noodles, Dry pastas, Durum wheat pasta, Dry durum wheat pasta",1521.0,0.5,3.5,0.01,13.0,3.0,0.0,-3,A,74.0,B,https://world.openfoodfacts.org/product/8076809537711/nudeln-trofie-barilla
Diet arándanos y frambuesas,Hero,"Plant-based foods and beverages, Plant-based foods, Fruits and vegetables based foods, Breakfasts, Spreads, Fruits based foods, Plant-based spreads, Sweet spreads, Fruit and vegetable preserves, Jams, Berry jams, en:raspberry-jams",193.0,0.0,4.2,0.0,0.5,2.9,78.5714285714286,-4,A,58.0,C,https://world.openfoodfacts.org/product/8410175068491/arandanos-y-frambuesas-hero
Grains & Seeds Granola,Tesco,"Plant-based foods and beverages,Plant-based foods,Breakfasts,Cereals and potatoes,Cereals and their products,Breakfast cereals,Crunchy mueslis",1871.0,1.9,9.8,0.1,12.9,7.5,5.33333333333333,-4,A,67.0,B,https://world.openfoodfacts.org/product/5057008100909/grains-seeds-granola-tesco
Wholeweat fusilli,Morrisons,"Plant-based foods and beverages, Plant-based foods, Cereals and potatoes, Cereals and their products, Pastas, Cereal pastas, Dry pastas, Durum wheat pasta, Fusilli, es:Fusilli de trigo duro, Dry durum wheat pasta",599.0,0.3,1.5,0.0,4.3,3.7,0.0,-3,A,65.0,B,https://world.openfoodfacts.org/product/5010251460787/wholeweat-fusilli-morrisons
The Ultimate Peanut Butter,Pip & Nut,"Plant-based foods and beverages, Plant-based foods, Legumes and their products, Spreads, Nuts and their products, Plant-based spreads, Oilseed purees, Legume butters, Nut butters, Peanut butters, Crunchy peanut butters",2507.0,5.9,5.7,0.31,26.4,8.8,0.0,7,A,50.0,C,https://world.openfoodfacts.org/product/5060367181359/the-ultimate-peanut-butter-pip-nut
Sriracha Chilli Tofu,The Tofoo Co.,"Plant-based foods and beverages, Plant-based foods, Legumes and their products, Meat alternatives, Tofu, Tofu-in-sriracha, en:meat-analogues",535.0,1.0,2.7,0.75,13.3,0.6,28.4727777777778,-1,A,77.0,A,https://world.openfoodfacts.org/product/5034467001275/sriracha-chilli-tofu-the-tofoo-co
Borlotti beans in water,By sainsbury's,"Plant-based foods and beverages,Plant-based foods,Legumes and their products,Canned foods,Legumes,Seeds,Canned plant-based foods,Legume seeds,Pulses,Canned legumes,Canned common beans,Borlotti beans",420.0,0.1,0.6,0.03,6.9,7.7,80.0,-10,A,72.0,B,https://world.openfoodfacts.org/product/01167054/borlotti-beans-in-water-by-sainsbury-s
beurre de cacahouète,Nu3,"Plant-based foods and beverages, Plant-based foods, Legumes and their products, Spreads, Plant-based spreads, Oilseed purees, Legume butters, Peanut butters, en:nut-butters",2519.0,6.6,5.4,0.0,30.0,8.2,0.0,7,A,35.0,D,https://world.openfoodfacts.org/product/4260744956483/beurre-de-cacahouete-nu3
"Muesli Énergie (cacao, banane, guarana)",Bjorg,"Plant-based foods and beverages, Plant-based foods, Breakfasts, Cereals and potatoes, Cereals and their products, Breakfast cereals, Mueslis, fr:Muesli énergie, en:mueslis-with-chocolate",1529.0,1.3,4.5,0.06,11.0,9.6,0.0,-5,A,82.0,A,https://world.openfoodfacts.org/product/3229820804248/muesli-energie-cacao-banane-guarana-bjorg
Fusilli de pois cassés,Carrefour,"Plant-based foods and beverages, Plant-based foods, Cereals and potatoes, Cereals and their products, Specific products, Pastas, Products for specific diets, Cereal pastas, Products without gluten, Dry pastas, Durum wheat pasta, Gluten-free pasta, Fusilli, en:gluten-free-dry-pasta",1450.0,0.5,2.4,0.14,22.0,7.5,0.0,-10,A,72.0,B,https://world.openfoodfacts.org/product/3560071081362/fusilli-de-pois-casses-carrefour
Morrisons,Morrisons,"Plant-based foods and beverages, Plant-based foods, Breakfasts, Cereals and potatoes, Cereals and their products, Breakfast cereals",1543.0,1.3,1.0,0.0,12.1,9.1,0.0,-7,A,25.0,E,https://world.openfoodfacts.org/product/5010251541226/morrisons
Rude health ultimate muesli organic,Rude health,"Plant-based foods and beverages, Plant-based foods, Breakfasts, Cereals and potatoes, Cereals and their products, Breakfast cereals, Cereals with fruits, Mueslis, Bircher-style mueslis, Mueslis with fruits, Bircher-style mueslis with fruits, Bircher-style muesli flakes with fruits not fortified with vitamins and chemical elements",1527.0,1.0,9.0,0.05,12.0,9.0,20.7988490229068,-5,A,62.0,B,https://world.openfoodfacts.org/product/5060120285454/rude-health-ultimate-muesli-organic
Fruit Wheats Blueberry,"Aldi,Harvest Morn","Plant-based foods and beverages,Plant-based foods,Breakfasts,Cereals and potatoes,Cereals and their products,Breakfast cereals,filled cereal",1407.0,0.3,17.0,0.14,7.9,8.2,10.0,-2,A,29.0,E,https://world.openfoodfacts.org/product/4088600248431/fruit-wheats-blueberry-aldi
Peanut Butter,Aldi,"Plant-based foods and beverages, Plant-based foods, Legumes and their products, Spreads, Plant-based spreads, Oilseed purees, Legume butters, Peanut butters, en:nut-butters",2528.0,5.7,7.9,0.01,25.0,7.0,100.0,-4,A,35.0,D,https://world.openfoodfacts.org/product/2014000087853/peanut-butter-aldi
Crunchy muesly,Holie,"Plant-based foods and beverages,Plant-based foods,Breakfasts,Cereals and potatoes,Cereals and their products,Breakfast cereals,Mueslis,Crunchy muesli with nuts,Wheat protein and sunflower seeds",1877.0,2.5,2.3,0.02,22.7,19.2,1.68678977272727,-7,A,62.0,B,https://world.openfoodfacts.org/product/8720256082408/crunchy-muesly-holie
QUEEN BUTTER BEANS,8OLD BEANCO,"Plant-based foods and beverages, Plant-based foods, Fruits and vegetables based foods, Legumes and their products, Canned foods, Legumes, Vegetables based foods, Canned plant-based foods, Vegetables, Canned legumes, Butter beans, en:canned-common-beans",418.0,0.0,0.0,0.8,5.4,6.1,85.4524627720504,-8,A,89.0,A,https://world.openfoodfacts.org/product/5060940940175/queen-butter-beans-8old-beanco
Crunchy peanut butter,Whole Earth,"Plant-based foods and beverages, Plant-based foods, Legumes and their products, Spreads, Nuts and their products, Plant-based spreads, Oilseed purees, Legume butters, Nut butters, Peanut butters, en:crunchy-peanut-butters",2470.0,8.7,5.9,0.01,30.0,8.5,100.0,-3,A,35.0,D,https://world.openfoodfacts.org/product/5013665117117/crunchy-peanut-butter-whole-earth
cheveux d'ange,Panzani,"Plant-based foods and beverages, Plant-based foods, Cereals and potatoes, Cereals and their products, Pastas, Cereal pastas, Dry pastas, Durum wheat pasta, fr:Cheveux d'ange, Dry durum wheat pasta",1531.0,0.4,3.7,0.0,12.0,3.6,0.0,-2,A,72.0,B,https://world.openfoodfacts.org/product/3038350011305/cheveux-d-ange-panzani
Couscous de légumes à l'orientale,Carrefour,"Plant-based foods and beverages, Plant-based foods, Fruits and vegetables based foods, Canned foods, Vegetables based foods, Canned plant-based foods, Meals, Vegetables, Canned vegetables, Prepared vegetables, Savory semolina dishes, Cooked vegetables, Mixed vegetables, Prepared couscous, Cooked mixed vegetables for couscous, Couscous with vegetables, en:canned-meals",115.0,0.0,1.8,0.55,1.2,1.6,91.7877906976744,-4,A,87.0,A,https://world.openfoodfacts.org/product/3560070553808/couscous-de-legumes-a-l-orientale-carrefour
Quick Oats Natural,Flahavan's,"Plant-based foods and beverages, Plant-based foods, Breakfasts, Cereals and potatoes, Cereals and their products, Breakfast cereals, Flakes, Cereal flakes, Rolled flakes, Rolled oats, en:oat",1566.0,1.0,0.9,0.01,11.0,8.3,0.0,-7,A,66.0,B,https://world.openfoodfacts.org/product/5099801000178/quick-oats-natural-flahavan-s
Weetbix,Sanitarium,"Plant-based foods and beverages,Plant-based foods,Breakfasts,Cereals and potatoes,Cereals and their products,Breakfast cereals",1480.0,0.3,2.8,0.675,12.0,10.1,0.0,-4,A,29.0,E,https://world.openfoodfacts.org/product/9414942805653/weetbix-sanitarium
Falafel,goodlife,"Plant-based foods and beverages, Plant-based foods, Meals, Meat alternatives, Plant-based meals, Vegetarian balls, Falafels",859.0,0.7,3.0,1.1,7.9,12.0,97.6,-8,A,78.0,A,https://world.openfoodfacts.org/product/5012869542015/falafel-goodlife
BAKED BEANS IN A RICH TOMATO SAUCE,ASDA,"Plant-based foods and beverages, Plant-based foods, Prepared vegetables, Baked beans in tomato sauce",305.0,0.1,1.5,0.34,4.5,4.8,87.17,-9,A,77.0,A,https://world.openfoodfacts.org/product/21045646/baked-beans-in-a-rich-tomato-sauce-asda
Avocado,Tesco,"Plant-based foods and beverages, Plant-based foods, Fruits and vegetables based foods, Fruits based foods, Fruits, Tropical fruits, Avocados",813.0,4.1,0.5,1e-05,1.9,3.4,100.0,-2,A,54.0,C,https://world.openfoodfacts.org/product/10096369/avocado-tesco
Beetroot falafel,Gosh,"Plant-based foods and beverages, Plant-based foods, Meat alternatives, Vegetarian balls, Falafels",783.0,0.9,2.0,0.82,5.7,6.6,88.9867788461538,-7,A,77.0,A,https://world.openfoodfacts.org/product/5036829756724/beetroot-falafel-gosh
Kichererbsen,Bonduelle,"Plant-based foods and beverages,Plant-based foods,Legumes and their products,Canned foods,Legumes,Seeds,Canned plant-based foods,Legume seeds,Pulses,Chickpeas,Canned legumes,Canned chickpeas, Vegetables - Prepared/Processed (Shelf Stable)",507.0,0.2,0.5,0.3,6.4,7.7,85.6162424935659,-12,A,66.0,B,https://world.openfoodfacts.org/product/3083681003949/kichererbsen-bonduelle
Spaghetti,Carrefour,"Plant-based foods and beverages, Plant-based foods, Cereals and potatoes, Cereals and their products, Pastas, Cereal pastas, Dry pastas, Durum wheat pasta, Spaghetti, Durum wheat spaghetti, Dry durum wheat pasta",1505.0,0.3,4.5,0.02,13.0,3.0,0.0,-3,A,67.0,B,https://world.openfoodfacts.org/product/3560070328970/spaghetti-carrefour
Amandes en poudre,"Marque Repère, Tablier Blanc","Plant-based foods and beverages, Plant-based foods, Snacks, Salty snacks, Flours, Nuts and their products, Nuts, Almonds, Shelled nuts, Almonds-shelled, Nut flours, Almonds-ground, en:ground-almonds",2643.0,4.2,4.0,0.03,28.0,9.2,100.0,-7,A,24.0,E,https://world.openfoodfacts.org/product/3564700463000/amandes-en-poudre-marque-repere
British Mushy Peas,Tesco,"Plant-based foods and beverages, Plant-based foods, Fruits and vegetables based foods, Legumes and their products, Canned foods, Legumes, Vegetables based foods, Canned plant-based foods, Vegetables, Canned vegetables, Canned legumes, Green peas, Canned peas",305.0,0.1,1.3,0.4,4.3,2.8,95.7661290322581,-8,A,84.0,A,https://world.openfoodfacts.org/product/5051622056130/british-mushy-peas-tesco
Nudeln Cannelloni,Barilla,"Plant-based foods and beverages,Plant-based foods,Cereals and potatoes,Cereals and their products,Pastas,Cereal pastas,Cannelloni,Dry pastas,Durum wheat pasta,Dry durum wheat pasta,Durum wheat plates for cannelloni",1521.0,0.5,3.5,0.01,13.0,3.0,0.0,-3,A,76.0,A,https://world.openfoodfacts.org/product/8076808070882/cannelloni-barilla
Emco Oat Flakes (Small Leaves),Emco,"Plant-based foods and beverages, Plant-based foods, Breakfasts, Cereals and potatoes, Cereals and their products, Breakfast cereals, Flakes, Cereal flakes, Rolled flakes, Oat-flakes",1696.0,1.1,1.3,0.01,13.2,7.3,0.0,-5,A,62.0,B,https://world.openfoodfacts.org/product/8595229910633/emco-oat-flakes-small-leaves
Purée 100% cacahuète,La Fourche,"Plant-based foods and beverages, Plant-based foods, Legumes and their products, Spreads, Plant-based spreads, Oilseed purees, Legume butters, Peanut butters, Pure peanut butters, en:nut-butters",2638.0,7.9,2.5,0.02,27.0,8.7,100.0,-5,A,62.0,B,https://world.openfoodfacts.org/product/3760324840573/puree-100-cacahuete-la-fourche
Super Creamy,Whole earth,"Aliments et boissons à base de végétaux, Aliments d'origine végétale, Légumineuses et dérivés, Produits à tartiner, Fruits à coques et dérivés, Pâtes à tartiner végétales, Purées d'oléagineux, Beurres de légumineuses, Beurres de fruits à coques, Beurres de cacahuètes",2484.0,8.7,5.9,0.01,30.0,8.5,50.0,8,A,41.0,D,https://world.openfoodfacts.org/product/5013665116813/beurre-de-cacahuete-whole-earth
Poêlée Champêtre,Freshona,"Plant-based foods and beverages, Plant-based foods, Fruits and vegetables based foods, Vegetables based foods, Frozen foods, Meals, Frozen plant-based foods, Frozen vegetables, Prepared vegetables, Pan-fried dishes, en:frozen-mixed-vegetables",240.0,0.3,2.9,0.56,2.7,3.8,93.3692345252404,-7,A,69.0,B,https://world.openfoodfacts.org/product/4056489762836/poelee-champetre-freshona
Pindakaas 100% Naturel,Albert Heijn,"Plant-based foods and beverages,Plant-based foods,Legumes and their products,Spreads,Plant-based spreads,Oilseed purees,Legume butters,Peanut butters",2578.0,9.5,5.5,0.0,28.0,8.1,100.0,-2,A,35.0,D,https://world.openfoodfacts.org/product/8718907855914/pindakaas-100-naturel-albert-heijn
Panzani pates farfalle 500g,Panzani,"Plant-based foods and beverages, Plant-based foods, Cereals and potatoes, Cereals and their products, Pastas, Cereal pastas, Dry pastas, Durum wheat pasta, Farfalle, es:Farfalle de trigo duro, Dry durum wheat pasta",1531.0,0.4,3.7,0.0,12.0,3.6,0.0,-2,A,74.0,B,https://world.openfoodfacts.org/product/3038350259806/farfalle-panzani
Panzani spaghetti 3 minutes 500g,Panzani,"Plant-based foods and beverages,Plant-based foods,Cereals and potatoes,Cereals and their products,Pastas,Cereal pastas,Dry pastas,Durum wheat pasta,Spaghetti,Dry durum wheat pasta,Durum wheat spaghetti",1531.0,0.4,3.7,0.0,12.0,3.6,0.0,-2,A,75.0,A,https://world.openfoodfacts.org/product/3038350335005/panzani-spaghetti-3-minutes-500g
Falafels bon et végétarien - 200g,"U, U Bon & Végétarien","Plant-based foods and beverages, Plant-based foods, Meat alternatives, Refrigerated foods, Refrigerated plant-based foods, Vegetarian balls, Falafels, Refrigerated falafel, en:plant-based-meals",923.0,1.6,1.7,0.73,6.9,5.5,80.6377136752137,-6,A,74.0,B,https://world.openfoodfacts.org/product/3256225736478/falafels-bon-et-vegetarien-200g-u
Pavés au soja provençal bon et végétarien - 2x100g - 200g,"U,U Bon & Végétarien","Plant-based foods and beverages,Plant-based foods,Patties from soy and or wheat proteins",642.0,0.5,2.0,1.2,16.0,6.0,29.98505,-5,A,73.0,B,https://world.openfoodfacts.org/product/3256225736485/paves-au-soja-provencal-bon-et-vegetarien-2x100g-200g-u
Pommes Framboises,Charles & Alice,"Plant-based foods and beverages, Plant-based foods, Fruits and vegetables based foods, Desserts, Fruits based foods, Compotes, Apple compotes, en:raspberry-applesauces",234.0,0.1,9.4,0.01,0.5,1.6,99.925,-4,A,89.0,A,https://world.openfoodfacts.org/product/3297760097051/pommes-framboises-charles-alice
FRUIT &Cie POMME,Carrefour,"Plant-based foods and beverages, Plant-based foods, Fruits and vegetables based foods, Desserts, Fruits based foods, Compotes, Apple compotes, en:compotes-to-drink",263.0,0.2,11.0,0.0,0.0,1.4,99.99,-3,A,78.0,A,https://world.openfoodfacts.org/product/3560070966684/fruit-cie-pomme-carrefour
Organic Porridge Oats,Flahavan’s,"Plant-based foods and beverages, Plant-based foods, Breakfasts, Cereals and potatoes, Seeds, Cereals and their products, Breakfast cereals, Cereal grains, Porridge, Plain porridge",1566.0,1.0,0.9,0.01,11.0,8.3,0.0,-7,A,45.0,C,https://world.openfoodfacts.org/product/5099801003018/organic-porridge-oats-flahavan-s
Garbanzos,luengo,"Plant-based foods and beverages,Plant-based foods,Legumes and their products,Canned foods,Legumes,Seeds,Canned plant-based foods,Legume seeds,Pulses,Chickpeas,Canned legumes,Canned chickpeas",401.0,0.3,0.0,0.53,5.4,5.4,85.3671118243824,-9,A,66.0,B,https://world.openfoodfacts.org/product/8410505272017/garbanzos-luengo
Tesco Lentilles Vertes,Tesco,"Plant-based foods and beverages, Plant-based foods, Legumes and their products, Legumes, Seeds, Legume seeds, Pulses, Lentils, Green lentils",744.0,0.1,0.5,0.1,13.4,8.7,0.0,-10,A,87.0,A,https://world.openfoodfacts.org/product/5000358966862/tesco-lentilles-vertes
Wheat Bisks Just Essentials,Asda,"Plant-based foods and beverages, Plant-based foods, Snacks, Cereals and potatoes, Sweet snacks, Cereals and their products, Biscuits and cakes, Biscuits and crackers, Biscuits, en:breakfast-cereals",1518.0,0.5,3.0,0.23,13.0,8.0,0.0,-7,A,64.0,B,https://world.openfoodfacts.org/product/5052449309584/wheat-bisks-just-essentials-asda
Pistazienkerne geröstet & ohne Salz,Alesto,"Plant-based foods and beverages, Plant-based foods, Nuts and their products, Nuts, Pistachios, Roasted pistachios",2533.0,6.6,6.2,0.03,23.4,10.0,100.0,-5,A,33.0,D,https://world.openfoodfacts.org/product/20133214/pistazienkerne-gerostet-ohne-salz-alesto
Rice noodles,Asda,"Plant-based foods and beverages, Plant-based foods, Cereals and potatoes, Cereals and their products, Pastas, Noodles, Rice vermicelli, Dried rice noodles, Rice pasta",596.0,0.4,0.5,0.03,2.7,0.7,0.0,0,A,47.0,C,https://world.openfoodfacts.org/product/5054070716465/rice-noodles-asda
Fettuccini,Lustucru selection,"Plant-based foods and beverages, Plant-based foods, Cereals and potatoes, Cereals and their products, Pastas, Cereal pastas, Durum wheat pasta, Egg pastas, en:fresh-pasta, Pâtes fraîches aux œufs",1189.0,0.6,3.4,0.05,10.0,2.3,0.0,-3,A,70.0,B,https://world.openfoodfacts.org/product/3240931546384/fettuccini-lustucru-selection
Seitan,Mercadona,"Plant-based foods and beverages, Plant-based foods, Cereals and potatoes, Cereals and their products, Meat alternatives, Seitan, en:meat-analogues",525.0,0.5,0.4,0.58,24.1,0.1,2.05078125,-4,A,73.0,B,https://world.openfoodfacts.org/product/8480000865274/seitan-mercadona
Bran Flakes,Tesco Free From,"Plant-based foods and beverages,Plant-based foods,Breakfasts,Cereals and potatoes,Cereals and their products,Breakfast cereals,Flakes,Breakfast cereals fortified with vitamins and chemical elements,Cereal flakes,Extruded cereals,Extruded flakes,Breakfast cereals rich in fibre,Breakfast cereals rich in fibre fortified with vitamins and chemical elements,Mixed cereal flakes",1511.0,0.6,8.0,0.5,7.5,15.0,0.0,-2,A,25.0,E,https://world.openfoodfacts.org/product/5057753264093/bran-flakes-tesco-free-from
Bio Chia Seeds,Golden Sun,"Plant-based foods and beverages, Plant-based foods, Cereals and potatoes, Seeds, Cereals and their products, Cereal grains, Chia",1841.0,3.8,0.5,0.01,21.0,29.0,0.0,-6,A,35.0,D,https://world.openfoodfacts.org/product/4056489762959/bio-chia-seeds-golden-sun
Lino,Hacendado,"Plant-based foods and beverages, Plant-based foods, Seeds, en:gold-flax-seeds",2050.0,3.0,0.0,0.07,22.0,35.0,0.0,-6,A,29.0,E,https://world.openfoodfacts.org/product/8402001002007/lino-hacendado
Bulgur Wheat,Tesco,"Plant-based foods and beverages, Plant-based foods, Cereals and potatoes, Cereals and their products, Groats, Wheat groats, Bulgur, Whole grains",423.0,0.2,0.3,0.1,3.6,2.3,0.0,-2,A,80.0,A,https://world.openfoodfacts.org/product/5000358966305/bulgur-wheat-tesco
Tesco Organic Whole Wheat Fusilli 500G,Tesco,"Plant-based foods and beverages, Plant-based foods, Cereals and potatoes, Cereals and their products, Pastas, Cereal pastas, Dry pastas, Durum wheat pasta, Dried wholemeal pasta",765.0,0.2,1.2,0.01,6.1,3.3,0.0,-3,A,87.0,A,https://world.openfoodfacts.org/product/5051140350451/tesco-organic-whole-wheat-fusilli-500g
Farina tipo,Barilla,"Plant-based foods and beverages, Plant-based foods, Cereals and potatoes, Cereals and their products, Flours, Cereal flours, Wheat flours, it:farina lavorata",1497.0,0.4,0.2,0.0,11.0,2.9,0.0,-3,A,77.0,A,https://world.openfoodfacts.org/product/8076802795019/farina-tipo-barilla
Goldmais,Bonduelle,"Plant-based foods and beverages,Plant-based foods,Fruits and vegetables based foods,Canned foods,Cereals and potatoes,Vegetables based foods,Canned plant-based foods,Cereals and their products,Canned vegetables,Canned cereals,Canned corn,Canned sweet corn,Dosenmais,Dosenzuckermais,Frucht- und gemüsebasierte Lebensmittel,Gemüsebasierte Lebensmittel,Gemüsekonserven,Getreide in Dosen,Getreide und Kartoffeln,Getreidekörner,Getreideprodukte,Konserven,Konserven-Produkte auf pflanzlicher Basis,Mais,Pflanzliche Lebensmittel,Pflanzliche Lebensmittel und Getränke,Samen, Vegetables - Prepared/Processed (Shelf Stable)",309.0,0.2,5.1,0.28,2.7,3.0,85.6227839414389,-7,A,85.0,A,https://world.openfoodfacts.org/product/3083681102499/goldmais-bonduelle
RED KIDNEY BEANS,Freshona,"Plant-based foods and beverages, Plant-based foods, Legumes and their products, Canned foods, Legumes, Canned plant-based foods, Canned legumes, Red Kidney Beans in water, en:red-beans",391.0,0.1,0.4,0.02,7.2,6.9,80.0,-9,A,75.0,A,https://world.openfoodfacts.org/product/4056489467595/red-kidney-beans-freshona
Baked Beans,Marks & Spencer,"Plant-based foods and beverages,Plant-based foods,Prepared vegetables,Baked beans in tomato sauce,M-s-baked-beans,Tinned beans",349.0,0.1,4.1,0.53,4.4,3.7,81.76,-5,A,82.0,A,https://world.openfoodfacts.org/product/29149834/baked-beans-marks-spencer
Giant Couscous,"By sainsbury's, Sainsbury's","Plant-based foods and beverages,Plant-based foods,Cereals and potatoes,Cereals and their products,Cereal semolinas,Savory semolina dishes,Prepared couscous,Couscous",434.0,0.5,0.6,0.02,3.9,1.7,0.0,-1,A,73.0,B,https://world.openfoodfacts.org/product/00447782/giant-couscous-by-sainsbury-s
No Added Sugar Simply Nutty Muesli,Asda Bowls Of Goodness,"Plant-based foods and beverages, Plant-based foods, Breakfasts, Cereals and potatoes, Cereals and their products, Breakfast cereals, Mueslis, Museli, en:mueslis-with-fruits",1597.0,1.3,12.0,0.03,10.0,8.8,27.0,-3,A,62.0,B,https://world.openfoodfacts.org/product/5063089262801/no-added-sugar-simply-nutty-muesli-asda-bowls-of-goodness
Choco Rice,Aldi,"Plant-based foods and beverages, Plant-based foods, Breakfasts, Cereals and potatoes, Cereals and their products, Breakfast cereals, en:chocolate-cereals",1648.0,1.0,17.0,0.295,11.0,9.1,0.0,-2,A,32.0,D,https://world.openfoodfacts.org/product/4047247752824/choco-rice-aldi
Crunchy peanut butter,Aldi,"Plant-based foods and beverages, Plant-based foods, Legumes and their products, Spreads, Plant-based spreads, Oilseed purees, Legume butters, Peanut butters, en:nut-butters",2568.0,6.0,6.7,0.03,26.2,7.1,100.0,-5,A,35.0,D,https://world.openfoodfacts.org/product/4061461631406/crunchy-peanut-butter-aldi
Pois chiches Sultanines 530g,Sultanines,"Plant-based foods and beverages, Plant-based foods, Fruits and vegetables based foods, Legumes and their products, Canned foods, Legumes, Seeds, Vegetables based foods, Canned plant-based foods, Legume seeds, Canned vegetables, Pulses, Chickpeas, Canned legumes, Canned chickpeas, en:peas",529.0,0.3,0.8,0.7,6.8,6.3,85.4852562267392,-8,A,68.0,B,https://world.openfoodfacts.org/product/3017800056202/pois-chiches-cuits-sultanines
Reiswaffeln,"Alnatura, Alnatura GmbH","Plant-based foods and beverages, Plant-based foods, Cereals and potatoes, Cereals and their products, Puffed cereal cakes, Puffed wheat cakes, Puffed spelt cakes, Gepuffte Dinkelwaffeln, Gepuffte Getreidewaffeln, Gepuffte Weizenwaffeln, Getreide und Kartoffeln, Getreideprodukte, Pflanzliche Lebensmittel, Pflanzliche Lebensmittel und Getränke, Reis/Getreidewaffeln, en:puffed-rice-cakes",1535.0,0.4,0.8,0.0,20.0,11.0,0.0,-10,A,71.0,B,https://world.openfoodfacts.org/product/4104420178816/reiswaffeln-alnatura
Fiocchi di avena,Fiorentini,"Plant-based foods and beverages, Plant-based foods, Breakfasts, Cereals and potatoes, Cereals and their products, Breakfast cereals, Flakes, Cereal flakes, Rolled flakes, Rolled oats",1517.0,1.3,0.7,0.01,12.5,9.5,0.0,-7,A,69.0,B,https://world.openfoodfacts.org/product/8002885011128/fiocchi-di-avena-fiorentini
Almendra Tostada 0% Sal Añadida,Hacendado,"Plant-based foods and beverages,Plant-based foods,Nuts and their products,Nuts,Almonds,Whole almonds,Grilled almonds,Non-blanched almonds",2592.0,4.8,1.0,0.0,23.3,10.8,100.0,-8,A,32.0,D,https://world.openfoodfacts.org/product/8480000340146/almendra-tostada-0-sal-anadida-hacendado
Vegetarian Chorizo And Red Pepper Sausages,Linda McCartney's,"Plant-based foods and beverages,Plant-based foods,Meat alternatives,Meat analogues,Vegetarian sausages",633.0,0.5,3.7,1.3,11.2,8.6,61.0924479166667,-5,A,85.0,A,https://world.openfoodfacts.org/product/5056053304744/vegetarian-chorizo-and-red-pepper-sausages-linda-mccartney-s
Zesty Guacamole,Coop,"Plant-based foods and beverages, Plant-based foods, Condiments, Spreads, Plant-based spreads, Sauces, Dips, Guacamoles, Groceries",641.0,2.5,1.4,0.51,1.4,2.9,99.2838541666667,-3,A,60.0,B,https://world.openfoodfacts.org/product/5000129293302/zesty-guacamole-coop
Ferrero couscous moyen sc 5x100g,Ferrero,"Plant-based foods and beverages, Plant-based foods, Cereals and potatoes, Meals, Cereals and their products, Cereal semolinas, Savory semolina dishes, Wheat semolinas, Durum wheat semolinas, en:durum-wheat-semolinas-for-couscous",1546.0,0.4,3.0,0.02,12.0,3.4,0.0,-3,A,66.0,B,https://world.openfoodfacts.org/product/3038359011528/ferrero-couscous-moyen-sc-5x100g
Crunchy peanut butter,Continente,"Alimentos e bebidas à base de plantas, Alimentos à base de plantas, Legumes e seus produtos, Produtos para barrar, Nozes e seus produtos, Produtos para barrar à base de plantas, Purés de óleo de sementes, Manteigas de legumes, Manteiga de frutos secos, Manteigas de amendoim, en:Crunchy peanut butters",2572.0,6.0,5.5,0.04,26.0,9.2,100.0,-6,A,35.0,D,https://world.openfoodfacts.org/product/5601312079248/crunchy-peanut-butter-continente
brinta,Brinta,"Plant-based foods and beverages, Plant-based foods, Breakfasts, Cereals and potatoes, Cereals and their products, Breakfast cereals, Flakes, Cereal flakes, nl:volkoren graan, en:rolled-wheat-flakes",1457.0,0.3,5.6,0.01,15.0,11.0,0.0,-8,A,39.0,D,https://world.openfoodfacts.org/product/8715700124889/brinta
Haferflocken kernig,"Golden Bridge,Brüggen,Aldi","Plant-based foods and beverages,Plant-based foods,Breakfasts,Cereals and potatoes,Cereals and their products,Breakfast cereals,Flakes,Cereal flakes,Rolled flakes,Rolled oats",1580.0,1.3,0.7,0.02,14.0,10.0,0.0,-7,A,62.0,B,https://world.openfoodfacts.org/product/4061464912014/haferflocken-kernig-golden-bridge
High Fibre Bran,Crownfield,"Plant-based foods and beverages, Plant-based foods, Cereals and potatoes, Cereals and their products, Bran, Cereal brans, en:wheat-bran-sticks",1417.0,0.5,11.5,0.48,14.1,23.8,0.0,-4,A,39.0,D,https://world.openfoodfacts.org/product/4056489900375/high-fibre-bran-crownfield
Carottes râpées 250g,florette,"Plant-based foods and beverages, Plant-based foods, Fruits and vegetables based foods, Vegetables based foods, Vegetables, Carrots, Grated carrots, en:prepared-vegetables",125.0,0.0,3.3,0.06,0.6,2.9,100.0,-8,A,80.0,A,https://world.openfoodfacts.org/product/3280220201006/carottes-rapees-florette
Oats,Hahne,"Plant-based foods and beverages, Plant-based foods, Cereals and potatoes, Seeds, Cereals and their products, Cereal grains, Oat, en:rolled-oats",1566.0,1.3,0.7,0.02,13.5,10.0,0.0,-7,A,80.0,A,https://world.openfoodfacts.org/product/4008569028387/oats-hahne
Penne rigate integral,Hacendado,"Plant-based foods and beverages, Plant-based foods, Cereals and potatoes, Cereals and their products, Pastas, Cereal pastas, Dry pastas, Durum wheat pasta, Durum wheat penne, Penne, Penne rigate, Dry durum wheat pasta",1469.0,0.4,3.2,0.05,12.0,7.0,0.0,-6,A,73.0,B,https://world.openfoodfacts.org/product/8480000065940/penne-rigate-integral-hacendado
Baked Beans,Asda,"Plant-based foods and beverages, Plant-based foods, Prepared vegetables, Baked beans in tomato sauce",385.0,0.1,4.2,0.47,4.9,4.6,85.0,-7,A,82.0,A,https://world.openfoodfacts.org/product/5054781339991/baked-beans-asda
Flocos de Aveia Instantâneos,Crownfield,"Plant-based foods and beverages,Plant-based foods,Breakfasts,Cereals and potatoes,Cereals and their products,Breakfast cereals,Flakes,Cereal flakes,Rolled flakes,Rolled oats",1566.0,1.3,2.0,0.02,12.6,10.9,0.0,-7,A,62.0,B,https://world.openfoodfacts.org/product/4056489536284/flocos-de-aveia-instantaneos-crownfield
Granola,Morrisons Savers,"Plant-based foods and beverages,Plant-based foods,Breakfasts,Cereals and potatoes,Cereals and their products,Breakfast cereals,Cereals with fruits,Mueslis,Crunchy cereal clusters,Cereal clusters with fruits",435.0,1.9,18.1,0.03,10.2,7.0,15.05,-3,A,62.0,B,https://world.openfoodfacts.org/product/5010525247991/granola-morrisons-savers
"Фъстъци с черупка, печени",Alesto,"Plant-based foods and beverages, Plant-based foods, Nuts and their products, Nuts, Peanuts, en:roasted-peanuts",2508.0,7.9,6.5,0.11,25.0,13.0,100.0,-4,A,31.0,D,https://world.openfoodfacts.org/product/4056489854449/jumbo-peanuts-in-shell-roasted-alesto
Pindakaas,Albert Heijn Terra,"Plant-based foods and beverages, Plant-based foods, Legumes and their products, Spreads, Nuts and their products, Plant-based spreads, Oilseed purees, Legume butters, Nut butters, Peanut butters, Pure peanut butters",2537.0,9.5,5.5,0.0,24.0,8.1,100.0,-2,A,66.0,B,https://world.openfoodfacts.org/product/8718907855921/pindakaas-albert-heijn-terra
Purée Saveur d'autrefois,Carrefour,"Plant-based foods and beverages,Plant-based foods,Cereals and potatoes,Meals,Dried products,Dried products to be rehydrated,Purées,Potato preparations,Mashed potatoes,Instant mashed potatoes",1502.0,2.0,3.3,2.6,7.4,7.4,0.0,11,A,87.0,A,https://world.openfoodfacts.org/product/3560070128778/puree-saveur-d-autrefois-carrefour
Champignons de Paris,Carrefour,"Plant-based foods and beverages, Plant-based foods, Fruits and vegetables based foods, Canned foods, Vegetables based foods, Canned plant-based foods, Mushrooms and their products, Mushrooms, Canned mushrooms, Champignon mushrooms, Canned champignon mushrooms, en:canned-sliced-champignon-mushrooms",80.0,0.0,0.0,0.58,2.5999999046326,3.2000000476837,85.334250659328,-7,A,78.0,A,https://world.openfoodfacts.org/product/3560070837885/champignons-de-paris-carrefour
Flocons d'avoine,fortín,"Plant-based foods and beverages, Plant-based foods, Breakfasts, Cereals and potatoes, Cereals and their products, Breakfast cereals, Flakes, Cereal flakes, Rolled flakes, Rolled oats",1570.0,1.3,0.7,0.02,14.0,10.0,0.0,-7,A,62.0,B,https://world.openfoodfacts.org/product/4001507111011/flocons-d-avoine-fortin
Organic Chia Seeds,naturya,"Plant-based foods and beverages, Plant-based foods, Cereals and potatoes, Seeds, Cereals and their products, Cereal grains, Chia",1772.0,2.7,0.9,0.01,20.0,32.0,0.0,-7,A,40.0,D,https://world.openfoodfacts.org/product/5060238480376/organic-chia-seeds-naturya
Nuez Pecana Natural,Hacendado,"Plant-based foods and beverages,Plant-based foods,Nuts and their products,Nuts,Shelled nuts,Pecan nuts,Plain pecan nuts",2944.0,6.6,3.2,0.0,11.4,10.0,100.0,-2,A,20.0,E,https://world.openfoodfacts.org/product/8480000349972/nuez-pecana-natural-hacendado
Gallette di Farro,Certossa,"Plant-based foods and beverages, Plant-based foods, Cereals and potatoes, Cereals and their products, Crêpes and galettes, Puffed cereal cakes, Galettes",1590.0,0.333,1.0,0.0,12.0,6.67,0.0,-6,A,71.0,B,https://world.openfoodfacts.org/product/20050870/gallette-di-farro-certossa
Low Sugar Multigrain Nutty Granola,Asda,"Plant-based foods and beverages, Plant-based foods, Breakfasts, Cereals and potatoes, Cereals and their products, Breakfast cereals, en:mueslis",1892.0,1.7,2.4,0.03,12.0,7.8,15.2403846153846,-5,A,62.0,B,https://world.openfoodfacts.org/product/5054781649526/low-sugar-multigrain-nutty-granola-asda
Purée de sésame tahin,"U,U Bio","Plant-based foods and beverages,Plant-based foods,Cereals and potatoes,Spreads,Cereals and their products,Nuts and their products,Plant-based spreads,Cooking helpers,Oilseed purees,Cereal butters,Nut butters,Tahini",2752.0,9.3,1.0,0.07,24.0,8.0,0.0,10,A,64.0,B,https://world.openfoodfacts.org/product/3256228125644/puree-de-sesame-tahin-u
Couscous,Morrisons,"Plant-based foods and beverages, Plant-based foods, Cereals and potatoes, Cereals and their products, Meals, Cereal semolinas, Wheat semolinas, Durum wheat semolinas, Couscous, Durum wheat semolinas for couscous",857.0,0.3,1.8,0.01,7.5,3.7,0.0,-4,A,66.0,B,https://world.openfoodfacts.org/product/5010251554721/couscous-morrisons
Hummus und Guacamole,"Deluxe,Lidl","Plant-based foods and beverages,Plant-based foods,Condiments,Spreads,Plant-based spreads,Salted spreads,Sauces,Dips,Hummus",1022.0,2.6,0.7,0.91,6.5,8.9,74.48828125,-2,A,78.0,A,https://world.openfoodfacts.org/product/4056489459545/hummus-und-guacamole-deluxe
Plant Powered Milled Mixed Seeds,Yum & Yay,"Plant-based foods and beverages,Seeds,Flax seeds,Mixed seeds",2301.0,5.6,1.5,0.04,24.8,18.4,9.375,4,A,29.0,E,https://world.openfoodfacts.org/product/5060036016227/plant-powered-milled-mixed-seeds-yum-yay
Flacon d’avone,DelCielo,"Plant-based foods and beverages, Plant-based foods, Dairy substitutes, Cheese substitutes, Morocco, Agadir, en:breakfast-cereals",1507.0,1.18,1.24,0.01,13.38,11.7,0.0,-7,A,25.0,E,https://world.openfoodfacts.org/product/6111264950025/flacon-d-avone-delcielo
Beurre de cacahuètes,Go Nuts,"Plant-based foods and beverages, Plant-based foods, Legumes and their products, Spreads, Plant-based spreads, Oilseed purees, Legume butters, Peanut butters, Crunchy peanut butters, en:nut-butters",2506.0,9.5,5.5,0.02,28.3,8.1,100.0,-2,A,55.0,C,https://world.openfoodfacts.org/product/3770008500518/beurre-de-cacahuetes-go-nuts
Amandes en poudre,Vahiné,"Plant-based foods and beverages, Plant-based foods, Flours, Nuts and their products, Nuts, Almonds, Shelled nuts, Almonds-shelled, Nut flours, Almonds-ground, en:ground-almonds",2535.0,4.0,4.6,0.05,21.0,9.9,100.0,-8,A,30.0,D,https://world.openfoodfacts.org/product/3179142057993/amandes-en-poudre-vahine
Quinoa étui de 400g,U,"Plant-based foods and beverages,Plant-based foods,Cereals and potatoes,Seeds,Cereals and their products,Cereal grains,Quinoa,fr:Féculents",1510.0,0.7,2.5,0.01,14.0,7.0,0.0,-7,A,35.0,D,https://world.openfoodfacts.org/product/3256225436293/quinoa-etui-de-400g-u
Épinards hachés,"Marque Repère, Notre Jardin","Plant-based foods and beverages,Plant-based foods,Fruits and vegetables based foods,Canned foods,Vegetables based foods,Canned plant-based foods,Frozen foods,Vegetables,Canned vegetables,Leaf vegetables,Spinachs,Frozen spinachs,Canned spinachs,Canned chopped spinachs",129.0,0.1,0.5,0.04,3.4,2.7,99.9799438427597,-9,A,83.0,A,https://world.openfoodfacts.org/product/3564700004968/epinards-haches-marque-repere
Poêlée fermière Notre jardin,"Marque Repère, Notre Jardin","Aliments et boissons à base de végétaux, Aliments d'origine végétale, Aliments à base de fruits et de légumes, Légumes et dérivés, Surgelés, Plats préparés, Légumes, Aliments à base de plantes surgelés, Légumes surgelés, Légumes préparés, Mélanges d'aliments à base de plantes surgelés, Mélanges de légumes, Poelees, Mélanges de légumes surgelés",286.0,0.5,0.6,0.4,2.1,4.0,70.0770833333333,-4,A,69.0,B,https://world.openfoodfacts.org/product/3564700708187/poelee-fermiere-notre-jardin-marque-repere
Couscous de legume à l’orientale,Carrefour,"Plant-based foods and beverages, Plant-based foods, Fruits and vegetables based foods, Canned foods, Vegetables based foods, Canned plant-based foods, Meals, Canned vegetables, Savory semolina dishes, Prepared couscous, Couscous, Couscous with vegetables, en:canned-meals",115.0,0.0,1.8,0.55,1.2,1.6,97.7642276422764,-4,A,88.0,A,https://world.openfoodfacts.org/product/5400101173262/couscous-de-legume-a-l-orientale-carrefour
Champiñones laminados en conserva,Hacendado,"Plant-based foods and beverages, Plant-based foods, Fruits and vegetables based foods, Canned foods, Vegetables based foods, Canned plant-based foods, Mushrooms and their products, Mushrooms, Canned mushrooms, Canned champignon mushrooms, Canned sliced champignon mushrooms, en:champignon-mushrooms",86.0,0.0,0.3,1.0,2.8,2.4,84.7262247838617,-4,A,86.0,A,https://world.openfoodfacts.org/product/8480000166166/champinones-laminados-hacendado
Aubergines cuisinees,cassegrain,"Plant-based foods and beverages, Plant-based foods, Fruits and vegetables based foods, Vegetable-based foods and beverages, Frozen foods, Vegetables based foods, Frozen plant-based foods, Frozen vegetables, Prepared vegetables, Prepared eggplants, Riste with eggplant and tomatoes and onions, fr:Aubergines à la provençale, en:aubergines",377.0,0.7,6.0,0.65,1.2,2.2,0.0,3,A,68.0,B,https://world.openfoodfacts.org/product/3083681094145/aubergines-cuisinees-cassegrain
"VEGEtal Falafels Lentille corail, coco, curry",Carrefour,"Plant-based foods and beverages,Plant-based foods,Meat alternatives,Meat analogues,Vegetarian balls,Falafels",980.0,1.8,4.5,0.95,7.3,6.3,74.4784375,-2,A,78.0,A,https://world.openfoodfacts.org/product/3560071222260/vegetal-falafels-lentille-corail-coco-curry-carrefour
Baked beans,Waitrose,"Plant-based foods and beverages, Plant-based foods, Prepared vegetables, Baked beans in tomato sauce, en:canned-common-beans",368.0,0.1,4.0,0.53,5.1,4.2,94.7597913240132,-7,A,84.0,A,https://world.openfoodfacts.org/product/5000169061671/baked-beans-waitrose
Mexican Chilli Bean Soup,M&S Eat Well,"Plant-based foods and beverages,Plant-based foods,Fruits and vegetables based foods,Meals,Soups,Vegetable soups,Bean soups",251.0,0.5,3.4,0.5,2.2,3.5,75.6279839409722,-3,A,83.0,A,https://world.openfoodfacts.org/product/29036325/mexican-chilli-bean-soup-m-s-eat-well
Humous,Asda,"Plant-based foods and beverages, Plant-based foods, Condiments, Spreads, Plant-based spreads, Salted spreads, Sauces, Dips, Hummus, Groceries",885.0,1.4,0.7,0.65,6.2,4.4,77.5,-2,A,78.0,A,https://world.openfoodfacts.org/product/5054070481264/humous-asda
Moroccan Houmous,Sainsbury’s,"Plant-based foods and beverages, Plant-based foods, Condiments, Spreads, Plant-based spreads, Salted spreads, Sauces, Dips, Hummus, Groceries",949.0,1.7,2.3,0.9,6.0,5.5,85.4611328125,-5,A,73.0,B,https://world.openfoodfacts.org/product/01576009/moroccan-houmous-sainsbury-s
Peeled Plum Tomateos,Napolina,"Plant-based foods and beverages, Plant-based foods, Fruits and vegetables based foods, Vegetables based foods, Vegetables, Tomatoes and their products, Tomatoes, Tinned Plum Tomatoes, en:canned-tomatoes",95.0,0.0,3.4,0.13,1.3,0.9,83.3333333333333,-6,A,79.0,A,https://world.openfoodfacts.org/product/5010061242573/peeled-plum-tomateos-napolina
Oatmeal (oat flakes),,"Plant-based foods and beverages, Plant-based foods, Breakfasts, Cereals and potatoes, Cereals and their products, Breakfast cereals, Flakes, Cereal flakes, en:rolled-flakes",1450.0,1.14,0.5,0.013,12.0,10.0,0.0,-6,A,25.0,E,https://world.openfoodfacts.org/product/4600819812427/oatmeal-oat-flakes
Houmous,Morrisons,"Plant-based foods and beverages, Plant-based foods, Condiments, Spreads, Plant-based spreads, Salted spreads, Sauces, Dips, Hummus",779.0,1.3,0.7,0.47,7.6,6.0,76.9375,-5,A,79.0,A,https://world.openfoodfacts.org/product/09014961/houmous-morrisons
Wholewheat Penne Pasta,ASDA,"Plant-based foods and beverages, Plant-based foods, Cereals and potatoes, Cereals and their products, Pastas, Dry pastas, Dried wholemeal pasta, Wholemeal-dried-pasta",621.0,0.2,0.5,0.01,4.8,3.7,0.0,-3,A,67.0,B,https://world.openfoodfacts.org/product/5054781025276/wholewheat-penne-pasta-asda
Tesco Carrot & Houmous,"Tesco,Tesco Plant Chef","Plant-based foods and beverages, Plant-based foods, Condiments, Spreads, Plant-based spreads, Salted spreads, Sauces, Dips, Hummus, Groceries",490.0,0.8,3.5,0.393,3.1,3.8,86.0989583333333,-6,A,79.0,A,https://world.openfoodfacts.org/product/5057753900335/tesco-carrot-houmous
Beurre de cacahuète crémeux,Moulin des Moines,"Plant-based foods and beverages, Plant-based foods, Legumes and their products, Spreads, Plant-based spreads, Oilseed purees, Legume butters, Peanut butters, en:nut-butters",2470.0,8.8,3.28,0.12,25.0,11.0,100.0,-4,A,35.0,D,https://world.openfoodfacts.org/product/3347430026734/beurre-de-cacahuete-cremeux-moulin-des-moines
Whole chia seeds,Natural selection,"Plant-based foods and beverages, Plant-based foods, Cereals and potatoes, Seeds, Cereals and their products, Cereal grains, Chia, ro:seminte",1770.0,2.6,0.9,0.0,19.5,31.0,0.0,-7,A,15.0,E,https://world.openfoodfacts.org/product/5060135534202/whole-chia-seeds-natural-selection
Mushroom and Leek Sausages,Waitrose,"Plant-based foods and beverages, Plant-based foods, Meat alternatives, Meat analogues, Vegetarian sausages",486.0,1.2,1.2,1.16,7.6,5.8,42.078125,-2,A,61.0,B,https://world.openfoodfacts.org/product/5000169612668/mushroom-and-leek-sausages-waitrose
Unt de arahide cremos,NutLine,"Plant-based foods and beverages, Plant-based foods, Legumes and their products, Spreads, Plant-based spreads, Oilseed purees, Legume butters, Peanut butters",2456.0,7.8,5.9,0.4,24.8,9.5,95.8333333333333,-3,A,42.0,D,https://world.openfoodfacts.org/product/5941445676304/unt-de-arahide-cremos-nutline
Granola chocolat & noisettes  Stevia,Delhaize,"Plant-based foods and beverages, Plant-based foods, Breakfasts, Cereals and potatoes, Cereals and their products, Breakfast cereals, en:mueslis-with-chocolate",1665.0,3.0,3.5,0.21,10.0,20.0,1.75,-3,A,62.0,B,https://world.openfoodfacts.org/product/5400113704522/granola-chocolat-noisettes-stevia-delhaize
Pear Halves in refined fruit juice,Sainsbury's,"Plant-based foods and beverages,Plant-based foods,Canned foods,Canned plant-based foods,Canned fruits,Pears in syrup",161.0,0.1,8.5,0.01,0.5,1.4,81.25,-4,A,77.0,A,https://world.openfoodfacts.org/product/00032971/pear-halves-in-refined-fruit-juice-sainsbury-s
Chopped Tomatoes With Herbs,Cucina,"Plant-based foods and beverages,Plant-based foods,Fruits and vegetables based foods,Canned foods,Vegetables based foods,Canned plant-based foods,Vegetables,Canned vegetables,Tomatoes and their products,Tomatoes,Canned tomatoes,Chopped-tomatoes",82.0,0.0,2.9,0.03,1.1,1.2,97.1,-6,A,77.0,A,https://world.openfoodfacts.org/product/4088600478401/chopped-tomatoes-with-herbs-cucina
White seedless grapes,Sainsbury's,"Plant-based foods and beverages, Plant-based foods, Fruits and vegetables based foods, Fruits based foods, Fruits, Grapes, Green grapes, en:green-seedless-grapes",278.0,0.1,15.4,0.1,0.5,0.7,100.0,-1,A,78.0,A,https://world.openfoodfacts.org/product/01111323/white-seedless-grapes-sainsbury-s
Spaghetti,"Ebro Foods, Panzani","Plant-based foods and beverages, Plant-based foods, Cereals and potatoes, Cereals and their products, Pastas, Cereal pastas, Dry pastas, Durum wheat pasta, Spaghetti, Durum wheat spaghetti, Dry durum wheat pasta",1531.0,0.4,3.7,0.0,12.0,3.6,0.0,-2,A,71.0,B,https://world.openfoodfacts.org/product/3038350025005/spaghetti-ebro-foods
Pâtes Spaghetti au blé complet sachet de 500g,U,"Plant-based foods and beverages, Plant-based foods, Cereals and potatoes, Cereals and their products, Pastas, Cereal pastas, Dry pastas, Durum wheat pasta, Dried wholemeal pasta, Spaghetti, Durum wheat spaghetti, Whole-wheat-spaghetti, en:whole-durm-wheat-spaghetti",1452.0,0.4,3.0,0.03,11.0,7.0,0.0,-6,A,67.0,B,https://world.openfoodfacts.org/product/3256221135381/pates-spaghetti-au-ble-complet-sachet-de-500g-u
"Sauce Tomates spécial Pizza à l'origan, brique de 390g",U,"Plant-based foods and beverages, Plant-based foods, Fruits and vegetables based foods, Condiments, Vegetables based foods, Sauces, Tomatoes and their products, Tomato sauces, Tomato purées, Groceries, en:pizza-sauces",192.0,0.1,6.4,1.0,2.0,1.9,95.075,-2,A,77.0,A,https://world.openfoodfacts.org/product/3256223683828/sauce-tomates-special-pizza-a-l-origan-brique-de-390g-u
"Duo de fleurettes brocolis, chou-fleur Bio",Picard,"Plant-based foods and beverages, Plant-based foods, Fruits and vegetables based foods, Vegetables based foods, Frozen foods, Vegetables, Frozen plant-based foods, Frozen vegetables, Leaf vegetables, Frozen plant-based foods mixes, Mixed vegetables, Broccoli, Cauliflowers, Frozen mixed vegetables, en:frozen-cauliflower-florets",105.0,0.1,1.9,0.03,2.5,2.6,100.0,-8,A,89.0,A,https://world.openfoodfacts.org/product/3270160757046/duo-de-fleurettes-brocolis-chou-fleur-bio-picard
Spaghetti,"Carrefour BIO,Carrefour","Plant-based foods and beverages,Plant-based foods,Cereals and potatoes,Cereals and their products,Pastas,Cereal pastas,Dry pastas,Durum wheat pasta,Spaghetti,Dry durum wheat pasta,Durum wheat spaghetti",1474.0,0.1,3.3,0.03,12.0,3.5,5.0,-3,A,80.0,A,https://world.openfoodfacts.org/product/3270190127833/carrefour-bio-spaghetti
Pommes rissolées,"Marque Repère, Pom'Lisse","Plant-based foods and beverages, Plant-based foods, Cereals and potatoes, Frozen foods, Prepared potatoes, Fried potato cubes, Frozen fried potatoes, Frozen fried potato cubes, Frozen cooked pre-fried potato cubes, Frozen-pre-fried-potato-cubes, en:potatoes",500.0,0.3,0.5,0.13,2.5,1.6,0.0,-1,A,74.0,B,https://world.openfoodfacts.org/product/3564700006269/pommes-rissolees-marque-repere
Haricots verts extra fins,"Marque Repère, Notre Jardin","Aliments et boissons à base de végétaux, Aliments d'origine végétale, Aliments à base de fruits et de légumes, Légumineuses et dérivés, Conserves, Légumineuses, Légumes et dérivés, Aliments à base de plantes en conserve, Légumes, Légumes en conserve, Haricots verts, Légumineuses en conserve, Haricots verts en conserve",97.0,0.1,1.0,1.0,1.5,2.5,85.3868194842407,-3,A,85.0,A,https://world.openfoodfacts.org/product/3564700008867/haricots-verts-extra-fins-marque-repere
Pomme nature,Andros,"Plant-based foods and beverages, Plant-based foods, Fruits and vegetables based foods, Desserts, Fruits based foods, Compotes, Apple compotes, Compotes to drink, en:light-compotes",266.0,0.0,14.0,0.0,0.3,1.9,96.0,-4,A,81.0,A,https://world.openfoodfacts.org/product/3608580773191/pomme-nature-andros
Bergsteiger Müsli,Seitenbacher,"Pflanzliche Lebensmittel und Getränke, Pflanzliche Lebensmittel, Frühstücke, Getreide und Kartoffeln, Getreideprodukte, Frühstückscerealien, Frühstückscerealien mit Früchten, Getreideflocken, Müslis, Müslis mit Früchten",1653.0,1.0,20.0,0.0975,14.0,8.0,39.7635323660714,-3,A,67.0,B,https://world.openfoodfacts.org/product/4008391040229/bergsteiger-musli-seitenbacher
Tesco Swiss Style Muesli,Tesco,"Plant-based foods and beverages, Plant-based foods, Breakfasts, Cereals and potatoes, Cereals and their products, Breakfast cereals, Mueslis, Bircher-style mueslis",1546.0,0.8,17.3,0.1,10.3,7.9,16.4285714285714,-2,A,67.0,B,https://world.openfoodfacts.org/product/5052003786165/tesco-swiss-style-muesli
Vegane Falafel,Garden Gourmet,"Plant-based foods and beverages,Plant-based foods,Meat alternatives,Vegetarian balls,Falafels",781.0,0.6,2.0,1.2,7.5,8.7,66.0776988636364,-5,A,74.0,B,https://world.openfoodfacts.org/product/7290013998088/falafel-garden-gourmet
CARAMELISED ALMONDS & PECANS,NATURAL BAMBOO,"Plant-based foods and beverages, Plant-based foods, Breakfasts, Cereals and potatoes, Cereals and their products, Breakfast cereals, Mueslis, Cereals with nuts, Mueslis with nuts, en:crunchy-cereal-clusters",1890.0,2.6,5.8,0.000275,12.0,7.6,17.875,-3,A,62.0,B,https://world.openfoodfacts.org/product/5419980021854/granola-almonds-peacans-natural-bamboo
Zarte Haferflocken XXL,"Avena Cerealien, Crownfield, LIDL","Plant-based foods and beverages, Plant-based foods, Breakfasts, Cereals and potatoes, Cereals and their products, Breakfast cereals, Flakes, Cereal flakes, Rolled flakes, Rolled oats",1566.0,1.3,0.7,0.03,13.5,10.0,0.0,-7,A,76.0,A,https://world.openfoodfacts.org/product/20983451/zarte-haferflocken-xxl-avena-cerealien
Vegetarian chicken slices,Quorn,"Plant-based foods and beverages, Plant-based foods, Meat alternatives, Meat analogues, Prepared meat cuts substitutes, Ham substitutes, Mycoprotein",481.0,1.3,0.5,0.93,16.0,6.9,0.0,-6,A,74.0,B,https://world.openfoodfacts.org/product/5019503039924/vegetarian-chicken-slices-quorn
Légumes pour couscous recette à l'orientale - Boîte 800g,U,"Plant-based foods and beverages, Plant-based foods, Fruits and vegetables based foods, Canned foods, Vegetables based foods, Canned plant-based foods, Meals, Canned vegetables, Savory semolina dishes, Prepared couscous, Couscous with vegetables, fr:Légumes cuisinés, en:prepared-vegetables",115.0,0.1,1.8,0.55,1.2,1.6,97.6361031518624,-4,A,82.0,A,https://world.openfoodfacts.org/product/3256228104397/legumes-pour-couscous-recette-a-l-orientale-boite-800g-u
Pumpkin Seeds,Tesco,"Plant-based foods and beverages, Plant-based foods, Seeds, Pumpkin and Squash plant products, Cucurbitacea seeds, Pumpkin seeds and their products, Pumpkin seeds",2428.0,7.0,1.1,0.1,24.4,8.5,0.0,6,A,20.0,E,https://world.openfoodfacts.org/product/5052909625346/pumpkin-seeds-tesco
Meadow Fresh Sweet Chilli Houmous,Lidl,"Plant-based foods and beverages, Plant-based foods, Condiments, Spreads, Plant-based spreads, Salted spreads, Sauces, Dips, Hummus",885.0,1.4,5.0,0.46,7.8,5.5,72.65,-4,A,73.0,B,https://world.openfoodfacts.org/product/4056489240754/meadow-fresh-sweet-chilli-houmous-lidl
Beurre de cacahuète,Delhaize,"Plant-based foods and beverages, Plant-based foods, Legumes and their products, Spreads, Nuts and their products, Plant-based spreads, Oilseed purees, Legume butters, Nut butters, Peanut butters",2696.0,11.0,4.8,0.0,22.5,7.5,85.0,0,A,35.0,D,https://world.openfoodfacts.org/product/5400113668428/beurre-de-cacahuete-delhaize
"Semi di lino, zucca, girasole, chia e bacche di goji",Linwoods,"Plant-based foods and beverages,Plant-based foods,Cereals and potatoes,Seeds,Cereals and their products,Cereal grains,Flax seeds",2163.0,5.3,4.9,0.21,22.0,18.0,15.0,6,A,63.0,B,https://world.openfoodfacts.org/product/5016887005002/semi-di-lino-zucca-girasole-chia-e-bacche-di-goji-linwoods
Schoko-Müsli mit 30 % weniger Zucker,Golden Bridge,"Plant-based foods and beverages, Plant-based foods, Breakfasts, Cereals and potatoes, Cereals and their products, Breakfast cereals, Mueslis, en:mueslis-with-chocolate",1626.0,2.2,7.3,0.08,12.5,9.0,2.0,-4,A,63.0,B,https://world.openfoodfacts.org/product/4061464833838/schoko-musli-mit-30-weniger-zucker-golden-bridge
Asda 100% peanut butter,Asda,"Plant-based foods and beverages, Plant-based foods, Legumes and their products, Spreads, Plant-based spreads, Oilseed purees, Legume butters, Peanut butters, en:nut-butters",2624.0,5.9,6.0,0.02,26.0,6.3,100.0,-4,A,35.0,D,https://world.openfoodfacts.org/product/5063089313756/asda-100-peanut-butter
Wheat Bisks,Harvest Morn,"Plant-based foods and beverages, Plant-based foods, Breakfasts, Cereals and potatoes, Cereals and their products, Breakfast cereals, Whole-wheat-cereal-biscuits, en:biscuits",1514.0,0.6,4.4,0.28,12.0,10.0,0.0,-5,A,25.0,E,https://world.openfoodfacts.org/product/4087344247519/wheat-bisks-harvest-morn
Lentilles vertes,Vivien Paille,"Aliments et boissons à base de végétaux, Aliments d'origine végétale, Aliments à base de fruits et de légumes, Légumineuses et dérivés, Légumineuses, Graines, Légumes et dérivés, Graines de légumineuses, Légumineuses sèches, Lentilles, Lentilles vertes",1385.0,0.2,1.1,0.0,25.0,16.0,100.0,-15,A,79.0,A,https://world.openfoodfacts.org/product/3039820510236/lentilles-vertes-vivien-paille
Haricots blancs à la tomate,"Les Mousquetaires, Saint eloi, Sélection des Mousquetaires","Aliments et boissons à base de végétaux, Aliments d'origine végétale, Aliments à base de fruits et de légumes, Légumineuses et dérivés, Conserves, Légumineuses, Graines, Légumes et dérivés, Aliments à base de plantes en conserve, Graines de légumineuses, Plats préparés, Légumes en conserve, Légumineuses sèches, en:Common beans, Légumes préparés, Légumineuses en conserve, Haricots blancs, Plats préparés en conserve, Haricots à la tomate, Haricots en conserve",356.0,0.0,0.7,0.94,5.7,5.7,86.2559241706161,-7,A,82.0,A,https://world.openfoodfacts.org/product/3250390003779/haricots-blancs-a-la-tomate-les-mousquetaires
Gourdes à la Pomme,"Marque Repère, Douceur du Verger","Plant-based foods and beverages, Plant-based foods, Fruits and vegetables based foods, Desserts, Fruits based foods, Compotes, Apple compotes, Compotes to drink, en:applesauces",242.0,0.1,11.0,0.01,0.5,1.4,99.0,-3,A,76.0,A,https://world.openfoodfacts.org/product/3564700462805/gourdes-a-la-pomme-marque-repere
Ananas en tranches entières au jus naturel,"Marque Repère, Douceur du Verger","Aliments et boissons à base de végétaux, Aliments d'origine végétale, Aliments à base de fruits et de légumes, Conserves, Aliments à base de plantes en conserve, Fruits et produits dérivés, Fruits, Fruits en conserve, Fruits tropicaux, Ananas, Fruits en conserve au jus, Ananas en conserve, Ananas au jus",229.0,0.1,13.0,0.01,0.5,1.0,100.0,-3,A,85.0,A,https://world.openfoodfacts.org/product/3564700863305/ananas-en-tranches-entieres-au-jus-naturel-marque-repere
"Haferflocken, Vollkorn, Kleinblatt","Bio,K-Bio","Plant-based foods and beverages,Plant-based foods,Breakfasts,Cereals and potatoes,Cereals and their products,Breakfast cereals,Flakes,Cereal flakes,Extruded flakes,Rolled flakes,Rolled oats",1479.0,1.4,1.1,0.02,11.0,9.7,0.0,-6,A,82.0,A,https://world.openfoodfacts.org/product/4337185292682/haferflocken-vollkorn-kleinblatt-bio
Rigatoni N°35,Garofalo,"Plant-based foods and beverages, Plant-based foods, Cereals and potatoes, Cereals and their products, Pastas, Cereal pastas, Dry pastas, Durum wheat pasta, Rigatoni, Dry durum wheat pasta",1489.0,0.0,3.0,0.0,14.0,3.0,0.0,-4,A,76.0,A,https://world.openfoodfacts.org/product/8000139000355/rigatoni-n-35-garofalo
100% pindakaas met stukjes pinda,"Albert Heijn, Albert Heijn Bio","Plantaardige levensmiddelen en dranken, Plantaardige levensmiddelen, Bonen- en afgeleide producten, Smeerbare producten, Noten en -producten, Plantaardige smeerbare producten, Puree van oliehoudende zaden, Peulvruchtenpastas, Notenpasta's, Pindakazen",2743.0,11.0,4.0,0.1,31.0,8.8,100.0,0,A,67.0,B,https://world.openfoodfacts.org/product/8718906652750/100-pindakaas-met-stukjes-pinda-albert-heijn
Plain flour,"Stockwell & Co, Tesco","Plant-based foods and beverages, Plant-based foods, Flours, en:wheat-flours",1479.0,0.1,2.9,0.13,10.1,3.2,0.0,-3,A,82.0,A,https://world.openfoodfacts.org/product/5057545735312/plain-flour-stockwell-co
Carottes râpées,"Auchan, Groupe Auchan","Plant-based foods and beverages, Plant-based foods, Fruits and vegetables based foods, Vegetables based foods, Meals, Vegetables, Prepared vegetables, Carrots, Grated carrots, en:prepared-salads, Aliments et boissons à base de légumes, en:Vegetables (freshly prepared)",322.0,0.3,5.5,0.68,0.9,2.6,84.9380729166667,-3,A,73.0,B,https://world.openfoodfacts.org/product/3596710484140/carottes-rapees-auchan
Asda Chopped Tomatoes,Asda,"Plant-based foods and beverages, Plant-based foods, Canned foods, Fruits and vegetables based foods, Canned plant-based foods, Vegetables based foods, Canned vegetables, Tomatoes and their products, Tomatoes, Canned tomatoes, Asda-chopped-tinned-tomatoes, Tinned tomatoes",93.0,0.1,3.8,0.01,1.1,0.8,90.0,-4,A,80.0,A,https://world.openfoodfacts.org/product/5054781025719/asda-chopped-tomatoes
Kingfisher Bamboo Shoots in Water,Kingfisher,"Plant-based foods and beverages,Plant-based foods,Sprouts,Bamboo shoots",56.0,0.0,0.7,0.0,1.5,1.4,66.6666666666667,-3,A,79.0,A,https://world.openfoodfacts.org/product/5011826421004/kingfisher-bamboo-shoots-in-water
Flax Seeds,Tesco,"Plant-based foods and beverages, Plant-based foods, Cereals and potatoes, Seeds, Cereals and their products, Cereal grains, Flax seeds",2088.0,4.3333,1.3333,0.33333,24.0,23.0,0.0,4,A,38.0,D,https://world.openfoodfacts.org/product/03263983/flax-seeds-tesco
Garden Peas,Aldi Every Day Essentials,"Plant-based foods and beverages, Plant-based foods, Fruits and vegetables based foods, Legumes and their products, Legumes, Vegetables based foods, Vegetables, Green peas, en:canned-peas",212.0,0.1,1.5,0.05,3.3,3.0,100.0,-9,A,72.0,B,https://world.openfoodfacts.org/product/4088600108704/garden-peas-aldi-every-day-essentials
Beluga Lentils,Merchant Gourmet,"Plant-based foods and beverages, Plant-based foods, Legumes and their products, Legumes, Seeds, Legume seeds, Pulses, Lentils, Black lentils, en:prepared-lentils",602.0,0.3,0.5,0.05,11.0,8.1,100.0,-15,A,80.0,A,https://world.openfoodfacts.org/product/5018095011448/beluga-lentils-merchant-gourmet
Pipas girasol tostadas gigantes 0% sal añadida,Hacendado,"Plant-based foods and beverages, Plant-based foods, Seeds, Nuts and their products, Nuts, Sunflower seeds and their products, Sunflower seeds, en:roasted-sunflower-seeds",2631.0,6.8,4.0,0.0,28.7,8.0,0.0,7,A,43.0,D,https://world.openfoodfacts.org/product/8480000230591/pipas-girasol-tostadas-gigantes-0-sal-anadida-hacendado
Crunchy muesli 4 nuts,Holie,"Plant-based foods and beverages,Plant-based foods,Breakfasts,Cereals and potatoes,Cereals and their products,Breakfast cereals,Mueslis",1767.0,1.8,2.4,0.01,11.0,20.7,0.0,-5,A,76.0,A,https://world.openfoodfacts.org/product/8720256082347/crunchy-muesli-4-nuts-holie
Schoko-Müsli glutenfrei,DmBio,"Pflanzliche Lebensmittel und Getränke, Pflanzliche Lebensmittel, Frühstücke, Getreide und Kartoffeln, Getreideprodukte, Frühstückscerealien, Schokoflocken, Müslis, Müslis mit Schokolade",1602.0,2.8,6.2,0.24,11.0,8.4,0.0,-3,A,82.0,A,https://world.openfoodfacts.org/product/4066447422764/schoko-musli-glutenfrei-dmbio
Crunchy Fibre,Farmer,"Plant-based foods and beverages, Plant-based foods, Breakfasts, Cereals and potatoes, Cereals and their products, Breakfast cereals, Cereals with fruits, Crunchy cereal clusters, Cereal clusters with fruits, en:mueslis",1700.0,1.4,7.7,0.18,9.6,14.0,8.625,-2,A,62.0,B,https://world.openfoodfacts.org/product/7613312427828/crunchy-fibre-farmer
Barista coconut milk,"Alpo, Alpro","Plant-based foods and beverages, Plant-based foods, Plant-based creams, Plant-based creams for cooking, Coconut milks and creams, en:milk-substitutes",143.0,0.7,3.4,0.1,1.5,0.3,5.7,0,A,78.0,A,https://world.openfoodfacts.org/product/5411188139249/barista-coconut-milk-alpo
Berry Mix with Sour Cherries,Verona,"Plant-based foods and beverages, Plant-based foods, Fruits and vegetables based foods, Frozen foods, Fruits based foods, Frozen plant-based foods, Fruits, Berries, Frozen fruits, Frozen mixed fruits, Frozen berries, Frozen mixed berries",200.0,0.0,7.1,0.01,0.9,0.0,100.0,-3,A,61.0,B,https://world.openfoodfacts.org/product/20130596/berry-mix-with-sour-cherries-verona
Plant based no meat balls,"Vemondo (Lidl), Bio Sonne Norma","Plant-based foods and beverages,Plant-based foods,Meats and their products,Meat alternatives,Meat analogues,Vegetarian balls,Vegan balls",696.0,0.5,1.1,1.53,18.9,4.8,15.5,-2,A,61.0,B,https://world.openfoodfacts.org/product/20330743/plant-based-no-meat-balls-vemondo-lidl
Serpentini,Panzani,"Plant-based foods and beverages,Plant-based foods,Cereals and potatoes,Cereals and their products,Pastas,Cereal pastas,Dry pastas,Durum wheat pasta,Dry durum wheat pasta,fr:Serpentini",1531.0,0.4,3.7,0.0,12.0,3.6,0.0,-2,A,72.0,B,https://world.openfoodfacts.org/product/3038350250803/serpentini-panzani
Ananas au jus,St Mamet,"Plant-based foods and beverages, Plant-based foods, Canned foods, Canned plant-based foods, Canned fruits, Canned fruits in juice, Canned pineapples, Pineapple in juice, en:pineapple",228.0,0.0,12.0,0.0,0.5,1.0,83.3333333333333,-3,A,77.0,A,https://world.openfoodfacts.org/product/3080920981945/ananas-au-jus-st-mamet
Grand Ananas Tranches Sans sucres ajoutés,St Mamet,"Plant-based foods and beverages, Plant-based foods, Fruits and vegetables based foods, Canned foods, Canned plant-based foods, Fruits based foods, Fruits, Canned fruits, Tropical fruits, Pineapple, Canned pineapples, en:pineapple-in-syrup",228.0,0.0,12.0,0.0,0.5,1.0,83.3333333333333,-3,A,74.0,B,https://world.openfoodfacts.org/product/3080920981983/grand-ananas-tranches-sans-sucres-ajoutes-st-mamet
Coulis de Tomates,Casino,"Plant-based foods and beverages, Plant-based foods, Fruits and vegetables based foods, Condiments, Vegetables based foods, Sauces, Tomatoes and their products, Tomato sauces, Tomato purées, fr:Epicerie, en:strained-tomatoes",175.0,0.0,5.3,0.05,2.0,1.9,100.0,-6,A,77.0,A,https://world.openfoodfacts.org/product/3222471054222/puree-de-tomates-sauce-casino
Lentilles gourmandes Petits pois & soja,Carrefour,"Plant-based foods and beverages, Plant-based foods, Legumes and their products, Cereals and potatoes, Legumes, Seeds, Cereals and their products, Legume seeds, Pulses, en:lentils",1490.0,0.9,3.0,0.0,26.0,12.0,83.0,-15,A,79.0,A,https://world.openfoodfacts.org/product/3560070823826/lentilles-gourmandes-petits-pois-soja-carrefour
Hazelnuts shelled,Seeberger,"Plant-based foods and beverages, Plant-based foods, Nuts and their products, Nuts, Hazelnuts, Shelled nuts, Shelled hazelnuts",2781.0,5.3,3.9,0.0,16.0,7.7,100.0,-4,A,21.0,E,https://world.openfoodfacts.org/product/4008258100011/hazelnuts-shelled-seeberger
Haferflocken Großblatt,"Alnatura,Alnatura GmbH","Plant-based foods and beverages,Plant-based foods,Breakfasts,Cereals and potatoes,Cereals and their products,Breakfast cereals,Flakes,Cereal flakes,Rolled flakes,Rolled oats,de:Flocken/Flockenmisch",1563.0,1.3,1.1,0.03,13.0,10.0,0.0,-7,A,89.0,A,https://world.openfoodfacts.org/product/4104420115743/haferflocken-grossblatt-alnatura
Pindakaas,Calvé,"Plant-based foods and beverages, Plant-based foods, Legumes and their products, Spreads, Plant-based spreads, Oilseed purees, Legume butters, Peanut butters, en:nut-butters",2775.0,8.66666666666667,6.66666666666667,0.0,21.3333333333333,6.66666666666667,95.0,-1,A,25.0,E,https://world.openfoodfacts.org/product/8711200432394/pindakaas-calve
Italian Tomato Passata with Garlic & Herbs,Tesco,"Plant-based foods and beverages, Plant-based foods, Fruits and vegetables based foods, Condiments, Sauces, en:tomato-sauces",92.0,0.1,2.9,0.1,1.2,1.8,99.9,-7,A,72.0,B,https://world.openfoodfacts.org/product/5000436266044/italian-tomato-passata-with-garlic-herbs-tesco
Houmous,Be Good to Yourself,"Plant-based foods and beverages,Breakfasts,Condiments,Spreads,Plant-based spreads,Salted spreads,Sweet spreads,Bee products,Farming products,Sweeteners,Honeys,Sauces,Dips,Hummus,Chestnut honey",690.0,1.0,0.8,0.5,6.5,4.9,0.0,-2,A,78.0,A,https://world.openfoodfacts.org/product/00349246/houmous-be-good-to-yourself
Piña en su Jugo,Hacendado,"Plant-based foods and beverages, Plant-based foods, Fruits and vegetables based foods, Canned foods, Canned plant-based foods, Fruits based foods, Fruits, Canned fruits, Tropical fruits, Pineapple, Canned pineapples, en:pineapple-in-juice",238.0,0.0,13.0,0.01,0.5,1.0,100.0,-3,A,72.0,B,https://world.openfoodfacts.org/product/8480000152206/pina-en-su-jugo-hacendado
100% Peanuts Smooth Peanut Butter,Morrisons,"Plant-based foods and beverages, Plant-based foods, Legumes and their products, Spreads, Plant-based spreads, Oilseed purees, Legume butters, Peanut butters, en:nut-butters",2509.0,7.7,5.7,0.0,26.4,8.8,100.0,-4,A,47.0,C,https://world.openfoodfacts.org/product/5010251767435/100-peanuts-smooth-peanut-butter-morrisons
Milled Hemp Seed,Linwoods,"Plant-based foods and beverages, Plant-based foods, en:breakfast-cereals",2038.0,3.9,1.7,0.05,24.0,27.0,0.0,-5,A,25.0,E,https://world.openfoodfacts.org/product/5016887005187/milled-hemp-seed-linwoods
Galettes protéinées soja et blé,"Céréal, céréal Bio","Plant-based foods and beverages, Plant-based foods, Meat alternatives, Meat analogues, Vegetarian patties, Soy steak, en:textured-vegetable-protein",899.0,0.9,2.9,1.1,17.0,5.0,14.55,-3,A,82.0,A,https://world.openfoodfacts.org/product/3175681269590/galettes-proteinees-soja-et-ble-cereal
Copos de avena integral  suaves,alipende,"Plant-based foods and beverages, Plant-based foods, Breakfasts, Cereals and potatoes, Cereals and their products, Breakfast cereals, en:cereal-flakes",1586.0,1.2,1.0,0.08,11.8,11.1,0.0,-6,A,25.0,E,https://world.openfoodfacts.org/product/8421691741348/copos-de-avena-integral-suaves-alipende
Golden Flaxseeds,Tesco,"Plant-based foods and beverages, Plant-based foods, Cereals and potatoes, Seeds, Cereals and their products, Cereal grains, Flax seeds",2107.0,3.7,1.5,0.13,23.2,22.3,0.0,-5,A,34.0,D,https://world.openfoodfacts.org/product/5052910569400/golden-flaxseeds-tesco
Raisins Mini Snacks,The Foodie Market,"Plant-based foods and beverages, Plant-based foods, Fruits and vegetables based foods, Snacks, Fruits based foods, Dried products, Dried plant-based foods, Dried fruits, Variety packs, Raisins, Snacks variety packs",1174.0,0.2,3.0,0.04,3.0,2.7,75.0,-3,A,68.0,B,https://world.openfoodfacts.org/product/4088600263700/raisins-mini-snacks-the-foodie-market
QUAKER PROTEIN ORIGINAL,QUAKER,"Plant-based foods and beverages, Plant-based foods, Breakfasts, Cereals and potatoes, Cereals and their products, Breakfast cereals, Flakes, Cereal flakes, Rolled flakes, Rolled oats, Instant oats, Instant-oats",1528.0,0.8,12.0,0.25,24.0,6.6,0.0,-5,A,62.0,B,https://world.openfoodfacts.org/product/5000108703099/quaker-protein-original
Baked beans,Branston,"Plant-based foods and beverages, Plant-based foods, Prepared vegetables, Baked beans in tomato sauce",359.0,0.1,4.7,0.6,4.6,5.9,89.0,-7,A,89.0,A,https://world.openfoodfacts.org/product/5000232882035/baked-beans-branston
Smashed avocado with chilli,Lidl,"Plant-based foods and beverages,Spreads,Avocado pulp",639.0,3.0,0.3,0.3,2.7,3.7,99.85,-5,A,56.0,C,https://world.openfoodfacts.org/product/4056489594710/smashed-avocado-with-chilli-lidl
Pistachios in shell,Asda,"Plant-based foods and beverages, Plant-based foods, Nuts and their products, Nuts, Pistachio nuts, en:pistachios",2534.0,6.1,6.6,0.02,26.0,6.8,0.0,8,A,22.0,E,https://world.openfoodfacts.org/product/5057172859689/pistachios-in-shell-asda
Simply strawberry no added sugar oatmeal With Milk,Quaker,"Plant-based foods and beverages, Plant-based foods, Breakfasts, Cereals and potatoes, Cereals and their products, Breakfast cereals, Cereals with fruits, Porridge, Porridge with fruits",1400.0,1.23,2.15,0.231,9.54,8.0,2.0,-4,A,25.0,E,https://world.openfoodfacts.org/product/5000108031192/simply-strawberry-no-added-sugar-oatmeal-with-milk-quaker
Cruesli zero sugar added - Cocoa & banana,Quaker,"Plant-based foods and beverages, Plant-based foods, Breakfasts, Cereals and potatoes, Cereals and their products, Breakfast cereals, en:mueslis",1773.0,1.8,4.5,0.14,7.5,24.0,1.21458333333333,-3,A,62.0,B,https://world.openfoodfacts.org/product/8710398525826/cruesli-zero-sugar-added-cocoa-amp-banana-quaker
Peanut butter,Noberasco,"Plant-based foods and beverages, Plant-based foods, Legumes and their products, Spreads, Plant-based spreads, Oilseed purees, Legume butters, Peanut butters, en:nut-butters",2587.0,6.9,4.2,0.02,24.0,8.0,100.0,-5,A,35.0,D,https://world.openfoodfacts.org/product/8005120227247/peanut-butter-noberasco
Blueberries,Tesco,"Plant-based foods and beverages, Plant-based foods, Fruits and vegetables based foods, Fruits based foods, Fruits, en:blueberries",256.0,0.125,11.1,0.025,0.5,1.25,100.0,-3,A,59.0,C,https://world.openfoodfacts.org/product/5059697687013/blueberries-tesco
Peanut Butter,Healthy Habits,"Plant-based foods and beverages,Plant-based foods,Legumes and their products,Spreads,Nuts and their products,Plant-based spreads,Oilseed purees,Legume butters,Nut butters,Peanut butters",2540.0,8.2,4.9,0.02,24.2,8.4,100.0,-3,A,35.0,D,https://world.openfoodfacts.org/product/5202535177010/peanut-butter-healthy-habits
Danone ALPRO® Dessert Soja Vanille High Protein 200g,Alpro,"Pflanzliche Lebensmittel und Getränke, en:Dairy substitutes, Desserts, Milchfreie Nachtische, Puddings, Soja-Nachtische, en:Vegan creamy puddings, en:Flavoured soy dessert",399.0,0.5,4.9,0.42,10.0,1.0,11.2,-1,A,76.0,A,https://world.openfoodfacts.org/product/5411188137887/plant-pudding-protein-vanilla-flavour-alpro
Italian Tomato Púree,Ocado,"Plant-based foods and beverages, Plant-based foods, Condiments, Fruits and vegetables based foods, Vegetables based foods, Sauces, Tomatoes and their products, Tomato sauces, Tomatoes, Tomato purées, Tomato pastes",412.0,0.0,15.0,0.13,4.2,4.4,75.0,-2,A,65.0,B,https://world.openfoodfacts.org/product/5060034483175/italian-tomato-puree-ocado
Copos de avena suaves,"Lidl, Crownfield","Plant-based foods and beverages,Plant-based foods,Breakfasts,Cereals and potatoes,Cereals and their products,Breakfast cereals,Flakes,Cereal flakes,Rolled flakes,Rolled oats",1556.0,1.3,1.1,0.01,12.0,10.4,0.0,-6,A,76.0,A,https://world.openfoodfacts.org/product/4056489871880/copos-de-avena-suaves-lidl
Crinkle Cut Oven Chips,Harvest basket,"Plant-based foods and beverages, Plant-based foods, Cereals and potatoes, Chips and fries, Fries, Microwave fries, en:frozen-fried-potatoes",685.0,0.6,0.3,0.11,3.1,3.3,0.0,-2,A,78.0,A,https://world.openfoodfacts.org/product/20809973/crinkle-cut-oven-chips-harvest-basket
Betteraves Rouges cuites,Terr'Loire,"Aliments et boissons à base de végétaux, Aliments d'origine végétale, Aliments à base de fruits et de légumes, Légumes et dérivés, Légumes, Légumes préparés, Légumes cuits, Betteraves, Betteraves rouges cuites",183.0,0.1,6.68,0.135,2.3,2.4,100.0,-6,A,77.0,A,https://world.openfoodfacts.org/product/3182349293491/betteraves-rouges-cuites-terr-loire
Tartines craquantes au blé complet,Casino,"Plant-based foods and beverages,Plant-based foods,Snacks,Cereals and potatoes,Extruded crispbreads",1587.0,0.9,4.4,0.8,13.0,7.9,0.0,-4,A,71.0,B,https://world.openfoodfacts.org/product/3222475626043/tartines-craquantes-au-ble-complet-casino
Asperges pic nic vertes 212ml,Saint eloi,"Plant-based foods and beverages, Plant-based foods, Fruits and vegetables based foods, Vegetables based foods, Vegetables, Vegetable rods, Asparagus, Green asparagus, en:canned-asparagus, Autres produits",72.0,0.0,0.0,0.5,1.9,1.5,85.4196505299341,-4,A,70.0,B,https://world.openfoodfacts.org/product/3250391084753/asperges-pic-nic-vertes-212ml-saint-eloi
Pointes d'asperges,"Carrefour,Carrefour Classic","Plant-based foods and beverages,Plant-based foods,Fruits and vegetables based foods,Vegetable-based foods and beverages,Canned foods,Frozen foods,Vegetables based foods,Canned plant-based foods,Vegetables,Canned vegetables,Vegetable rods,Asparagus,White asparagus,Asparagus heads,Canned asparagus,Canned white asparagus,Processed Fruits and Vegetables,fr:Pointes d'asperges blanches",61.0,0.0,1.0,0.75,1.3,1.0,85.2223816355811,-3,A,81.0,A,https://world.openfoodfacts.org/product/3270190178514/carrefour-white-asparagus
Les vapeurs méditerranéens,"Marque Repère, Notre Jardin","Plant-based foods and beverages, Plant-based foods, Fruits and vegetables based foods, Vegetables based foods, Vegetables, Sweet peppers, Red bell peppers, fr:Haricots verre, en:frozen-vegetables",158.0,0.1,2.7,0.53,1.6,3.5,94.109375,-6,A,77.0,A,https://world.openfoodfacts.org/product/3564700566749/les-vapeurs-mediterraneens-marque-repere
Farine de blé T45 fluide sans grumeaux,Auchan,"Plant-based foods and beverages, Plant-based foods, Cereals and potatoes, Cereals and their products, Flours, Cereal flours, Wheat flours, en:wheat-flour-t405",1473.0,0.2,0.8,0.01,11.0,4.0,0.0,-3,A,82.0,A,https://world.openfoodfacts.org/product/3596710390144/farine-de-ble-t45-fluide-sans-grumeaux-auchan
Haferflocken Kernig,"Aldi,Edeka,Gut & günstig","Plant-based foods and beverages,Plant-based foods,Breakfasts,Cereals and potatoes,Cereals and their products,Breakfast cereals,Flakes,Cereal flakes,Extruded flakes,Rolled flakes,Rolled oats",1566.0,1.3,0.7,0.02,13.5,10.0,0.0,-7,A,76.0,A,https://world.openfoodfacts.org/product/4311501492277/haferflocken-kernig-aldi
Oat burst,,"Plant-based foods and beverages,Plant-based foods,Breakfasts,Cereals and potatoes,Cereals and their products,Breakfast cereals,Porridge,Instant,Oat-burst,Porridge-lnstant,Porridge Instant",428.0,0.415,0.415,0.0737,3.64,1.71,0.0,-1,A,25.0,E,https://world.openfoodfacts.org/product/5050665033276/oat-burst
Pisto,Hida,"Plant-based foods and beverages, Plant-based foods, Condiments, Meals, Sauces, Meal sauces, Tomato sauces, Plant-based meals, Fried tomato sauces, en:sofritos",391.0,0.7,7.4,0.4925,1.3,1.5,97.25375,-1,A,77.0,A,https://world.openfoodfacts.org/product/8424523060020/pisto-hida
Milled mixed seeds and nuts,Yum & Yay,"Plant-based foods and beverages,Plant-based foods,Nuts and their products,Flaxseed,Linseed",2390.0,5.1,1.4,0.4,23.0,17.1,18.2291666666667,6,A,29.0,E,https://world.openfoodfacts.org/product/5060036016241/milled-mixed-seeds-and-nuts-yum-yay
falafel,Waitrose,"Plant-based foods and beverages, Plant-based foods, Meat alternatives, Vegetarian balls, Falafels, en:plant-based-meals",1014.0,1.0,6.4,0.88,5.9,9.2,84.4207611083984,-6,A,74.0,B,https://world.openfoodfacts.org/product/5000169568545/falafel-waitrose
Organic Porridge Oats,Kearney's,"Plant-based foods and beverages, Plant-based foods, Breakfasts, Cereals and potatoes, Seeds, Cereals and their products, Breakfast cereals, Cereal grains, Flakes, Cereal flakes, Rolled flakes, Rolled oats, Oat, Porridge oats, en:porridge",1486.0,0.75,1.0,0.0,11.75,8.5,0.0,-7,A,66.0,B,https://world.openfoodfacts.org/product/4056489057741/organic-porridge-oats-kearney-s
Scottish Jumbo Rolled Oats,Co Op,"Plant-based foods and beverages, Plant-based foods, Breakfasts, Cereals and potatoes, Cereals and their products, Breakfast cereals, Porridge, en:rolled-flakes",1534.0,0.9,1.1,0.02,10.0,8.0,0.0,-7,A,39.0,D,https://world.openfoodfacts.org/product/5000128868860/scottish-jumbo-rolled-oats-co-op
Baked beans,By sainsbury's,"Plant-based foods and beverages, Plant-based foods, Prepared vegetables, Baked beans in tomato sauce",355.0,0.1,4.3,0.53,4.6,5.0,84.6775,-6,A,77.0,A,https://world.openfoodfacts.org/product/01852141/baked-beans-by-sainsbury-s
Fruit wheats apricot,Harvest Morn,"Plant-based foods and beverages, Plant-based foods, Breakfasts, Cereals and potatoes, Cereals and their products, Breakfast cereals, Extruded cereals, en:filled-cereals",1423.0,0.3,13.6,0.12,8.7,8.9,2.0,-3,A,25.0,E,https://world.openfoodfacts.org/product/4088600248448/fruit-wheats-apricot-harvest-morn
Pois chiches,D'aucy,"Plant-based foods and beverages, Plant-based foods, Fruits and vegetables based foods, Legumes and their products, Canned foods, Legumes, Seeds, Vegetables based foods, Canned plant-based foods, Legume seeds, Canned vegetables, Pulses, Chickpeas, en:canned-chickpeas",505.0,0.3,0.3,0.01,6.7,5.5,100.0,-11,A,86.0,A,https://world.openfoodfacts.org/product/3017800501375/pois-chiches-d-aucy
Blueberries,Four Seasons,"Plant-based foods and beverages, Plant-based foods, Fruits and vegetables based foods, Frozen foods, Fruits based foods, Frozen plant-based foods, Fruits, Berries, Frozen fruits, Blueberries, Frozen berries, Frozen blueberries",190.0,0.125,9.12,0.0125,0.875,1.5,100.0,-4,A,54.0,C,https://world.openfoodfacts.org/product/4088600109886/blueberries-four-seasons
Foodspring  peanut butter,foodspring,"Cibi e bevande a base vegetale, Cibi a base vegetale, Legumi ed i loro prodotti, Spalmabili, Noci ed i loro prodotti, Spalmabili a base di piante, Puree di oli di semi, Burro di legumi, Burro di frutta secca, Burri di arachidi, Burro-di-arachidi",2548.0,7.1,6.0,0.0,28.0,7.0,100.0,-3,A,55.0,C,https://world.openfoodfacts.org/product/4260701921813/foodspring-peanut-butter
Tesco Finest five grain muesli,Tesco,"Plant-based foods and beverages, Plant-based foods, Breakfasts, Cereals and potatoes, Cereals and their products, Breakfast cereals, en:mueslis-with-fruits",1578.0,1.0,12.7,0.1,14.7,7.1,33.25,-5,A,76.0,A,https://world.openfoodfacts.org/product/5057753083847/tesco-finest-five-grain-muesli
Reduce fat houmous,"Tesco, Eastman's Deli Foods","Plant-based foods and beverages, Plant-based foods, Condiments, Spreads, Plant-based spreads, Salted spreads, Sauces, Dips, Hummus",734.0,1.0,0.3,0.7,5.6,4.5,70.65703125,-3,A,87.0,A,https://world.openfoodfacts.org/product/03421321/reduce-fat-houmous-tesco
Green Lentils,Sainsbury’s,"Plant-based foods and beverages, Plant-based foods, Legumes and their products, Legumes, Seeds, Legume seeds, Pulses, Lentils, Green lentils",465.0,0.1,0.5,0.03,9.9,17.3,100.0,-15,A,75.0,A,https://world.openfoodfacts.org/product/00447881/green-lentils-sainsbury-s
Amandes décortiquées crues - Sachet 175g,U,"Plant-based foods and beverages, Plant-based foods, Nuts and their products, Nuts, Almonds, en:shelled-almonds",2543.0,4.1,3.8,0.03,26.0,12.0,100.0,-7,A,24.0,E,https://world.openfoodfacts.org/product/3256229738690/amandes-decortiquees-crues-sachet-175g-u
Flourish high protein berry granola,Sainsbury's,"Plant-based foods and beverages,Plant-based foods,Breakfasts,Cereals and potatoes,Cereals and their products,Breakfast cereals,Cereals with fruits,Mueslis,Mueslis with fruits",1824.0,1.7,9.1,0.15,24.2,10.2,1.5,-6,A,62.0,B,https://world.openfoodfacts.org/product/00494090/flourish-high-protein-berry-granola-sainsbury-s
Holland & Barrett Baked Beans,Holland & Barrett,"Plant-based foods and beverages, Plant-based foods, Specific products, Products for specific diets, Prepared vegetables, Products without gluten, Baked beans in tomato sauce, Dairy free, en:canned-common-beans",424.0,0.1,0.7,0.51,5.2,6.2,84.5584917449951,-9,A,72.0,B,https://world.openfoodfacts.org/product/5059604639821/holland-barrett-baked-beans
Red Seedless Grapes,Waitrose,"Plant-based foods and beverages, Plant-based foods, Fruits and vegetables based foods, Fruits based foods, Fruits, Grapes, Seedless grapes, Black grapes, Black seedless grapes, en:green-grapes",280.0,0.0,15.4,0.01,0.5,0.9,100.0,-2,A,78.0,A,https://world.openfoodfacts.org/product/5000169636534/red-seedless-grapes-waitrose
Peanut butter - Grandessa - Grandessa,Aldi,"Plant-based foods and beverages, Plant-based foods, Legumes and their products, Spreads, Plant-based spreads, Oilseed purees, Legume butters, Peanut butters",2590.0,6.0,6.67,0.0,26.0,8.0,19.8863636363636,6,A,35.0,D,https://world.openfoodfacts.org/product/4061461631383/peanut-butter-grandessa-grandessa-aldi
Pineapple Rings in syrup,Del Monte,"Plant-based foods and beverages, Plant-based foods, Fruits and vegetables based foods, Canned foods, Canned plant-based foods, Fruits based foods, Fruits, Canned fruits, Tropical fruits, Pineapple, Canned fruits in juice, Canned pineapples, Pineapple in juice, en:fruits-in-syrup",269.0,0.0,12.0,0.0,0.4,0.6,100.0,-2,A,72.0,B,https://world.openfoodfacts.org/product/0024000001966/pineapple-rings-in-syrup-del-monte
Lustucru quinoa facile duo de quinoa ble lentilles 300gr,Lustucru,"Plant-based foods and beverages, Plant-based foods, Legumes and their products, Cereals and potatoes, Cereals and their products, Variety packs, Cereal variety packs, en:quinoa",1500.0,0.6,1.9,0.0,14.0,8.0,0.0,-8,A,21.0,E,https://world.openfoodfacts.org/product/3038359004452/lustucru-quinoa-facile-duo-de-quinoa-ble-lentilles-300gr
Coquillettes,"CMI (Carrefour Marchandises Internationales), Carrefour, Groupe Carrefour","Plant-based foods and beverages, Plant-based foods, Cereals and potatoes, Cereals and their products, Pastas, Cereal pastas, Dry pastas, Durum wheat pasta, fr:Coquillettes, fr:Coquillettes de blé dur, Dry durum wheat pasta",1505.0,0.3,4.5,0.02,13.0,3.0,0.0,-3,A,67.0,B,https://world.openfoodfacts.org/product/3560070328918/elbows-cmi-carrefour-marchandises-internationales
Quinoa de l'equateur,Ethiquable,"Plant-based foods and beverages, Plant-based foods, Cereals and potatoes, Seeds, Cereals and their products, Cereal grains, Quinoa",1474.0,0.4,0.0,0.02,13.0,6.6,0.0,-7,A,48.0,C,https://world.openfoodfacts.org/product/3760091720436/quinoa-de-l-equateur-ethiquable
Légumes pour wok,Carrefour,"Plant-based foods and beverages, Plant-based foods, Fruits and vegetables based foods, Vegetables based foods, Frozen foods, Meals, Vegetables, Frozen plant-based foods, Frozen vegetables, Frozen plant-based foods mixes, Mixed vegetables, Pan-fried dishes, Frozen mixed vegetables, en:frozen-ready-made-meals",249.0,0.1,3.5,0.02,2.8,1.6,92.0,-6,A,69.0,B,https://world.openfoodfacts.org/product/5400101213654/legumes-pour-wok-carrefour
Wheat biscuits,tesco,"Plant-based foods and beverages, Plant-based foods, Snacks, Breakfasts, Cereals and potatoes, Sweet snacks, Cereals and their products, Biscuits and cakes, Breakfast cereals, Biscuits, Dry biscuits",1514.0,0.6,4.4,0.3,12.0,10.0,0.0,-5,A,60.0,B,https://world.openfoodfacts.org/product/5054269690200/wheat-biscuits-tesco
Oats,Jungle,"Plant-based foods and beverages, Plant-based foods, Breakfasts, Cereals and potatoes, Cereals and their products, Breakfast cereals, Flakes, Cereal flakes, Rolled flakes, Rolled oats",1584.0,1.6,1.5,0.0125,13.1,11.6,0.0,-7,A,62.0,B,https://world.openfoodfacts.org/product/6001275000003/oats-jungle
Champignons émincés BIO 1/2,Bonduelle,"Plant-based foods and beverages, Plant-based foods, Fruits and vegetables based foods, Canned foods, Vegetables based foods, Canned plant-based foods, Fresh foods, Mushrooms and their products, Fresh plant-based foods, Mushrooms, Canned mushrooms, Champignon mushrooms, Canned champignon mushrooms, Sliced champignon mushrooms, en:canned-sliced-champignon-mushrooms, en:Vegetables - Prepared/Processed (Shelf Stable)",85.0,0.1,0.3,0.58,2.2,2.2,68.9655172413793,-2,A,40.0,D,https://world.openfoodfacts.org/product/3083681099607/eminces-bio-1-2-bonduelle
Oatmeal,"Everyday, Colruyt Group","Plant-based foods and beverages, Plant-based foods, Breakfasts, Cereals and potatoes, Cereals and their products, Breakfast cereals, Flakes, Cereal flakes, Rolled flakes, Rolled oats",1513.0,0.9,1.1,0.01,14.0,12.0,0.0,-8,A,76.0,A,https://world.openfoodfacts.org/product/5400141235098/oatmeal-everyday
Meat Free Burgers,"BirdsEye, Green Cuisine","Plant-based foods and beverages, Plant-based foods, Meat alternatives, Meat analogues, Vegetarian patties",978.0,1.3,0.9,1.3,13.0,6.4,30.6319342719184,-2,A,65.0,B,https://world.openfoodfacts.org/product/5000116124718/meat-free-burgers-birdseye
Frühstücksbrei Basis,DmBio,"Pflanzliche Lebensmittel und Getränke, Pflanzliche Lebensmittel, Frühstücke, Getreide und Kartoffeln, Getreideprodukte, Frühstückscerealien, Müslis",1582.0,2.0,1.3,0.01,12.0,11.0,5.5,-6,A,67.0,B,https://world.openfoodfacts.org/product/4058172307249/fruhstucksbrei-basis-dmbio
W.K. Kellogg by Kids,Kellogg's,"Pflanzliche Lebensmittel und Getränke, Pflanzliche Lebensmittel, Frühstücke, Getreide und Kartoffeln, Getreideprodukte, Frühstückscerealien, Stranggepresstes Getreide",1534.0,0.6,7.4,0.25,8.6,16.0,0.0,-3,A,25.0,E,https://world.openfoodfacts.org/product/5059319000756/kellogg-kids-blueberry-apple-beetroot-300g-kellogg-s
Cornichon AIGRE DOUX BO 360g,Bouton d'or,"Plant-based foods and beverages, Plant-based foods, Fruits and vegetables based foods, Vegetable-based foods and beverages, Vegetables based foods, Vegetables, Cucumbers, Small cucumbers, Gherkins, Gherkins in sweet and sour sauce, fr:Autres produits, en:pickled-cucumbers",130.0,0.0,5.2,0.68,0.8,1.2,88.8023369036027,-2,A,79.0,A,https://world.openfoodfacts.org/product/3250392934125/cornichon-aigre-doux-bo-360g-bouton-d-or
Aasani Almonds,Tesco,"Plant-based foods and beverages,Plant-based foods,Nuts and their products,Nuts,Almonds,Raw almonds",2625.0,4.4,4.2,0.1,21.1,10.6,100.0,-7,A,19.0,E,https://world.openfoodfacts.org/product/5054269582758/aasani-almonds-tesco
Seedless White Grapes,Aldi,"Plant-based foods and beverages, Plant-based foods, Fruits and vegetables based foods, Fruits based foods, Fruits, Grapes, Seedless grapes, Green grapes, Green seedless grapes",283.0,0.1,15.2,0.01,0.7,0.7,100.0,-1,A,78.0,A,https://world.openfoodfacts.org/product/4088600028378/seedless-white-grapes-aldi
Pulpe de tomates concassées,Plant,"Plant-based foods and beverages, Plant-based foods, Fruits and vegetables based foods, Canned foods, Vegetables based foods, Canned plant-based foods, Canned vegetables, Tomatoes and their products, en:tomato-pulps",117.0,0.03,2.2,0.3,2.05,1.3,99.6,-5,A,80.0,A,https://world.openfoodfacts.org/product/3770003725688/pulpe-de-tomates-concassees-plant
Malaysian Laksa Fresh Noodles,BOL,"Plant-based foods and beverages, Plant-based foods, Cereals and potatoes, Cereals and their products, Meals, Pastas, Noodles, Chinese noodles, Flavoured cooked Asian noodles",453.0,1.0,3.0,0.38,4.0,3.4,21.9334125518799,-2,A,73.0,B,https://world.openfoodfacts.org/product/5060430292142/malaysian-laksa-fresh-noodles-bol
Berry Granola,Asda,"Plant-based foods and beverages, Plant-based foods, Breakfasts, Cereals and potatoes, Cereals and their products, Breakfast cereals, Mueslis, en:mueslis-with-fruits",1792.0,1.6,14.0,0.05,11.0,8.9,16.4285714285714,-2,A,72.0,B,https://world.openfoodfacts.org/product/5057172274550/berry-granola-asda
Jumbo British porridge oats,Asda,"Plant-based foods and beverages, Plant-based foods, Breakfasts, Cereals and potatoes, Cereals and their products, Breakfast cereals, Porridge",1554.0,1.0,1.0,0.1,12.0,9.4,0.0,-7,A,40.0,D,https://world.openfoodfacts.org/product/5057172086405/jumbo-british-porridge-oats-asda
Confitura de cereza,Hero,"Plant-based foods and beverages, Plant-based foods, Breakfasts, Spreads, Plant-based spreads, Sweet spreads, Fruit and vegetable preserves, Jams, en:cherry-jams",207.0,0.0,7.2,0.0,0.5,1.9,61.71875,-2,A,25.0,E,https://world.openfoodfacts.org/product/8410175081421/confitura-de-cereza-hero
Refried Beans Smoky & Textured,Tesco,"Plant-based foods and beverages, Plant-based foods, Legumes and their products, Canned foods, Legumes, Canned plant-based foods, Prepared vegetables, Canned legumes, Canned common beans, Refried beans",324.0,0.102,0.612,0.408,4.49,4.39,79.2763157894737,-5,A,72.0,B,https://world.openfoodfacts.org/product/5057753940195/refried-beans-smoky-textured-tesco
Leinsamen geschrotet,DmBio,"Pflanzliche Lebensmittel und Getränke, Pflanzliche Lebensmittel, Getreide und Kartoffeln, Samen, Getreideprodukte, Getreidekörner, Leinsamen, Geschrotete Leinsamen",2261.0,5.3,1.0,0.15,22.0,26.0,0.0,4,A,56.0,C,https://world.openfoodfacts.org/product/4066447355482/leinsamen-geschrotet-dmbio
3 noix,Daco Bello,"Plant-based foods and beverages, Plant-based foods, Frozen foods, Nuts and their products, Nuts, Shelled nuts, en:walnuts",2607.0,6.3,5.9,0.02,22.0,5.5,89.2857142857143,-3,A,18.0,E,https://world.openfoodfacts.org/product/3270720026704/3-noix-daco-bello
Доматено пюре,K-Classic,"Plant-based foods and beverages, Plant-based foods, Fruits and vegetables based foods, Condiments, Vegetables based foods, Sauces, Tomatoes and their products, Tomato sauces, Tomato purées, en:mashed-vegetables",113.0,0.1,3.7,0.001125,1.4,1.1,99.5,-5,A,77.0,A,https://world.openfoodfacts.org/product/5997010314324/%D0%B4%D0%BE%D0%BC%D0%B0%D1%82%D0%B5%D0%BD%D0%BE-%D0%BF%D1%8E%D1%80%D0%B5-k-classic
Shredded Wheat & Bran,Post,"Plant-based foods and beverages, Plant-based foods, Breakfasts, Cereals and potatoes, Cereals and their products, Breakfast cereals, extruded cereals",1510.0,0.426,0.0,0.0,10.6,14.9,0.0,-7,A,48.0,C,https://world.openfoodfacts.org/product/0628154011323/shredded-wheat-bran-post
Ma farine de blé fluide - T45,Francine,"Plant-based foods and beverages, Plant-based foods, Cereals and potatoes, Cereals and their products, Flours, Cereal flours, Wheat flours, en:wheat-flour-t405",1421.0,0.2,0.7,0.0,8.4,4.0,0.0,-2,A,82.0,A,https://world.openfoodfacts.org/product/3068110380259/ma-farine-de-ble-fluide-t45-francine
La poêlée aux 5 légumes,Paysan Breton,"Plant-based foods and beverages, Plant-based foods, Fruits and vegetables based foods, Vegetable-based foods and beverages, Frozen foods, Meals, Vegetables based foods, Vegetables, Frozen plant-based foods, Frozen vegetables, Combination Meals, Frozen plant-based foods mixes, Mixed vegetables, Frozen mixed vegetables, Frozen ready-made meals, fr:100 % légumes, en:pan-fried-dishes",112.0,0.1,2.2,0.1,1.3,2.3,100.0,-7,A,69.0,B,https://world.openfoodfacts.org/product/3184034257689/la-poelee-aux-5-legumes-paysan-breton
"Coeurs de palmier, boîte de 1/2 220g poids net égoutté 400g",U,"Plant-based foods and beverages, Plant-based foods, Fruits and vegetables based foods, Canned foods, Vegetables based foods, Canned plant-based foods, Canned vegetables, Fresh foods, Fresh plant-based foods, Hearts of palm, Canned-hearts-of-palm, en:canned-palm-hearts",147.0,0.1,1.5,0.7,2.5,2.3,85.0244323081345,-5,A,65.0,B,https://world.openfoodfacts.org/product/3256220368025/coeurs-de-palmier-boite-de-1-2-220g-poids-net-egoutte-400g-u
Coeurs de palmiers,"Carrefour, Produit Blanc, Simpl","Plant-based foods and beverages, Plant-based foods, Canned foods, Canned plant-based foods, Fresh foods, Fresh plant-based foods, Hearts of palm, Canned-hearts-of-palm, en:canned-palm-hearts",95.0,0.0,1.3,0.54,1.9,1.8,85.360541098246,-5,A,66.0,B,https://world.openfoodfacts.org/product/3560070513208/coeurs-de-palmiers-carrefour
Coquillettes,"Carrefour BIO, Carrefour","Plant-based foods and beverages,Plant-based foods,Cereals and potatoes,Cereals and their products,Pastas,Cereal pastas,Dry pastas,Durum wheat pasta,Dry durum wheat pasta,fr:Coquillettes,fr:Coquillettes de blé dur",1474.0,0.1,3.3,0.03,12.0,3.5,5.0,-3,A,80.0,A,https://world.openfoodfacts.org/product/3560071082710/coquillette-carrefour-bio
Asperges vertes miniatures,"Marque Repère, Notre Jardin","Aliments et boissons à base de végétaux, Aliments d'origine végétale, Aliments à base de fruits et de légumes, Conserves, Légumes et dérivés, Aliments à base de plantes en conserve, Légumes, Légumes en conserve, Légumes tiges, Asperges, Asperges en conserve, Asperges vertes, Asperges miniatures",72.0,0.0,0.5,0.5,1.9,1.5,85.5507868383405,-4,A,68.0,B,https://world.openfoodfacts.org/product/3564700050354/asperges-vertes-miniatures-marque-repere
Pulpe de tomates concassées nature,"Marque Repère, Turini","Aliments et boissons à base de végétaux, Aliments d'origine végétale, Aliments à base de fruits et de légumes, Légumes et dérivés, Tomates et dérivés, Pulpes de tomates",111.0,0.0,3.7,0.2,1.2,1.3,95.0,-5,A,89.0,A,https://world.openfoodfacts.org/product/3564700755358/pulpe-de-tomates-concassees-nature-marque-repere
Haferflocken,Gut & Günstig,"Plant-based foods and beverages, Plant-based foods, Breakfasts, Cereals and potatoes, Cereals and their products, Breakfast cereals, Flakes, Cereal flakes, Extruded flakes, Rolled flakes, Rolled oats",1566.0,1.3,0.7,0.02,13.5,10.0,0.0,-7,A,76.0,A,https://world.openfoodfacts.org/product/4311596412006/haferflocken-gut-gunstig
Beanz Curry,Heinz,"Plant-based foods and beverages,Plant-based foods,Meals,Prepared vegetables,Baked beans in tomato sauce,Canned legumes,Legumes,legumes",390.0,0.0,7.0,0.5,4.8,4.3,95.8333333333333,-5,A,82.0,A,https://world.openfoodfacts.org/product/5000157072917/beanz-curry-heinz
Pineapple slices,Tesco,"Plant-based foods and beverages, Plant-based foods, Fruits and vegetables based foods, Fruits based foods, Fruits, Tropical fruits, Pineapple, en:canned-pineapples",217.0,0.1,12.2,0.01,0.3,0.5,81.25,-2,A,72.0,B,https://world.openfoodfacts.org/product/5018374026880/pineapple-slices-tesco
Cavatappi,De Cecco,"Plant-based foods and beverages, Plant-based foods, Cereals and potatoes, Cereals and their products, Pastas, Cereal pastas, Durum wheat pasta, Dry durum wheat pasta",1490.0,0.3,3.4,0.0,14.0,2.9,0.0,-4,A,65.0,B,https://world.openfoodfacts.org/product/8001250120878/cavatappi-de-cecco
Pasta de Maní Natural,Maní King,"Plant-based foods and beverages,Plant-based foods,Legumes and their products,Spreads,Nuts and their products,Plant-based spreads,Oilseed purees,Legume butters,Nut butters,Peanut butters",2425.0,6.4,7.5,0.0,26.0,9.2,100.0,-4,A,42.0,D,https://world.openfoodfacts.org/product/7798151952332/pasta-de-mani-natural-mani-king
Wholegrain Wheat Biscuits,Bokomo Weet-Bix,"Plant-based foods and beverages, Plant-based foods, Breakfasts, Cereals and potatoes, Cereals and their products, Breakfast cereals, Biscuits  Dry biscuits  Breakfast biscuit",1480.0,0.75,0.0,0.8875,12.5,12.0,0.0,-4,A,25.0,E,https://world.openfoodfacts.org/product/6001052001049/wholegrain-wheat-biscuits-bokomo-weet-bix
Brocoli,Carrefour,"Plant-based foods and beverages, Plant-based foods, Fruits and vegetables based foods, Vegetables based foods, Frozen foods, Vegetables, Broccoli, en:frozen-vegetables, Verduras naturales congeladas",171.0,0.1,1.4,0.1,2.0,3.3,100.0,-8,A,82.0,A,https://world.openfoodfacts.org/product/3560071019570/brocolis-carrefour
Cacahuètes grillées sans sel ajouté 100g,"U, U Bio","Plant-based foods and beverages, Plant-based foods, Legumes and their products, Legumes, Nuts and their products, Nuts, Roasted nuts, Peanuts, Roasted peanuts, en:salted-peanuts",2548.0,7.8,6.5,0.02,28.0,9.9,0.0,8,A,48.0,C,https://world.openfoodfacts.org/product/3256227087509/cacahuetes-grillees-sans-sel-ajoute-100g-u
Beeren Dinkel Müsli Ungesüsst,"Bauck Hof,Bauck Mühle","Plant-based foods and beverages,Plant-based foods,Breakfasts,Cereals and potatoes,Cereals and their products,Breakfast cereals,Cereals with fruits,Mueslis,Mueslis with fruits",1430.0,0.3,14.0,0.14,14.0,9.6,28.228125,-5,A,82.0,A,https://world.openfoodfacts.org/product/4015637822310/muzli-beerenzart-dinkel-ungesusst-bauck-hof
Haferflocken Vollkorn / grob,Happy Harvest,"Aliments et boissons à base de végétaux, Aliments d'origine végétale, Petit-déjeuners, Céréales et pommes de terre, Céréales et dérivés, Céréales pour petit-déjeuner, Flocons, Flocons de céréales, Flocons extrudés, Flocons laminés, Flocons d'avoine",1580.0,1.3,0.7,0.02,14.0,10.0,0.0,-7,A,85.0,A,https://world.openfoodfacts.org/product/4099200033969/haferflocken-vollkorn-grob-happy-harvest
Tomato Puree Double Concentrate,"Sainsbury's,Sainsbury's Organic","Plant-based foods and beverages, Plant-based foods, Fruits and vegetables based foods, Vegetable-based foods and beverages, Vegetables based foods, Tomatoes and their products, Double concentrate tomato paste, en:tomato-purees",390.0,0.1,13.6,0.38,4.4,2.6,100.0,-3,A,60.0,B,https://world.openfoodfacts.org/product/01215380/tomato-puree-double-concentrate-sainsbury-s
Musli with fruits,one day more,"Plant-based foods and beverages,Plant-based foods,Breakfasts,Cereals and potatoes,Cereals and their products,Breakfast cereals,Cereals with fruits,Mueslis,Mueslis with fruits,Cereal brans",1630.0,1.5,17.0,0.0,11.5,8.8,25.8,-2,A,62.0,B,https://world.openfoodfacts.org/product/5902884462255/musli-with-fruits-one-day-more
Almonds,By Sainsbury's,"Plant-based foods and beverages, Plant-based foods, Nuts and their products, Nuts, Almonds, en:whole-almonds",2497.0,4.0,4.0,0.01,21.4,10.8,100.0,-8,A,24.0,E,https://world.openfoodfacts.org/product/01892444/almonds-by-sainsbury-s
Geröstete Mandel Ohne Zucker,alpro,"en:Beverages and beverages preparations,Alimentos e bebidas à base de plantas,Bebidas,Alimentos à base de plantas,en:Dairy substitutes,Substitutos do leite,Nozes e seus produtos,Bebidas à base de plantas,Leites de planta,Leites de frutos secos,Bebidas de amêndoa",61.0,0.1,0.0,0.15,0.5,0.3,2.3,0,B,71.0,B,https://world.openfoodfacts.org/product/5411188112709/mandel-alpro
cruesly mélange de noix,Quaker,"Plant-based foods and beverages,Plant-based foods,Breakfasts,Cereals and potatoes,Cereals and their products,Breakfast cereals,Mueslis,Cereals with nuts,Crunchy cereal clusters,Cereal clusters with nuts",1913.0,2.0,12.0,0.0,8.5,10.0,10.7,-1,B,66.0,B,https://world.openfoodfacts.org/product/3168930010265/cruesli-mixed-nuts-quaker
BjORG AMANDE ALMOND SANS SUGRES- NO SUGAR,Bjorg,"Plant-based foods and beverages,Beverages,Plant-based foods,Dairy substitutes,Milk substitutes,Nuts and their products,Plant-based beverages,Plant-based milk alternatives,Nut-based drinks,Almond-based drinks,Unsweetened plain almond-based drinks",102.0,0.2,0.5,0.05,0.7,0.5,2.8,0,B,81.0,A,https://world.openfoodfacts.org/product/3229820787015/lait-d-amande-bjorg
Hule D'olive,زيت الزيتون واد سوس,"Plant-based foods and beverages, Plant-based foods, Fats, Vegetable fats, Vegetable oils, en:virgin-olive-oils",4.0,13.0,0.0,0.0,0.0,66.0,0.0,3,B,27.0,E,https://world.openfoodfacts.org/product/6111099000247/hule-d-olive-%D8%B2%D9%8A%D8%AA-%D8%A7%D9%84%D8%B2%D9%8A%D8%AA%D9%88%D9%86-%D9%88%D8%A7%D8%AF-%D8%B3%D9%88%D8%B3
Huile d'olive vierge extra,Primadonna,"Plant-based foods and beverages,Plant-based foods,Fats,Vegetable fats,Olive tree products,Vegetable oils,Olive oils,Extra-virgin olive oils,Virgin olive oils",3404.0,14.0,0.0,0.0,0.0,0.0,100.0,15,B,39.0,D,https://world.openfoodfacts.org/product/4056489141877/huile-d-olive-vierge-extra-d-espagne-primadonna
Houilor,Huilor,"Plant-based foods and beverages, Plant-based foods, Fats, Vegetable fats, Vegetable oils, en:olive-oils",3700.0,12.6,0.0,0.0,0.0,0.0,0.0,20,B,27.0,E,https://world.openfoodfacts.org/product/6111024002186/houilor-huilor
Puy Lentils & French green lentils,Merchant Gourmet,"Plant-based foods and beverages, Plant-based foods, Legumes and their products, Legumes, Seeds, Legume seeds, Meals, Pulses, Prepared vegetables, Cooked vegetables, Lentils, Green lentils, Cooked lentils, Prepared lentils",624.0,0.4,1.0,0.01,11.0,5.2,2.5,-7,B,79.0,A,https://world.openfoodfacts.org/product/5018095011271/puy-lentils-french-green-lentils-merchant-gourmet
Crispy minis imp,Weetabix,"Plant-based foods and beverages, Plant-based foods, Breakfasts, Cereals and potatoes, Cereals and their products, Breakfast cereals, extruded cereals",1630.0,2.25,17.0,0.2,10.0,10.0,0.0,-1,B,25.0,E,https://world.openfoodfacts.org/product/5010029229035/crispy-minis-imp-weetabix
Baked Beans In Tomato Sauce,Tesco,"Plant-based foods and beverages, Plant-based foods, Meals, Prepared vegetables, Baked beans in tomato sauce",356.0,0.1,3.9,1.05,4.4,4.6,69.0,0,B,88.0,A,https://world.openfoodfacts.org/product/5018374350930/baked-beans-in-tomato-sauce-tesco
"Alpro® Mandeldrink Ungesüßt, 1 L, FRESH",alpro,"Plant-based foods and beverages, Dairy substitutes, Getränke, Getränke und Getränkezubereitungen, Mandelmilch, Milchersatz, Nussmilch, Nüsse und Nussprodukte, Pflanzenmilch, Pflanzliche Getränke, Pflanzliche Lebensmittel, Pflanzliche Lebensmittel und Getränke, Ungezuckerte Getränke, en:almond-based-drinks",53.0,0.1,0.0,0.13,0.4,0.4,2.0,0,B,78.0,A,https://world.openfoodfacts.org/product/5411188112778/nutty-almond-no-sugars-alpro
Shreddies,Nestle,"Plant-based foods and beverages, Plant-based foods, Breakfasts, Cereals and potatoes, Cereals and their products, Breakfast cereals, extruded cereals",1538.0,0.3,13.0,0.72,11.0,12.0,0.0,-1,B,25.0,E,https://world.openfoodfacts.org/product/7613287152183/shreddies-nestle
olive spray oil,Fry light,"Plant-based foods and beverages,Plant-based foods,Fats,Vegetable fats,Olive tree products,Vegetable oils,Olive oils",1980.0,7.1,0.0,0.0,0.0,0.0,51.0,11,B,27.0,E,https://world.openfoodfacts.org/product/5000442007594/olive-spray-oil-fry-light
Houmous,"The Deli,aldi","Plant-based foods and beverages,Plant-based foods,Condiments,Spreads,Plant-based spreads,Salted spreads,Sauces,Dips,Hummus,Classic hummus",1250.0,2.4,0.6,0.64,7.8,5.4,69.5,-2,B,73.0,B,https://world.openfoodfacts.org/product/4088600003429/houmous-the-deli
Organic Houmous,Tesco,"Plant-based foods and beverages,Plant-based foods,Condiments,Spreads,Plant-based spreads,Salted spreads,Sauces,Dips,Hummus,Classic hummus",887.0,1.8,0.6,0.74,6.6,4.0,60.9,-1,B,78.0,A,https://world.openfoodfacts.org/product/10066980/organic-houmous-tesco
Wholegrain Basmati Rice,Tilda,"Plant-based foods and beverages,Plant-based foods,Cereals and potatoes,Rices,Aromatic rices,Indica rices,Long grain rices,Brown rices,Basmati rices,Brown Basmati rices",545.0,0.5,0.2,0.03,2.8,3.0,0.0,-3,B,26.0,E,https://world.openfoodfacts.org/product/5011157888132/wholegrain-basmati-rice-tilda
Vegetarian Sausages,Linda McCartney's,"Plant-based foods and beverages,Plant-based foods,Meat alternatives,Meat analogues,Vegetarian sausages,Vegan sausages",637.0,1.7,0.1,1.4,16.0,2.0,10.96875,0,B,85.0,A,https://world.openfoodfacts.org/product/5056053304706/vegetarian-sausages-linda-mccartney-s
Tesco Houmous,Tesco,"Plant-based foods and beverages, Plant-based foods, Condiments, Spreads, Plant-based spreads, Salted spreads, Sauces, Dips, Hummus",954.0,1.6,0.6,0.9,6.1,4.3,67.890625,-1,B,80.0,A,https://world.openfoodfacts.org/product/10065891/tesco-houmous
Croustillant 3 noix,Bjorg,"Plant-based foods and beverages, Plant-based foods, Breakfasts, Cereals and potatoes, Cereals and their products, Breakfast cereals, Breakfast cereals rich in fibre, Cereals with nuts, Crunchy cereal clusters, Cereal clusters with nuts, en:mueslis",1847.0,2.1,14.0,0.02,11.0,9.9,9.9,-1,B,87.0,A,https://world.openfoodfacts.org/product/3229820797861/croustillant-3-noix-noisette-amande-noix-de-cajou-bjorg
Coco Sans Sucres,alpro,"en:Beverages and beverages preparations,Alimentos e bebidas à base de plantas,Bebidas,en:Dairy substitutes,Substitutos do leite,Bebidas à base de plantas,Leites de planta,Produtos pasteurizados,Bebidas de coco",59.0,1.1,0.0,0.07,0.1,0.0,14.1,1,B,44.0,D,https://world.openfoodfacts.org/product/5411188128311/no-sugars-coco-alpro
huile d’olive vierge extra,tramier,"en:Plant-based foods and beverages,en:Plant-based foods,油脂,植物性油脂,en:Olive tree products,植物油,オリーブオイル,エキストラヴァージンオリーブオイル",3700.0,16.0,0.0,0.0,0.0,0.0,100.0,15,B,59.0,C,https://world.openfoodfacts.org/product/8410179012230/huile-d-olive-vierge-extra-tramier
Good Grains Spanish Style Grains,"Worldwide Foods, Aldi, Aldi Worldwide Foods","Plant-based foods and beverages,Plant-based foods,Cereals and potatoes,Seeds,Cereals and their products,Cereal grains,Rices",778.0,0.6,1.2,0.54,4.2,4.6,12.0,-1,B,17.0,E,https://world.openfoodfacts.org/product/4088600206721/good-grains-spanish-style-grains-worldwide-foods
French Inspired Lentils,Worldwide Foods,"Plant-based foods and beverages,Plant-based foods,Legumes and their products,Legumes,Seeds,Legume seeds,Meals,Pulses,Lentils,Prepared lentils",499.0,0.3,2.1,0.79,7.2,5.2,54.895,-3,B,80.0,A,https://world.openfoodfacts.org/product/4088600206714/french-inspired-lentils-worldwide-foods
Confiture fraise sans sucre ajoutes,Lucien georgelin,"Plant-based foods and beverages, Plant-based foods, Breakfasts, Spreads, Plant-based spreads, Sweet spreads, Fruit and vegetable preserves, Jams, Berry jams, en:strawberry-jams",374.0,0.01,21.7,0.02,0.6,8.9,52.45,-1,B,71.0,B,https://world.openfoodfacts.org/product/3330720244017/confiture-fraise-sans-sucre-ajoutes-lucien-georgelin
Multigrain Rice Cakes,Savour Bakes,"Plant-based foods and beverages, Plant-based foods, Cereals and potatoes, Cereals and their products, Puffed cereal cakes, Puffed multigrain cakes, Puffed rice cakes",1830.0,1.43,0.0,0.429,11.4,5.71,0.0,-1,B,49.0,C,https://world.openfoodfacts.org/product/4088600526065/multigrain-rice-cakes-savour-bakes
Soya Wholebean Unsweetened Drink U.H.T.,Alpro,"Plant-based foods and beverages, Beverages, Plant-based foods, Legumes and their products, Dairy substitutes, Milk substitutes, Plant-based beverages, Specific products, Plant-based milk alternatives, Products for specific diets, Products without gluten, Legume-based drinks, Soy-based drinks",138.0,0.3,0.0,0.0875,3.3,0.6,8.7,-1,B,80.0,A,https://world.openfoodfacts.org/product/5411188079996/soya-wholebean-unsweetened-drink-u-h-t-alpro
Sauce apéritif Guacamole,Old el paso,"Plant-based foods and beverages, Plant-based foods, Condiments, Spreads, Plant-based spreads, Sauces, Dips, Guacamoles, Groceries",321.0,0.6,3.0,0.85,1.7,1.5,63.875,1,B,67.0,B,https://world.openfoodfacts.org/product/8410076421449/sauce-aperitif-guacamole-old-el-paso
Bebida de Soja,Hacendado,"en:Beverages and beverages preparations,Alimentos e bebidas à base de plantas,Bebidas,Alimentos à base de plantas,Legumes e seus produtos,en:Dairy substitutes,Substitutos do leite,Bebidas à base de plantas,Leites de planta,Produtos pasteurizados,Leites de legumes,Bebidas de soja,en:UHT soy based drinks",147.0,0.3,0.7,0.16,3.4,0.7,14.0,-1,B,80.0,A,https://world.openfoodfacts.org/product/8480000136824/bebida-de-soja-hacendado
Really Nutty Granola,Specially Selected,"Plant-based foods and beverages, Plant-based foods, Breakfasts, Cereals and potatoes, Cereals and their products, Breakfast cereals, Mueslis, Cereals with nuts, Mueslis with nuts",1892.0,2.0,14.6,0.03,11.9,6.4,15.0,0,B,62.0,B,https://world.openfoodfacts.org/product/4088600169859/really-nutty-granola-specially-selected
Epinards hachés à la crème fraîche,Findus,"Plant-based foods and beverages, Plant-based foods, Prepared vegetables, Spinach with cream sauce, en:frozen-vegetables",326.0,2.8,1.4,0.6,3.5,1.7,71.0,0,B,64.0,B,https://world.openfoodfacts.org/product/3599741006312/epinards-haches-a-la-creme-findus
Bran Flakes,Kellogg's,"Plant-based foods and beverages,Plant-based foods,Breakfasts,Cereals and potatoes,Cereals and their products,Breakfast cereals,extruded wheat flakes",1509.0,0.4,14.0,0.66,11.0,17.0,0.0,-1,B,25.0,E,https://world.openfoodfacts.org/product/5053827193368/bran-flakes-kellogg-s
Lincolnshire sausages,Cauldron,"Plant-based foods and beverages,Plant-based foods,Meats and their products,Meats,Prepared meats,Meat alternatives,Sausages,Meat analogues,Vegetarian sausages",737.0,0.652,0.543,1.39,19.6,2.83,4.86583942945076,-2,B,76.0,A,https://world.openfoodfacts.org/product/5013683305527/lincolnshire-sausages-cauldron
Drizzler Super Smooth Peanut Butter,Whole Earth,"Plant-based foods and beverages, Plant-based foods, Legumes and their products, Spreads, Nuts and their products, Plant-based spreads, Oilseed purees, Legume butters, Nut butters, Peanut butters",2470.0,8.7,5.9,0.0,29.6,0.0,100.0,4,B,35.0,D,https://world.openfoodfacts.org/product/5013665116233/drizzler-super-smooth-peanut-butter-whole-earth
Lait Amande calcium,"Bio Village, Marque Repère","Plant-based foods and beverages, Beverages, Plant-based foods, Dairy substitutes, Milk substitutes, Nuts and their products, Plant-based beverages, Plant-based milk alternatives, Nut-based drinks, Unsweetened beverages, Almond-based drinks",106.0,0.2,0.5,0.1,0.7,0.5,4.2,0,B,84.0,A,https://world.openfoodfacts.org/product/3564707117203/lait-amande-sans-sucres-bio-village
Extra Virgin Olive Oil,Tesco,"Plant-based foods and beverages, Plant-based foods, Fats, Vegetable fats, Olive tree products, Vegetable oils, Olive oils, Extra-virgin olive oils, Virgin olive oils",3700.0,14.3,0.0,0.0,0.0,0.0,100.0,15,B,36.0,D,https://world.openfoodfacts.org/product/5031021679253/extra-virgin-olive-oil-tesco
Walnut Halves,The Foodie Market,"Plant-based foods and beverages, Plant-based foods, Nuts and their products, Nuts, Shelled nuts, Walnut Halves, en:walnuts",2914.0,7.5,2.6,0.02,14.7,3.5,100.0,1,B,19.0,E,https://world.openfoodfacts.org/product/4088600441658/walnut-halves-the-foodie-market
High Protein Soja Drink,Alpro,"Beverages and beverages preparations,Plant-based foods and beverages,Beverages,Dairies,Plant-based foods,Legumes and their products,Dairy substitutes,Milk substitutes,Milks (liquid and powder),Plant-based beverages,Milks,Plant-based milk alternatives,Legume-based drinks,Soy-based drinks,Lactose-free milk,Getranke,Hulsenfruchte-und-hulsenfruchtprodukte,Hulsenfruchtmilch,Pflanzliche-getranke,Pflanzliche-lebensmittel-und-getranke,Protein-drinks,Tiefkuhlprodukte",239.0,0.5,2.5,0.1,5.0,0.9,13.1,-3,B,82.0,A,https://world.openfoodfacts.org/product/5411188130031/plant-protein-alpro
Cashew Nuts,"The Foodie Market, Aldi","Plant-based foods and beverages, Plant-based foods, Nuts and their products, Nuts, Cashew nuts",2418.0,9.5,4.6,0.04,17.7,3.2,100.0,2,B,23.0,E,https://world.openfoodfacts.org/product/4088600441672/cashew-nuts-the-foodie-market
Lentils in water,Napolina,"Plant-based foods and beverages, Plant-based foods, Legumes and their products, Canned foods, Legumes, Seeds, Canned plant-based foods, Legume seeds, Pulses, Canned legumes, Lentils, Canned lentils",362.0,0.3,0.1,0.05,6.1,7.82,76.9230769230769,-10,B,87.0,A,https://world.openfoodfacts.org/product/5000232001108/lentils-in-water-napolina
Fruit & Nut Granola,Tesco,"Plant-based foods and beverages,Plant-based foods,Breakfasts,Cereals and potatoes,Cereals and their products,Breakfast cereals,Mueslis",1815.0,1.9,16.0,0.03,10.6,7.2,15.0,0,B,67.0,B,https://world.openfoodfacts.org/product/5051399535838/fruit-nut-granola-tesco
Everyday Essentials Soya Unsweetened,Aldi,"Beverages and beverages preparations,Plant-based foods and beverages,Beverages,Dairy substitutes,Milk substitutes,Plant-based beverages,Plant-based milk alternatives,Unsweetened plain soy-based drinks",149.0,0.3,0.7,0.09,3.0,0.5,7.0,-1,B,73.0,B,https://world.openfoodfacts.org/product/4088600574530/everyday-essentials-soya-unsweetened-aldi
Spinach Ricotta Tortelloni,Sainsbury's,"Plant-based foods and beverages, Plant-based foods, Cereals and potatoes, Cereals and their products, Meals, Pasta dishes, Pastas, Stuffed pastas, Egg pastas, Fresh pasta, Pasta stuffed with vegetables, Fresh egg pasta, Fresh pasta stuffed with vegetables, Pasta stuffed with cheese, Tortellini, Cooked fresh pasta stuffed with cheese and vegetables, Fresh pasta stuffed with cheese, Tortellini ricotta & spinach, Tortelloni",857.0,1.4,1.73,0.44,7.93,2.13,11.25,0,B,54.0,C,https://world.openfoodfacts.org/product/00336789/spinach-ricotta-tortelloni-sainsbury-s
Cheerios Aveia,Nestlé,"Plant-based foods and beverages,Plant-based foods,Breakfasts,Cereals and potatoes,Cereals and their products,Breakfast cereals,extruded cereals",1608.0,1.3,9.0,0.7,10.4,10.3,0.0,-1,B,20.0,E,https://world.openfoodfacts.org/product/5900020036988/cheerios-aveia-nestle
Really Nutty Muesli,Specially Selected,"Plant-based foods and beverages, Plant-based foods, Breakfasts, Cereals and potatoes, Cereals and their products, Breakfast cereals, Mueslis",1563.0,1.4,19.0,0.01,9.3,7.8,22.0,0,B,52.0,C,https://world.openfoodfacts.org/product/4088600169910/really-nutty-muesli-specially-selected
green lentils in water,Sainsbury's,"Plant-based foods and beverages,Plant-based foods,Legumes and their products,Canned foods,Legumes,Seeds,Canned plant-based foods,Legume seeds,Meals,Pulses,Canned legumes,Lentils,Green lentils,Canned lentils,Prepared lentils",346.0,0.1,0.0,0.03,6.1,4.4,80.0,-7,B,82.0,A,https://world.openfoodfacts.org/product/01167177/green-lentils-in-water-sainsbury-s
EXTRA VIRGIN OLIVE OIL,Solesta,"Plant-based foods and beverages, Plant-based foods, Fats, Vegetable fats, Olive tree products, Vegetable oils, Olive oils, Extra-virgin olive oils, en:virgin-olive-oils",3430.0,13.3,0.0,0.0,0.0,0.0,100.0,15,B,27.0,E,https://world.openfoodfacts.org/product/4061459381702/extra-virgin-olive-oil-solesta
SOJASUN MYRTILLES 4X100G,Sojasun,"Plant-based foods and beverages,Fermented foods,Dairy substitutes,Desserts,Non-dairy desserts,Non-dairy fermented foods,Non-dairy yogurts,Soy milk yogurts,Fruit soy yogurts,Soy desserts,Blueberry soy yogurts",322.0,0.3,10.2,0.06,3.7,0.0,9.0,2,B,81.0,A,https://world.openfoodfacts.org/product/3273220083260/sojasun-myrtilles-4x100g
"Wholegrain Rice, Quinoa, Pumpkin & Sunflower Seeds",Worldwide Foods,"Plant-based foods and beverages, Plant-based foods, Cereals and potatoes, Seeds, Cereals and their products, Cereal grains, Rices, Brown rices, Quinoa, fr:cereales-preparees",705.0,0.8,0.3,0.24,5.1,2.8,2.06348860677083,-2,B,23.0,E,https://world.openfoodfacts.org/product/4088600043364/wholegrain-rice-quinoa-pumpkin-sunflower-seeds-worldwide-foods
Almond Breeze Unsweetened Low Fat Milk Alternative,Blue Diamond Almonds,"Beverages and beverages preparations,Plant-based foods and beverages,Beverages,Plant-based foods,Dairy substitutes,Milk substitutes,Nuts and their products,Plant-based beverages,Plant-based milk alternatives,Nut-based drinks,Almond-based drinks",53.0,0.1,0.0,0.15,0.5,0.0,2.0,0,B,64.0,B,https://world.openfoodfacts.org/product/0041570080146/almond-breeze-unsweetened-low-fat-milk-alternative-blue-diamond-almonds
Lentilles préparées Cultivés en France d'aucy 265g,D'aucy,"Plant-based foods and beverages, Plant-based foods, Legumes and their products, Canned foods, Legumes, Canned plant-based foods, Canned legumes, Canned lentils, en:lentils",296.0,0.0,0.1,0.62,5.3,3.0,50.0,-3,B,80.0,A,https://world.openfoodfacts.org/product/3017800078853/lentilles-preparees-cultives-en-france-d-aucy-265g
Taco Mixed Beans,Tesco,"Plant-based foods and beverages, Plant-based foods, Legumes and their products, Canned foods, Legumes, Seeds, Canned plant-based foods, Legume seeds, Meals, Pulses, Common beans, Prepared vegetables, Canned legumes, Baked beans in tomato sauce, Canned common beans",590.0,0.0,3.7,0.4,3.9,3.6,97.2965521386506,-6,B,86.0,A,https://world.openfoodfacts.org/product/5018374442277/taco-mixed-beans-tesco
Pure Vegetable Oil,Tesco,"Plant-based foods and beverages, Plant-based foods, Fats, Vegetable fats, Vegetable oils, en:soybean-oils",3740.0,7.33,0.0,0.0,0.0,0.0,100.0,12,B,57.0,C,https://world.openfoodfacts.org/product/5000119809902/pure-vegetable-oil-tesco
Huile d'Olive Vierge Extra,Puget,"Plant-based foods and beverages, Plant-based foods, Fats, Vegetable fats, Olive tree products, Vegetable oils, Olive oils, Extra-virgin olive oils, en:virgin-olive-oils",3768.0,15.0,0.0,0.0,0.0,0.0,100.0,15,B,38.0,D,https://world.openfoodfacts.org/product/3265470063260/huile-d-olive-vierge-extra-puget
Houmous,Tesco,"Plant-based foods and beverages, Plant-based foods, Condiments, Spreads, Plant-based spreads, Salted spreads, Sauces, Dips, Hummus, Classic hummus",954.0,1.6,0.6,0.9,6.1,4.3,66.4508928571428,-1,B,78.0,A,https://world.openfoodfacts.org/product/10065907/houmous-tesco
Lentilles Vapeur,Bonduelle,"Plant-based foods and beverages, Plant-based foods, Fruits and vegetables based foods, Legumes and their products, Canned foods, Legumes, Seeds, Vegetables based foods, Canned plant-based foods, Legume seeds, Meals, Canned vegetables, Pulses, Prepared vegetables, Canned legumes, Cooked vegetables, Lentils, Cooked lentils, Prepared lentils, en:Vegetables - Prepared/Processed (Shelf Stable)",489.0,0.1,0.5,0.48,8.7,6.8,0.0,-6,B,79.0,A,https://world.openfoodfacts.org/product/3083681085891/lentilles-vapeur-bonduelle
Lemon juice,Aldi,"Plant-based foods and beverages, Beverages, Plant-based beverages, Fruit-based beverages, Juices and nectars, Fruit juices, Lemon juice",84.0,0.1,0.5,0.01,0.5,0.5,83.3333333333333,-5,B,31.0,D,https://world.openfoodfacts.org/product/4088600099071/lemon-juice-aldi
Cannellini Beans In Water,Tesco,"Plant-based foods and beverages, Plant-based foods, Fruits and vegetables based foods, Legumes and their products, Canned foods, Legumes, Seeds, Vegetables based foods, Canned plant-based foods, Legume seeds, Canned vegetables, Pulses, Common beans, White beans, Canned cannellini beans, Cannellini-beans, en:canned-common-beans",406.0,0.2,0.8,0.06,5.9,5.8,76.9230769230769,-8,B,84.0,A,https://world.openfoodfacts.org/product/5051399183589/cannellini-beans-in-water-tesco
Kellogg Bran Flakes,Kellogg's,"Plant-based foods and beverages,Plant-based foods,Breakfasts,Cereals and potatoes,Cereals and their products,Breakfast cereals,Flakes,Cereal flakes,Breakfast cereals rich in fibre,Extruded wheat flakes",1490.0,0.333,14.0,0.658,11.0,17.0,0.0,-1,B,35.0,D,https://world.openfoodfacts.org/product/5053827193894/kellogg-bran-flakes-kellogg-s
Extra Virgin Olive Oil,La Española,"Plant-based foods and beverages, Plant-based foods, Fats, Vegetable fats, Olive tree products, Vegetable oils, Olive oils, Extra-virgin olive oils, Virgin olive oils",3381.0,12.8,0.0,0.0,0.0,0.0,100.0,15,B,40.0,D,https://world.openfoodfacts.org/product/8410660049769/extra-virgin-olive-oil-la-espanola
Les Fourrées  -  Beurre de Cacahuète & Cacao,Funkie,"Plant-based foods and beverages,Plant-based foods,Snacks,Breakfasts,Cereals and potatoes,Sweet snacks,Cereals and their products,Breakfast cereals,Extruded cereals,Filled cereals",1846.0,3.0,13.0,0.13,13.0,6.0,31.0,0,B,49.0,C,https://world.openfoodfacts.org/product/3770008009882/les-fourrees-beurre-de-cacahuete-cacao-funkie
Growers Harvest Microwave Wholegrain Rice,Tesco,"Plant-based foods and beverages, Plant-based foods, Fruits and vegetables based foods, Cereals and potatoes, Seeds, Vegetables based foods, Cereals and their products, Meals, Vegetables, Cereal grains, Rice dishes, Rices, Brown rices, Spanish vegetables, Rice",705.0,0.3,0.1,0.02,3.7,5.9,3.0,-4,B,20.0,E,https://world.openfoodfacts.org/product/5059697693564/growers-harvest-microwave-wholegrain-rice-tesco
Olivenöl,Lidl,"Pflanzliche Lebensmittel und Getränke, Pflanzliche Lebensmittel, Fette, Pflanzenfette, Olivenbaumprodukte, Pflanzenöle, Olivenöle, Native Olivenöle Extra",3404.0,14.0,0.0,0.0,0.0,0.0,100.0,15,B,27.0,E,https://world.openfoodfacts.org/product/4056489973027/olivenol-lidl
Houmous,Asda,"Plant-based foods and beverages, Plant-based foods, Condiments, Spreads, Plant-based spreads, Salted spreads, Sauces, Dips, Hummus, Classic hummus",552.0,1.2,0.6,0.26,3.6,2.8,61.625,-3,B,77.0,A,https://world.openfoodfacts.org/product/5057172342099/houmous-asda
Butter beans,Aldi,"Plant-based foods and beverages, Plant-based foods, Fruits and vegetables based foods, Legumes and their products, Canned foods, Legumes, Seeds, Vegetables based foods, Canned plant-based foods, Legume seeds, Vegetables, Pulses, Canned legumes, Butter beans, Butter beans in water, en:canned-common-beans",433.0,0.1,0.7,0.03,6.2,5.4,75.0,-8,B,76.0,A,https://world.openfoodfacts.org/product/4088600140865/butter-beans-aldi
Premium Crunchy Muesli Nuts,Crownfield,"Plant-based foods and beverages, Plant-based foods, Breakfasts, Cereals and potatoes, Cereals and their products, Breakfast cereals, Mueslis, en:mueslis-with-nuts",1989.0,2.9,11.9,0.01,11.0,7.0,17.7,0,B,67.0,B,https://world.openfoodfacts.org/product/4056489694120/premium-crunchy-muesli-nuts-crownfield
Noix de cajou grillées,Carrefour,"Plant-based foods and beverages,Plant-based foods,Nuts and their products,Nuts,Roasted nuts,Cashew nuts,Roasted Cashew Nuts",2545.0,8.7,5.2,0.04,20.0,5.2,95.5,0,B,30.0,D,https://world.openfoodfacts.org/product/3245412901454/noix-de-cajou-grillees-sans-sel-carrefour
Organic Extra Virgin Olive Oil,Tesco,"Plant-based foods and beverages, Plant-based foods, Fats, Vegetable fats, Olive tree products, Vegetable oils, Olive oils, Extra-virgin olive oils, Virgin olive oils",3700.0,14.3,0.0,0.0,0.0,0.0,100.0,15,B,59.0,C,https://world.openfoodfacts.org/product/5051008878592/organic-extra-virgin-olive-oil-tesco
bran flakes harvest morn,Aldi,"Plant-based foods and beverages,Plant-based foods,Breakfasts,Cereals and potatoes,Cereals and their products,Breakfast cereals,extruded wheat flakes",1543.0,0.7,10.6,0.74,10.7,14.5,0.0,-1,B,25.0,E,https://world.openfoodfacts.org/product/4061464572706/bran-flakes-harvest-morn-aldi
Lemon Juice,"by Sainsbury's,Sainsbury's","Plant-based foods and beverages, Beverages, Plant-based beverages, Fruit-based beverages, Juices and nectars, Fruit juices, Lemon juice",94.0,0.1,0.9,0.02,0.5,0.5,83.3333333333333,-5,B,27.0,E,https://world.openfoodfacts.org/product/01180992/lemon-juice-by-sainsbury-s
Lentilles préparées Cultivés en France d'aucy 530g,D'aucy,"Plant-based foods and beverages, Plant-based foods, Fruits and vegetables based foods, Legumes and their products, Canned foods, Legumes, Seeds, Vegetables based foods, Canned plant-based foods, Legume seeds, Meals, Canned vegetables, Pulses, Canned legumes, Lentils, Canned lentils, Prepared lentils, en:canned-meals",296.0,0.0,0.1,0.62,5.3,3.0,50.0,-3,B,79.0,A,https://world.openfoodfacts.org/product/3017800010518/lentilles-d-aucy
Arborio Risotto Rice,Tesco,"Plant-based foods and beverages, Plant-based foods, Cereals and potatoes, Seeds, Cereals and their products, Cereal grains, Rices, Rices for risotto, en:arborio-rices",1496.0,0.4,0.4,0.01,7.4,2.1,0.0,-1,B,52.0,C,https://world.openfoodfacts.org/product/5053947250835/arborio-risotto-rice-tesco
"Soup, Root Vegetable & Turmeric",Baxters,"Plant-based foods and beverages, Plant-based foods, Canned foods, Fruits and vegetables based foods, Meals, Soups, Vegetable soups, Canned meals, Canned soups, Canned vegetable soups",149.0,1.2,2.6,0.36,0.6,1.6,38.86,1,B,78.0,A,https://world.openfoodfacts.org/product/5012427212503/soup-root-vegetable-turmeric-baxters
Lunch bowl Riz & haricots 250g,Bonduelle,"Plant-based foods and beverages, Plant-based foods, Cereals and potatoes, Seeds, Cereals and their products, Meals, Cereal grains, Prepared salads, Rice dishes, Rices, fr:Céréales et légumes précuites en sachet, en:microwave-meals",601.0,0.5,2.1,0.6,4.2,3.7,47.5,-2,B,45.0,C,https://world.openfoodfacts.org/product/3083681163155/rice-and-red-beans-with-grilled-vegetables-bonduelle
Gronola,Stockwell,"Plant-based foods and beverages, Plant-based foods, Breakfasts, Cereals and potatoes, Cereals and their products, Breakfast cereals, Cereals with fruits, Crunchy cereal clusters, Cereal clusters with fruits, en:mueslis",1820.0,1.8,16.8,0.03,9.9,7.5,2.53749999999999,-1,B,62.0,B,https://world.openfoodfacts.org/product/5057753937133/gronola-stockwell
Granola con Avena Mixed Berries,"Kellogg's, Kellogg","Plant-based foods and beverages, Plant-based foods, Breakfasts, Cereals and potatoes, Cereals and their products, Breakfast cereals, Mueslis",1900.0,2.0,11.1,0.0,9.33,10.0,0.0,-1,B,69.0,B,https://world.openfoodfacts.org/product/5059319016573/granola-con-avena-mixed-berries-kellogg-s
"Couscous semoule, falafels, courgettes, carottes, céleri",Picard,"Plant-based foods and beverages,Plant-based foods,Frozen foods,Meals,Savory semolina dishes,Combination Meals,Prepared couscous,Frozen ready-made meals,Plant-based meals,Couscous with vegetables,Meals with falafels",444.0,0.4,2.0,0.6,3.8,3.2,38.6375,-1,B,78.0,A,https://world.openfoodfacts.org/product/3270160861842/couscous-semoule-falafels-courgettes-carottes-celeri-picard
Berry Burst Gluten Free Granola,Bio & Me,"Plant-based foods and beverages, Plant-based foods, Breakfasts, Cereals and potatoes, Cereals and their products, Breakfast cereals, Mueslis, Crunchy mueslis",1642.0,4.2,9.6,0.05,10.8,15.2,33.25,-1,B,62.0,B,https://world.openfoodfacts.org/product/5060853640315/berry-burst-gluten-free-granola-bio-me
Huile d'olive Bouteille 50cL,U,"Plant-based foods and beverages,Plant-based foods,Fats,Vegetable fats,Olive tree products,Vegetable oils,Olive oils,Extra-virgin olive oils,Virgin olive oils",3700.0,14.0,0.0,0.0,0.0,0.0,100.0,15,B,38.0,D,https://world.openfoodfacts.org/product/3256221712162/huile-d-olive-bouteille-50cl-u
Huile de colza Bouteille 1L,U,"Plant-based foods and beverages,Plant-based foods,Fats,Vegetable fats,Vegetable oils,Rapeseed oils",3700.0,8.0,0.0,0.0,0.0,0.0,100.0,12,B,53.0,C,https://world.openfoodfacts.org/product/3256221712254/huile-de-colza-bouteille-1l-u
Quinoa et céréales cuisinées,Picard,"Plant-based foods and beverages, Plant-based foods, Cereals and potatoes, Seeds, Cereals and their products, Frozen foods, Meals, Cereal grains, Combination Meals, Frozen ready-made meals, Quinoa, en:plant-based-meals",599.0,0.7,2.6,0.42,4.1,2.8,31.2875,-1,B,28.0,E,https://world.openfoodfacts.org/product/3270160591763/quinoa-et-cereales-cuisinees-picard
Fruits Mixés Abricot Goyave - Dessert Végétal,Sojasun,"Plant-based foods and beverages, Fermented foods, Dairy substitutes, Desserts, Non-dairy desserts, Non-dairy fermented foods, Non-dairy yogurts, Soy milk yogurts, Fruit soy yogurts, Soy desserts, en:yogurts",320.0,0.4,10.2,0.06,3.7,0.0,11.7015625,2,B,81.0,A,https://world.openfoodfacts.org/product/3273220082089/fruits-mixes-abricot-goyave-dessert-vegetal-sojasun
Red Kidney Beans in chilli sauce,Tesco,"Plant-based foods and beverages, Plant-based foods, Legumes and their products, Legumes, Seeds, Legume seeds, Pulses, Common beans, Red beans, en:canned-common-beans",289.0,0.1,2.9,0.27,4.5,4.6,90.1597481343284,-9,B,72.0,B,https://world.openfoodfacts.org/product/5057753653989/red-kidney-beans-in-chilli-sauce-tesco
Shreddies,Nestle,"Plant-based foods and beverages, Plant-based foods, Breakfasts, Cereals and potatoes, Cereals and their products, Breakfast cereals, extruded cereals",1540.0,0.3,12.5,0.725,10.8,12.0,0.0,-1,B,25.0,E,https://world.openfoodfacts.org/product/7613287367143/shreddies-nestle
Houmous xxl,The Deli,"Plant-based foods and beverages, Plant-based foods, Condiments, Spreads, Plant-based spreads, Salted spreads, Sauces, Dips, Hummus",1250.0,2.4,0.5,0.65,7.7,5.5,69.5,-2,B,78.0,A,https://world.openfoodfacts.org/product/4088600446387/houmous-xxl-the-deli
Plain Yogrt smooth and mellow,Koko,"Plant-based foods and beverages, Fermented foods, Dairy substitutes, Desserts, Non-dairy desserts, Non-dairy fermented foods, Non-dairy yogurts, Coconutmilk yogurts, en:yogurts",328.0,4.2,4.3,0.35,0.6,0.2,92.0,1,B,72.0,B,https://world.openfoodfacts.org/product/5060100603094/plain-yogrt-smooth-and-mellow-koko
Walnut pieces,Sainsbury's,"Plant-based foods and beverages,Plant-based foods,Nuts and their products,Nuts,Shelled nuts,Walnuts,Walnut kernels",2882.0,7.5,2.6,0.02,14.7,5.2,100.0,0,B,24.0,E,https://world.openfoodfacts.org/product/00175661/walnut-pieces-sainsbury-s
Houmous,Stamford Street Co.,"Plant-based foods and beverages, Plant-based foods, Condiments, Spreads, Plant-based spreads, Salted spreads, Sauces, Dips, Hummus",930.0,1.5,0.5,0.68,5.6,3.7,66.49625,-1,B,73.0,B,https://world.openfoodfacts.org/product/00426947/houmous-stamford-street-co
Pure Original Basmati,Tilda,"Plant-based foods and beverages, Plant-based foods, Cereals and potatoes, Seeds, Cereals and their products, Cereal grains, Rices, Aromatic rices, Indica rices, Long grain rices, Basmati rices",1491.0,0.2,0.5,0.01,7.8,1.0,0.0,0,B,26.0,E,https://world.openfoodfacts.org/product/5011157630229/pure-original-basmati-tilda
Galettes 4 céréales bio,"Bio Village, Marque Repère","Plant-based foods and beverages, Plant-based foods, Cereals and potatoes, Cereals and their products, Puffed cereal cakes, en:puffed-rice-cakes",1673.0,0.5,0.6,0.2175,8.9,2.6,0.0,0,B,69.0,B,https://world.openfoodfacts.org/product/3564707082310/galettes-4-cereales-bio-bio-village
Huile d'olive vierge extra. Origine: Espagne.,Auchan,"Plant-based foods and beverages,Plant-based foods,Fats,Vegetable fats,Olive tree products,Vegetable oils,Olive oils,Extra-virgin olive oils,Virgin olive oils",3700.0,15.0,0.5,0.01,0.5,0.5,100.0,15,B,46.0,C,https://world.openfoodfacts.org/product/3596710463091/huile-d-olive-vierge-extra-origine-espagne-auchan
Soja,Carrefour,"Plant-based foods and beverages, Beverages, Plant-based foods, Legumes and their products, Dairy substitutes, Milk substitutes, Plant-based beverages, Plant-based milk alternatives, Legume-based drinks, Soy-based drinks, en:unsweetened-plain-soy-based-drinks, Légumineuses, Graines, Graines de légumineuses, Fèves de soja",157.0,0.3,1.8,0.05,3.2,0.7,8.8,-1,B,79.0,A,https://world.openfoodfacts.org/product/3560071182199/soja-carrefour
Butter beans,Aldi,"Plant-based foods and beverages, Plant-based foods, Legumes and their products, Fruits and vegetables based foods, Legumes, Seeds, Legume seeds, Vegetables based foods, Pulses, Butter beans",460.0,0.1,0.8,0.01,7.7,6.2,62.5,-9,B,88.0,A,https://world.openfoodfacts.org/product/4088600316543/butter-beans-aldi
Soya,VEMONDO,"en:Beverages and beverages preparations,Alimentos e bebidas à base de plantas,Bebidas,Alimentos à base de plantas,Legumes e seus produtos,en:Dairy substitutes,Substitutos do leite,Bebidas à base de plantas,Leites de planta,Leites de legumes,Bebidas de soja,Leites de soja natural açucarados",151.0,0.3,2.0,0.1,3.0,0.8,13.0,-1,B,74.0,B,https://world.openfoodfacts.org/product/20658144/soya-vemondo
Muesli floconneux morceaux de fruits,Chabrior,"Plant-based foods and beverages, Plant-based foods, Breakfasts, Cereals and potatoes, Cereals and their products, Breakfast cereals, Mueslis, en:mueslis-with-fruits, Mueslis floconneux ou de type traditionnel",1591.0,3.1,12.9,0.08,9.9,9.1,22.08984375,-1,B,66.0,B,https://world.openfoodfacts.org/product/3250391635283/muesli-floconneux-morceaux-de-fruits-chabrior
Vegetable Oil,Solesta,"Plant-based foods and beverages, Plant-based foods, Fats, Vegetable fats, Vegetable oils, Mixed vegetable oils",3404.0,7.0,0.5,0.01,0.5,0.5,100.0,11,B,47.0,C,https://world.openfoodfacts.org/product/4088600112527/vegetable-oil-solesta
Italian Arborio Risotto Rice,"Sainsbury's,by sainsbury's","Plant-based foods and beverages,Plant-based foods,Cereals and potatoes,Seeds,Cereals and their products,Cereal grains,Rices,Japonica rices,Rices for risotto,Short grain rices,Arborio rices",566.0,0.1,0.5,0.01,2.8,0.5,0.0,0,B,17.0,E,https://world.openfoodfacts.org/product/00459068/italian-arborio-risotto-rice-sainsbury-s
Arroz basmati aromático,"Hacendado,Mercadona","Plant-based foods and beverages,Plant-based foods,Cereals and potatoes,Seeds,Cereals and their products,Cereal grains,Rices,Aromatic rices,Indica rices,Long grain rices,Basmati rices",1508.0,0.2,0.5,1e-05,9.0,0.0,0.0,1,B,31.0,D,https://world.openfoodfacts.org/product/8480000050021/arroz-basmati-aromatico-hacendado
Riso Scotti RisoVital Gallette Di Riso Rice Cakes,Riso Scotti,"Plant-based foods and beverages, Plant-based foods, Cereals and potatoes, Cereals and their products, Puffed cereal cakes, Puffed rice cakes",1558.0,0.3,0.6,0.3,8.3,1.3,0.0,1,B,44.0,D,https://world.openfoodfacts.org/product/8001860252402/riso-scotti-risovital-gallette-di-riso-rice-cakes
Boulgour riz et quinoa,"PANZANI, SI BON","Plant-based foods and beverages, Plant-based foods, Legumes and their products, Cereals and potatoes, Legumes, Seeds, Cereals and their products, Meals, Cereal grains, Fresh foods, Fresh plant-based foods, Groats, Wheat groats, Bulgur, Bulgur dishes, Mix of cereals and legumes, Quinoa, en:plant-based-meals",834.0,0.4,1.7,1.0,6.4,6.4,10.8095238095238,-2,B,30.0,D,https://world.openfoodfacts.org/product/3038359009815/boulgour-riz-et-quinoa-panzani
Supersweet Sweetcorn in Water,Four Seasons,"Plant-based foods and beverages, Plant-based foods, Fruits and vegetables based foods, Canned foods, Cereals and potatoes, Seeds, Vegetables based foods, Canned plant-based foods, Cereals and their products, Canned vegetables, Cereal grains, Corn, Sweet corn, Sweetcorn, en:canned-sweet-corn",321.0,0.2,6.2,0.0,2.4,3.0,100.0,-7,B,72.0,B,https://world.openfoodfacts.org/product/4088600464534/supersweet-sweetcorn-in-water-four-seasons
Velouté 8 légumes du potager,crealine,"Plant-based foods and beverages, Plant-based foods, Fruits and vegetables based foods, Meals, Soups, Reheatable soups, Vegetable soups, Cold soups, Gazpacho, Reheatable mixed vegetables soup, en:cream-of-vegetable-soups",136.0,0.9,1.5,0.62,0.8,1.6,49.0,1,B,83.0,A,https://world.openfoodfacts.org/product/3422440003316/veloute-8-legumes-du-potager-crealine
Ma popote Lesieur mes galettes de pois chiches,Lesieur,"Plant-based foods and beverages,Plant-based foods,Vegetarian patties",570.0,0.8,1.5,0.97,4.5,3.9,62.585,-1,B,73.0,B,https://world.openfoodfacts.org/product/3265470088843/ma-popote-lesieur-mes-galettes-de-pois-chiches
Huile d'olive vierge extra Biologique,Elisa,"Plant-based foods and beverages,Plant-based foods,Fats,Vegetable fats,Olive tree products,Vegetable oils,Olive oils,Extra-virgin olive oils,Virgin olive oils,fr:Huile d'olive bio",3700.0,15.0,0.0,0.0,0.0,0.0,100.0,15,B,60.0,B,https://world.openfoodfacts.org/product/8002802102083/huile-d-olive-vierge-extra-biologique-elisa
Doves Farm | Fibre Flakes,Doves Farm,"Plant-based foods and beverages, Plant-based foods, Breakfasts, Cereals and potatoes, Cereals and their products, Breakfast cereals, Flakes, Cereal flakes, Extruded flakes, en:extruded-cereals",1629.0,0.33333333333333,10.333333333333,0.43333325,7.6666666666667,8.3333333333333,0.0,-1,B,25.0,E,https://world.openfoodfacts.org/product/5011766777988/doves-farm-fibre-flakes
No added sugar fruit and nut muesli,Asda,"Plant-based foods and beverages, Plant-based foods, Breakfasts, Cereals and potatoes, Cereals and their products, Breakfast cereals, Mueslis, en:mueslis-with-fruits",1571.0,2.0,19.0,0.03,10.0,7.3,37.5,0,B,62.0,B,https://world.openfoodfacts.org/product/5054781267423/no-added-sugar-fruit-and-nut-muesli-asda
"Bière Blonde SANS ALCOOL 0,0%",1664,"Beverages,Non-alcoholic beverages,Non-alcoholic beers",63.0,0.0,0.0,0.01,0.3,0.0,0.0,0,B,47.0,C,https://world.openfoodfacts.org/product/3080216055442/biere-blonde-sans-alcool-0-0-1664
Crunchy almond granola,Rude health,"Plant-based foods and beverages, Plant-based foods, Breakfasts, Cereals and potatoes, Cereals and their products, Breakfast cereals, en:mueslis",1925.0,2.1,12.0,0.03,10.0,7.1,5.0,0,B,62.0,B,https://world.openfoodfacts.org/product/5060120285393/crunchy-almond-granola-rude-health
Céréales Granola fruits rouges 350g,U,"Plant-based foods and beverages, Plant-based foods, Breakfasts, Cereals and potatoes, Cereals and their products, Breakfast cereals, Mueslis, en:mueslis-with-fruits",1771.0,1.3,17.0,0.01,11.0,7.4,5.265625,0,B,62.0,B,https://world.openfoodfacts.org/product/3256229255623/granola-fruits-rouges-u
Riz complet,Golden Sun,"Plant-based foods and beverages,Plant-based foods,Cereals and potatoes,Seeds,Cereals and their products,Frozen foods,Cereal grains,Rices,Brown rices",1486.0,0.5,0.5,0.02,7.4,1.8,0.0,-1,B,40.0,D,https://world.openfoodfacts.org/product/4056489729426/riz-complet-golden-sun
Actimel nature sans sucres ajoutes 100 g x 6,"Actimel, Actimel drink natural, Danone","Beverages, Dairies, Fermented foods, Fermented milk products, Desserts, Dairy desserts, Dairy drinks, Fermented dairy desserts, Fermented drinks, Yogurts, Fermented milk drinks, Drinkable-yogurts, en:yogurt-drinks",188.0,0.9,4.0,0.13,3.6,0.0,0.0,0,B,25.0,E,https://world.openfoodfacts.org/product/3033491460845/actimel-nature-sans-sucres-ajoutes-100-g-x-6
Walnuts,Asda,"Plant-based foods and beverages, Plant-based foods, Nuts and their products, Nuts, Walnuts",2869.0,7.5,2.6,0.02,15.0,3.5,100.0,1,B,18.0,E,https://world.openfoodfacts.org/product/5057172859696/walnuts-asda
Nero venere,Gallo,"Plant-based foods and beverages, Plant-based foods, Cereals and potatoes, Seeds, Cereals and their products, Cereal grains, Rices, Black rices, Parboiled rices",1486.0,0.6,0.9,0.0,7.2,3.8,0.0,-1,B,33.0,D,https://world.openfoodfacts.org/product/8001420002782/reis-nero-integrale-gallo
Organic Extra Virgin Olive Oil,Filippo Berio,"Plant-based foods and beverages, Plant-based foods, Fats, Vegetable fats, Olive tree products, Vegetable oils, Olive oils, Extra-virgin olive oils, en:virgin-olive-oils",3378.0,15.1,0.0,0.0,0.0,0.0,100.0,15,B,60.0,B,https://world.openfoodfacts.org/product/8002210115422/organic-extra-virgin-olive-oil-filippo-berio
Green lentils,Asda,"Plant-based foods and beverages, Plant-based foods, Legumes and their products, Legumes, Seeds, Legume seeds, Pulses, Lentils, Green lentils",342.0,0.1,0.5,0.01,5.7,3.4,66.6666666666667,-6,B,88.0,A,https://world.openfoodfacts.org/product/5054781340126/green-lentils-asda
Baked Beans,"Morrisons,Savers","Plant-based foods and beverages, Plant-based foods, Legumes and their products, Canned foods, Fruits and vegetables based foods, Legumes, Seeds, Canned plant-based foods, Legume seeds, Vegetables based foods, Canned vegetables, Pulses, Common beans, Canned legumes, White beans, Canned common beans, Canned white common beans",352.0,0.1,4.6,0.46,4.3,3.7,98.785400390625,-5,B,88.0,A,https://world.openfoodfacts.org/product/5010251426820/baked-beans-morrisons
Gnocchi Aux pommes de terre,"Carrefour,Carrefour Classic","Plant-based foods and beverages,Plant-based foods,Cereals and potatoes,Cereals and their products,Pastas,Fresh pasta,Gnocchi,Potato gnocchi",697.0,0.0,1.2,0.36,4.1,2.4,0.0,0,B,81.0,A,https://world.openfoodfacts.org/product/3560070848447/carrefour-gnocchi
Bebida de Almendras,Almendrola,"Plant-based foods and beverages, Beverages, Plant-based foods, Dairy substitutes, Milk substitutes, Nuts and their products, Plant-based beverages, Plant-based milk alternatives, Nut-based drinks, Almond-based drinks",50.0,0.1,0.05,0.05,0.35,0.2,2.75,0,B,66.0,B,https://world.openfoodfacts.org/product/8423352800142/bebida-de-almendras-almendrola
Knr dcr legumes soleil 1l,Knorr,"Plant-based foods and beverages, Plant-based foods, Fruits and vegetables based foods, Meals, Soups, Cream soups, Reheatable soups, Vegetable soups, Cream of vegetable soups, en:canned-soups",132.0,0.6,2.4,0.67,0.6,0.7,87.45,-2,B,81.0,A,https://world.openfoodfacts.org/product/8711200330775/knr-dcr-legumes-soleil-1l-knorr
Roasted Cashews,Tesco,"Plant-based foods and beverages, Plant-based foods, Nuts and their products, Nuts, Roasted nuts, Cashew nuts, Roasted Cashew Nuts",2480.0,8.4,6.4,0.4,22.0,6.0,87.4,0,B,28.0,E,https://world.openfoodfacts.org/product/5057373871572/roasted-cashews-tesco
Newgate Vegetable Soup,Newgate,"Plant-based foods and beverages,Plant-based foods,Fruits and vegetables based foods,Meals,Soups,Vegetable soups",202.0,0.1,3.1,0.45,1.3,1.3,18.7614822387695,1,B,82.0,A,https://world.openfoodfacts.org/product/20018450/newgate-vegetable-soup
Baked Beans In Tomato Sauce,Everyday Essentials,"Plant-based foods and beverages, Plant-based foods, Prepared vegetables, Baked beans in tomato sauce",342.0,0.1,4.6,0.56,3.7,3.0,72.0,-2,B,84.0,A,https://world.openfoodfacts.org/product/4088600072487/baked-beans-in-tomato-sauce-everyday-essentials
PLJ Lemon,Rayner's,"Plant-based foods and beverages, Beverages, Plant-based beverages, Fruit-based beverages, Juices and nectars, Fruit juices, Lemon juice",21.0,0.01,0.4,0.03,0.09,0.01,90.9375,-5,B,34.0,D,https://world.openfoodfacts.org/product/5015285811123/plj-lemon-rayner-s
Crosti Griffs choco,"Favrichon,Joseph Favrichon","Plant-based foods and beverages,Plant-based foods,Breakfasts,Cereals and potatoes,Cereals and their products,Breakfast cereals,Chocolate cereals,Extruded cereals,Chocolate wheat shells",1626.0,2.2,17.0,0.17,10.0,8.3,0.0,-1,B,50.0,C,https://world.openfoodfacts.org/product/3111900330009/crosti-griffs-choco-favrichon
Coquillettes Bio,"Bio Village, Marque Repère, Scamark (Filiale E. Leclerc)","Plant-based foods and beverages, Plant-based foods, Cereals and potatoes, Cereals and their products, Pastas, Cereal pastas, Dry pastas, Durum wheat pasta, fr:Coquillettes, fr:Coquillettes de blé dur, Dry durum wheat pasta",1504.0,0.1,3.5,0.0,12.0,2.5,0.0,-1,B,85.0,A,https://world.openfoodfacts.org/product/3564707000093/coquillettes-bio-bio-village
Red kidney beans in water,Essential Waitrose & Partners,"Plant-based foods and beverages, Plant-based foods, Legumes and their products, Canned foods, Legumes, Canned plant-based foods, Canned legumes, Canned common beans, Canned red kidney beans, en:red-beans",435.0,0.2,0.7,0.02,7.2,6.2,76.9230769230769,-8,B,87.0,A,https://world.openfoodfacts.org/product/5000169280508/red-kidney-beans-in-water-essential-waitrose-partners
Oat milk rich & smooth - Long life,Asda,"Plant-based foods and beverages, Beverages, Plant-based foods, Cereals and potatoes, Dairy substitutes, Cereals and their products, Milk substitutes, Plant-based beverages, Plant-based milk alternatives, Cereal-based drinks, Oat-based drinks",82.5,0.1,2.0,0.06,0.35,0.25,0.0,0,B,56.0,C,https://world.openfoodfacts.org/product/5057172223428/oat-milk-rich-smooth-long-life-asda
Soya classico,Valsoia,"Beverages and beverages preparations,Plant-based foods and beverages,Beverages,Plant-based foods,Legumes and their products,Dairy substitutes,Milk substitutes,Plant-based beverages,Plant-based milk alternatives,Legume-based drinks,Soy-based drinks,Plain soy drink fortified with calcium,Unsweetened plain soy-based drinks",258.0,0.6,2.1,0.1,3.0,0.2,6.8,-1,B,82.0,A,https://world.openfoodfacts.org/product/8006040250964/soya-classico-valsoia
Pindakaas,Vita d'Or,"Plant-based foods and beverages,Plant-based foods,Legumes and their products,Spreads,Nuts and their products,Plant-based spreads,Oilseed purees,Legume butters,Nut butters,Peanut butters",2687.0,6.8,4.6,0.55,23.6,5.4,85.2176339285714,0,B,19.0,E,https://world.openfoodfacts.org/product/20977948/pindakaas-vita-d-or
Cashews,Asda,"Plant-based foods and beverages, Plant-based foods, Nuts and their products, Nuts, Cashew nuts",2418.0,9.8,4.6,0.04,18.0,3.2,100.0,2,B,23.0,E,https://world.openfoodfacts.org/product/5057172859672/cashews-asda
Huile d'olive vierge extra,PRIMADONNA,"Plant-based foods and beverages, Plant-based foods, Fats, Frozen foods, Vegetable fats, Olive tree products, Vegetable oils, Olive oils, Extra-virgin olive oils, en:virgin-olive-oils",3389.0,13.7,0.0,0.0,0.0,0.0,100.0,15,B,59.0,C,https://world.openfoodfacts.org/product/4335619018532/huile-d-olive-vierge-extra-primadonna
Riz complet soufflé,Grillon d'Or,"Plant-based foods and beverages, Plant-based foods, Cereals and potatoes, Cereals and their products, en:puffed-rice",1593.0,0.6,0.6,0.03,8.1,2.2,0.0,-1,B,50.0,C,https://world.openfoodfacts.org/product/3421557500763/riz-complet-souffle-grillon-d-or
Unsweetened Soy Milk,"Danone, alpro","Plant-based foods and beverages,Beverages,Plant-based foods,Legumes and their products,Dairy substitutes,Milk substitutes,Plant-based beverages,Plant-based milk alternatives,Legume-based drinks,Soy-based drinks",138.0,0.3,0.0,0.09,3.3,0.6,0.0,-1,B,77.0,A,https://world.openfoodfacts.org/product/5411188543398/unsweetened-soy-milk-danone
100 % Pure Eau de Coco Bio,"Carrefour BIO, Carrefour","Beverages,Coconut waters",62.0,0.0,2.9,0.1,0.5,0.0,100.0,-5,B,45.0,C,https://world.openfoodfacts.org/product/3560071184483/100-pure-eau-de-coco-bio-carrefour-bio
Growing Up Soya Drink 1-3  Years U.H.T. 4 x (1L),Alpro,"Plant-based foods and beverages, Beverages, Plant-based foods, Legumes and their products, Dairy substitutes, Milk substitutes, Plant-based beverages, Plant-based milk alternatives, Legume-based drinks, Soy-based drinks",244.0,0.3,2.5,0.04,2.5,0.4,6.6,-1,B,69.0,B,https://world.openfoodfacts.org/product/5411188091660/growing-up-soya-drink-1-3-years-u-h-t-4-x-1l-alpro
Huile d'olive vierge extra Arbequine,"Cauvin, Huilerie Cauvin","Aliments et boissons à base de végétaux, Aliments d'origine végétale, Matières grasses, Matières grasses végétales, Produits de l'olivier, Huiles, Huiles d'olive, Huiles d'olive d'Espagne, Huiles d'olive vierges extra, Huiles d'olive vierges",3700.0,17.0,0.0,0.0,0.0,0.0,100.0,15,B,60.0,B,https://world.openfoodfacts.org/product/3336590093755/huile-d-olive-vierge-extra-arbequine-cauvin
Mélange de 4 huiles végétales,"Marque Repère, Rustica","Plant-based foods and beverages, Plant-based foods, Fats, Vegetable fats, Vegetable oils, Mixed vegetable oils",3404.0,7.0,0.0,0.0,0.0,0.0,60.0,15,B,47.0,C,https://world.openfoodfacts.org/product/3564700001066/melange-de-4-huiles-vegetales-marque-repere
Pâtes Farfalline,Barilla,"Plant-based foods and beverages, Plant-based foods, Cereals and potatoes, Cereals and their products, Meals, Pasta dishes, Pastas, Cereal pastas, Noodles, Dry pastas, Durum wheat pasta, Dry durum wheat pasta",1521.0,0.5,3.5,0.01,12.0,3.0,0.0,-2,B,74.0,B,https://world.openfoodfacts.org/product/8076804765591/pates-farfalline-barilla
All bran flakes,Kellogg's,"Plant-based foods and beverages,Plant-based foods,Breakfasts,Cereals and potatoes,Cereals and their products,Breakfast cereals,Extruded wheat flakes",1509.0,0.4,14.0,0.66,11.0,17.0,0.0,-1,B,30.0,D,https://world.openfoodfacts.org/product/5000127061828/all-bran-flakes-kellogg-s
"Special k Protein berries, granola & seeds",Kellogg's,"Plant-based foods and beverages,Plant-based foods,Breakfasts,Cereals and potatoes,Cereals and their products,Breakfast cereals,cereal flakes with fruits",1553.0,0.5,14.0,0.78,12.0,8.9,0.0,-1,B,25.0,E,https://world.openfoodfacts.org/product/5053827205665/special-k-protein-berries-granola-seeds-kellogg-s
Natural Coconut Drink,biomel,"Beverages and beverages preparations, Plant-based foods and beverages, Beverages, Dairies, Fermented foods, Plant-based foods, Fermented milk products, Desserts, Dairy desserts, Dairy drinks, Fermented dairy desserts, Fermented drinks, Fermented milk drinks, Yogurts, Plant-based creams, Yogurt drinks, Plant-based creams for cooking, Coconut milks and creams, en:plant-based-milk-alternatives",113.0,1.7,1.9,0.1,0.2,0.8,75.0,-1,B,66.0,B,https://world.openfoodfacts.org/product/5060455490349/natural-coconut-drink-biomel
Twinings Strawberry & Raspberry Tea,Twinings,"Plant-based foods and beverages, Beverages, Hot beverages, Plant-based beverages, Teas, Herbal teas, Fruit teas, Red fruit teas, Tea bags",10.0,0.0,0.0,0.0,0.0,0.0,22.375,0,B,85.0,A,https://world.openfoodfacts.org/product/0070177093402/twinings-strawberry-raspberry-tea
Soya Drink Milk Free by Sainsbury's,By sainsbury's,"Plant-based foods and beverages,Beverages,Plant-based foods,Legumes and their products,Dairy substitutes,Milk substitutes,Plant-based beverages,Plant-based milk alternatives,Legume-based drinks,Soy-based drinks",137.0,0.2,0.5,0.14,3.4,0.5,9.0,-1,B,70.0,B,https://world.openfoodfacts.org/product/00381635/soya-drink-milk-free-by-sainsbury-s
Cruesli 4 Nuts,Quaker,"Plant-based foods and beverages,Plant-based foods,Breakfasts,Cereals and potatoes,Cereals and their products,Breakfast cereals,Mueslis,Cereals with nuts,Crunchy cereal clusters,Cereal clusters with nuts,Mueslis with nuts",1934.0,2.0,12.0,0.01,8.5,10.0,5.0,-1,B,73.0,B,https://world.openfoodfacts.org/product/8710398516947/cruesli-4-nuts-quaker
wholegrain rice,Asda,"Plant-based foods and beverages, Plant-based foods, Cereals and potatoes, Seeds, Cereals and their products, Cereal grains, Rices, Brown rices",720.0,0.64,0.4,0.15,4.08,1.84,0.0,-1,B,17.0,E,https://world.openfoodfacts.org/product/5054781024842/wholegrain-rice-asda
Barbeque lentils,THE GYM KITCHEN,"Plant-based foods and beverages, Plant-based foods, Legumes and their products, Legumes, Seeds, Legume seeds, Pulses, Lentils, Precooked pulses, Precooked-pulses, en:lentil-dishes",459.0,0.2,4.5,0.56,8.7,4.5,51.0,-4,B,75.0,A,https://world.openfoodfacts.org/product/5060084349360/barbeque-lentils-the-gym-kitchen
Bio village noix de cajou,"Bio Village, Marque Repère","Plant-based foods and beverages, Plant-based foods, Nuts and their products, Nuts, Roasted nuts, Cashew nuts, Roasted Cashew Nuts",2587.0,8.7,6.5,0.03,20.0,5.5,96.0,-1,B,53.0,C,https://world.openfoodfacts.org/product/3564707117166/bio-village-noix-de-cajou
Chickpeas in Water,Four Seasons,"Plant-based foods and beverages, Plant-based foods, Legumes and their products, Canned foods, Legumes, Canned plant-based foods, Canned legumes, en:canned-chickpeas",458.0,0.2,0.5,0.03,6.2,5.0,80.0,-7,B,75.0,A,https://world.openfoodfacts.org/product/4088600140858/chickpeas-in-water-four-seasons
Porridge - Easy Oats Originale,"Nevill’s, Tesco","Plant-based foods and beverages, Plant-based foods, Breakfasts, Cereals and potatoes, Cereals and their products, Breakfast cereals, Porridge",388.0,1.2,4.3,0.1,4.6,1.2,0.0,1,B,25.0,E,https://world.openfoodfacts.org/product/5054268892285/porridge-easy-oats-originale-nevill-s
Moroccan Inspired Houmous,The deli,"Plant-based foods and beverages, Plant-based foods, Condiments, Spreads, Plant-based spreads, Salted spreads, Sauces, Dips, Hummus",1121.0,1.8,6.1,0.4325,6.8,5.1,66.0,-1,B,80.0,A,https://world.openfoodfacts.org/product/4088600005034/moroccan-inspired-houmous-the-deli
Mexican Inspired Rice,Tesco,"Plant-based foods and beverages, Plant-based foods, Cereals and potatoes, Seeds, Cereals and their products, Cereal grains, Rices",630.0,0.4,1.44,0.252,3.28,1.76,12.8991963465073,0,B,17.0,E,https://world.openfoodfacts.org/product/5057008025042/mexican-inspired-rice-tesco
Extra Virgin Olive Oil,Morrisons,"Plant-based foods and beverages, Plant-based foods, Fats, Vegetable fats, Olive tree products, Vegetable oils, Olive oils, Extra-virgin olive oils, Virgin olive oils",3382.0,13.1,0.0,0.0,0.0,0.0,100.0,15,B,37.0,D,https://world.openfoodfacts.org/product/5010251916208/extra-virgin-olive-oil-morrisons
Vegetable oil,Morrisons,"Plant-based foods and beverages, Plant-based foods, Fats, Vegetable fats, Vegetable oils, Rapeseed oils, en:soybean-oils",3404.0,7.0,0.0,0.0,0.0,0.0,100.0,11,B,67.0,B,https://world.openfoodfacts.org/product/5010525091341/vegetable-oil-morrisons
olive oil,La Española,"Plant-based foods and beverages, Plant-based foods, Fats, Vegetable fats, Olive tree products, Vegetable oils, Olive oils",3381.0,12.8,0.0,0.0,0.0,0.0,100.0,15,B,39.0,D,https://world.openfoodfacts.org/product/8410660048038/olive-oil-la-espanola
Wholegrain golden vegetable rice,Uncle Ben’s,"Plant-based foods and beverages, Plant-based foods, Fruits and vegetables based foods, Cereals and potatoes, Seeds, Vegetables based foods, Cereals and their products, Vegetables, Cereal grains, Rices, Spanish-vegetables, Rice, en:rice-dishes",634.0,0.4,0.7,0.44,3.6,2.0,13.6,0,B,20.0,E,https://world.openfoodfacts.org/product/5010034014220/wholegrain-golden-vegetable-rice-uncle-ben-s
Pindakaas met stukjes pinda,Vita d'Or,"Plant-based foods and beverages,Plant-based foods,Legumes and their products,Spreads,Nuts and their products,Plant-based spreads,Oilseed purees,Legume butters,Nut butters,Peanut butters,Crunchy peanut butters",2643.0,6.2,8.5,0.55,22.8,6.0,81.0,0,B,30.0,D,https://world.openfoodfacts.org/product/20977931/pindakaas-vita-d-or
Olive oil,solesta,"Plant-based foods and beverages, Plant-based foods, Fats, Vegetable fats, Olive tree products, Vegetable oils, Olive oils",3442.0,14.0,0.5,0.01,0.5,0.5,0.0,20,B,37.0,D,https://world.openfoodfacts.org/product/4088600158303/olive-oil-solesta
Vegane Falafel,"GB Fine-Food,My Vay","Plant-based foods and beverages,Plant-based foods,Meals,Meat alternatives,Meat analogues,Plant-based meals,Vegetarian balls,Falafels,de:Vegane Fertiggerichte,Vegan balls",725.0,0.8,2.8,1.4,10.0,6.0,36.05,-1,B,80.0,A,https://world.openfoodfacts.org/product/4047247646635/vegane-falafel-gb-fine-food
Hearty Root Vegetable with Pearl Barley,Yorkshire Provender,"Plant-based foods and beverages, Plant-based foods, Fruits and vegetables based foods, Meals, Soups, Reheatable soups, en:vegetable-soups",257.0,1.9,2.5,0.58,1.1,1.3,72.3145474520597,0,B,83.0,A,https://world.openfoodfacts.org/product/5056053308728/hearty-root-vegetable-with-pearl-barley-yorkshire-provender
2 Pizza Bases,Sainsbury's,"Plant-based foods and beverages, Plant-based foods, Cereals and potatoes, Bakery products, Pizza dough",1313.0,0.4,1.8,0.6,9.8,1.1,13.1,0,B,75.0,A,https://world.openfoodfacts.org/product/01892987/2-pizza-bases-sainsbury-s
Marrons entiers à sec - Bocal 420g,U,"Plant-based foods and beverages, Plant-based foods, Fruits and vegetables based foods, Canned foods, Vegetables based foods, Canned plant-based foods, Fruits based foods, Nuts and their products, Canned vegetables, Fruits, Nuts, Chestnuts, fr:Chataignes décoprtiquées entières",645.0,0.4,8.0,0.01,2.0,4.0,100.0,-5,B,50.0,C,https://world.openfoodfacts.org/product/3256221142167/marrons-entiers-a-sec-bocal-420g-u
Coquillettes Turini,"Marque Repère, Turini","Plant-based foods and beverages, Plant-based foods, Cereals and potatoes, Cereals and their products, Pastas, Cereal pastas, Dry pastas, Durum wheat pasta, fr:Coquillettes, fr:Coquillettes de blé dur, Dry durum wheat pasta",1518.0,0.5,3.5,0.03,12.0,2.0,0.0,-1,B,65.0,B,https://world.openfoodfacts.org/product/3564700009840/coquillettes-turini-marque-repere
Turku zirņi,CIDACOS,"Plant-based foods and beverages, Plant-based foods, Legumes and their products, Canned foods, Legumes, Seeds, Canned plant-based foods, Legume seeds, Pulses, Chickpeas, Canned legumes, Canned chickpeas",379.0,0.5,0.7,0.8,5.5,0.0,84.9252013808976,-3,B,72.0,B,https://world.openfoodfacts.org/product/8410313325813/turku-zir%C5%86i-cidacos
"Cereal de trigo e milho torrado, com cacau","Nesquik, Nestlé, nesquik","Plant-based foods and beverages,Plant-based foods,Breakfasts,Cereals and potatoes,Cereals and their products,Breakfast cereals,Chocolate cereals,Chocolate cereal balls",1599.0,0.7,22.1,0.2,8.7,9.3,0.0,0,B,15.0,E,https://world.openfoodfacts.org/product/7613287530813/cereal-de-trigo-e-milho-torrado-com-cacau-nesquik
Fully Loaded Jalapeño Peanuts,Snackrite,"Plant-based foods and beverages,Plant-based foods,Nuts and their products,Nuts,Roasted nuts,Seasoned-peanuts,Peanuts,Coated peanuts",2480.0,5.67,5.0,1.0,24.0,9.0,97.7333333333333,-2,B,41.0,D,https://world.openfoodfacts.org/product/4088600416717/fully-loaded-jalapeno-peanuts-snackrite
Almond organic imp,Rude Health,"Plant-based foods and beverages, Beverages, Plant-based foods, Dairy substitutes, Milk substitutes, Nuts and their products, Plant-based beverages, Plant-based milk alternatives, Nut-based drinks, Almond-based drinks",75.0,0.1,0.0,0.0,0.6,0.6,2.5,0,B,79.0,A,https://world.openfoodfacts.org/product/5060120286246/almond-organic-imp-rude-health
Special Flakes Red Fruits,Golden Bridge,"Plant-based foods and beverages,Plant-based foods,Breakfasts,Cereals and potatoes,Cereals and their products,Breakfast cereals,Cereals with fruits,Extruded cereals,Cereal flakes with fruits",1593.0,0.4,13.0,0.48,8.7,7.1,4.4,0,B,41.0,D,https://world.openfoodfacts.org/product/4047247771375/special-flakes-red-fruits-golden-bridge
7 Grain Medley,Marks & Spencer,"Plant-based foods and beverages,Plant-based foods,Seeds,Quinoa",648.0,0.3,0.2,0.57,5.5,5.1,8.0,-3,B,18.0,E,https://world.openfoodfacts.org/product/29387977/7-grain-medley-marks-spencer
British cold pressed rapeseed oil,Sainsbury,"Plant-based foods and beverages, Plant-based foods, Fats, Vegetable fats, Vegetable oils, Rapeseed oils",3572.0,6.3,0.5,0.0,0.5,0.5,100.0,11,B,65.0,B,https://world.openfoodfacts.org/product/01819700/british-cold-pressed-rapeseed-oil-sainsbury
Extra Virgin Olive Oil,Solesta,"Plant-based foods and beverages, Plant-based foods, Fats, Vegetable fats, Olive tree products, Vegetable oils, Olive oils, Extra-virgin olive oils, Virgin olive oils",3378.0,13.0,0.5,0.5,0.5,0.5,100.0,17,B,45.0,C,https://world.openfoodfacts.org/product/4088600307800/extra-virgin-olive-oil-solesta
riso integrale venere,Riso Scotti,"Plant-based foods and beverages,Plant-based foods,Cereals and potatoes,Seeds,Cereals and their products,Cereal grains,Rices,Parboiled rices,Black rices",1311.0,0.3,0.8,0.06,7.7,4.8,0.0,-4,B,52.0,C,https://world.openfoodfacts.org/product/8001860187735/riso-integrale-venere-riso-scotti
Tomato & Basil Soup,Soupreme,"Plant-based foods and beverages,Plant-based foods,Fruits and vegetables based foods,Meals,Soups,Vegetable soups,Tomato soups",190.0,0.4,4.1,0.44,1.7,0.8,77.1176609848485,1,B,78.0,A,https://world.openfoodfacts.org/product/4088600426594/tomato-basil-soup-soupreme
Strawberry Granola,Tesco,"Plant-based foods and beverages, Plant-based foods, Breakfasts, Cereals and potatoes, Cereals and their products, Breakfast cereals, Cereals with fruits, Crunchy cereal clusters, Cereal clusters with fruits, en:mueslis",1819.0,1.8,16.3,0.03,9.9,7.4,9.14999999999998,0,B,62.0,B,https://world.openfoodfacts.org/product/5059697717314/strawberry-granola-tesco
"Huile d'olive vierge extra Bouteille 1,5 litre",U,"Plant-based foods and beverages, Plant-based foods, Fats, Vegetable fats, Olive tree products, Vegetable oils, Olive oils, Virgin olive oils, en:extra-virgin-olive-oils",3700.0,14.0,0.0,0.0,0.0,0.0,100.0,15,B,34.0,D,https://world.openfoodfacts.org/product/3256229431775/huile-d-olive-vierge-extra-bouteille-1-5-litre-u
Huile d'olive Massa,Les huileries MASSA,"Plant-based foods and beverages, Plant-based foods, Fats, Vegetable fats, Olive tree products, Vegetable oils, Olive oils, Extra-virgin olive oils, Olive oils from Maroc, en:virgin-olive-oils",3438.0,13.0,0.0,0.0,0.0,0.0,0.0,20,B,32.0,D,https://world.openfoodfacts.org/product/6111254540519/huile-d-olive-massa-les-huileries-massa
Bebida de Soja natural,Sojade,"Beverages and beverages preparations,Plant-based foods and beverages,Beverages,Plant-based foods,Legumes and their products,Dairy substitutes,Milk substitutes,Plant-based beverages,Plant-based milk alternatives,Legume-based drinks,Soy-based drinks",153.0,0.4,0.0,0.08,3.8,0.0,0.0,-1,B,69.0,B,https://world.openfoodfacts.org/product/3273227080156/so-soja-natural-sojade
Huile de Colza,SimplCarrefour,"Plant-based foods and beverages,Plant-based foods,Fats,Vegetable fats,Vegetable oils,Rapeseed oils",3404.0,6.6,0.0,0.0,0.0,0.0,100.0,11,B,57.0,C,https://world.openfoodfacts.org/product/3560070340408/huile-de-colza-simplcarrefour
Penne Rigate,"Bio Village, Marque Repère","Plant-based foods and beverages, Plant-based foods, Cereals and potatoes, Cereals and their products, Pastas, Cereal pastas, Dry pastas, Durum wheat pasta, Penne, Penne rigate, Dry durum wheat pasta",1504.0,0.1,3.5,0.0,12.0,2.5,0.0,-1,B,84.0,A,https://world.openfoodfacts.org/product/3564707103237/penne-rigate-bio-village
Olio extravergine,Farchioni,"Plant-based foods and beverages, Plant-based foods, Fats, Vegetable fats, Olive tree products, Vegetable oils, Olive oils, Olive oils from Italy, Extra-virgin olive oils, en:virgin-olive-oils",3450.0,14.0,0.0,0.0,0.0,0.0,0.0,20,B,40.0,D,https://world.openfoodfacts.org/product/8007153001016/olio-extravergine-farchioni
Tesco Minestrone,Tesco,"Plant-based foods and beverages, Plant-based foods, Fruits and vegetables based foods, Meals, Soups, Vegetable soups, Minestrone soups",186.0,0.2,2.6,0.4,1.8,1.4,54.0,-1,B,85.0,A,https://world.openfoodfacts.org/product/5050179966008/tesco-minestrone
ASDA Choco Hoops,Asda,"Plant-based foods and beverages, Plant-based foods, Breakfasts, Cereals and potatoes, Cereals and their products, Breakfast cereals, Extruded cereals",1569.0,0.7,20.0,0.28,9.2,7.9,0.0,0,B,39.0,D,https://world.openfoodfacts.org/product/5054781527527/asda-choco-hoops
Squash,Aldi,"Plant-based foods and beverages, Plant-based foods, Pumpkin and Squash plant products, Squash, en:artificially-sweetened-beverages",6.0,0.0,0.2,0.01,0.0,0.0,90.0,-5,B,49.0,C,https://world.openfoodfacts.org/product/4088600055626/squash-aldi
Specially selected Garlic Infused Olive Oil,Aldi,"Plant-based foods and beverages, Plant-based foods, Fats, Vegetable fats, Olive tree products, Vegetable oils, Olive oils",3389.0,12.6,0.9,0.0,0.8,0.5,100.0,15,B,27.0,E,https://world.openfoodfacts.org/product/4061459387278/specially-selected-garlic-infused-olive-oil-aldi
Fiocchi di frumento integrale,Kellogg's,"Plant-based foods and beverages, Plant-based foods, Breakfasts, Cereals and potatoes, Cereals and their products, Breakfast cereals, Flakes, Cereal flakes, en:extruded-flakes",1509.0,0.4,14.0,0.69,11.0,17.0,0.0,-1,B,25.0,E,https://world.openfoodfacts.org/product/5059319033136/barn-enriched-wheat-flakes-kellogg-s
Haricots blancs tomate - Boîte 800g,U,"Plant-based foods and beverages, Plant-based foods, Fruits and vegetables based foods, Legumes and their products, Canned foods, Legumes, Seeds, Vegetables based foods, Canned plant-based foods, Legume seeds, Canned vegetables, Pulses, Common beans, Canned legumes, White beans, Canned common beans, en:baked-beans-in-tomato-sauce",347.0,0.1,1.2,0.86,4.9,5.1,96.7356687898089,-6,B,77.0,A,https://world.openfoodfacts.org/product/3256225042098/haricots-blancs-tomate-boite-800g-u
Epinard hachés à la crème,Picard,"Plant-based foods and beverages, Plant-based foods, Frozen foods, Prepared vegetables, Spinach with cream sauce, en:frozen-vegetables",205.0,1.9,0.8,0.48,2.0,1.9,65.0,-1,B,79.0,A,https://world.openfoodfacts.org/product/3270160114795/epinard-haches-a-la-creme-picard
Fagioli Borlotti,coop,"Plant-based foods and beverages, Plant-based foods, Legumes and their products, Legumes, Seeds, Legume seeds, en:canned-common-beans",442.0,0.0,0.6,0.68,8.0,7.2,50.0,-6,B,77.0,A,https://world.openfoodfacts.org/product/8001120909916/fagioli-borlotti-lessati-coop
Olivenöl,Farchioni,"Plant-based foods and beverages,Plant-based foods,Fats,Vegetable fats,Olive tree products,Vegetable oils,Olive oils,Extra-virgin olive oils,Virgin olive oils",3389.0,14.0,0.0,0.0,0.0,0.0,0.0,20,B,47.0,C,https://world.openfoodfacts.org/product/8007153008060/casolare-olivenol-farchioni
Sauerkirschen,"Freshona, Gloster KFT","Plant-based foods and beverages, Plant-based foods, Fruits and vegetables based foods, Canned foods, Canned plant-based foods, Fruits based foods, Fruits, Canned fruits, Cherries, Canned fruits in juice, Pitted cherries",280.0,0.1,12.0,0.03,0.7,0.6,63.25,1,B,71.0,B,https://world.openfoodfacts.org/product/20149819/sauerkirschen-freshona
Lemon juice from concentrate,Asda,"Plant-based foods and beverages, Beverages, Plant-based beverages, Fruit-based beverages, Juices and nectars, Fruit juices, Lemon juice",94.0,0.1,0.9,0.02,0.5,0.5,83.3333333333333,-5,B,29.0,E,https://world.openfoodfacts.org/product/5050854189487/lemon-juice-from-concentrate-asda
Instant Oats Original,Harvest Morn,"Plant-based foods and beverages, Plant-based foods, Breakfasts, Cereals and potatoes, Seeds, Cereals and their products, Breakfast cereals, Cereal grains, Oat, en:rolled-oats",493.0,0.35,3.2,0.055,5.75,2.35,0.0,-3,B,71.0,B,https://world.openfoodfacts.org/product/4088600212722/instant-oats-original-harvest-morn
Soya Unsweetened Drink,Plant-Based by Asda,"Plant-based foods and beverages,Beverages,Plant-based foods,Legumes and their products,Dairy substitutes,Milk substitutes,Plant-based beverages,Plant-based milk alternatives,Legume-based drinks,Soy-based drinks,Unsweetened plain soy-based drinks",78.0,0.2,0.5,0.13,2.0,0.5,7.0,0,B,73.0,B,https://world.openfoodfacts.org/product/5057172223411/soya-unsweetened-drink-plant-based-by-asda
Extra Special Nutty Muesli,Asda,"Plant-based foods and beverages, Plant-based foods, Breakfasts, Cereals and potatoes, Cereals and their products, Breakfast cereals, Mueslis, Mueslis with nuts",1534.0,1.7,19.0,0.06,8.4,8.2,19.5,0,B,67.0,B,https://world.openfoodfacts.org/product/5057172274543/extra-special-nutty-muesli-asda
shreddies,Nestle,"Plant-based foods and beverages, Plant-based foods, Breakfasts, Cereals and potatoes, Cereals and their products, Breakfast cereals, extruded cereals",1538.0,0.3,13.0,0.72,11.0,12.0,0.0,-1,B,55.0,C,https://world.openfoodfacts.org/product/7613287133687/shreddies-nestle
Dry Roasted Peanuts,By sainsbury's,"Plant-based foods and beverages, Plant-based foods, Legumes and their products, Snacks, Legumes, Salty snacks, Nuts and their products, Nuts, Peanuts, Salted nuts, Salted peanuts, Dry roasted peanuts, en:roasted-peanuts",2480.0,4.0,4.8,1.04,29.0,10.4,68.24,7,B,28.0,E,https://world.openfoodfacts.org/product/00429825/dry-roasted-peanuts-by-sainsbury-s
Crunchy Peanut Butter,Essential Waitrose,"Plant-based foods and beverages,Plant-based foods,Legumes and their products,Nuts and their products,Plant-based spreads,Oilseed purees,Legume butters,Nut butters,Peanut butters,Crunchy peanut butters",2535.0,7.99,6.4,0.52,25.6,9.3,0.0,10,B,35.0,D,https://world.openfoodfacts.org/product/5000169631508/crunchy-peanut-butter-essential-waitrose
Beans,Heinz,"Plant-based foods and beverages, Plant-based foods, Prepared vegetables, Baked beans in tomato sauce, en:common-beans",274.0,0.0,1.85,0.8,4.6,3.6,70.0,-3,B,89.0,A,https://world.openfoodfacts.org/product/5000157150981/beans-heinz
Muesli con frutas,GoldenBridge,"Plant-based foods and beverages, Plant-based foods, Breakfasts, Cereals and potatoes, Cereals and their products, Breakfast cereals, Cereals with fruits, en:mueslis-with-fruits",1459.0,1.6,19.0,0.01,9.1,9.8,32.25,0,B,62.0,B,https://world.openfoodfacts.org/product/2004060075426/muesli-con-frutas-goldenbridge
Haricots blancs préparés - Boîte 250g,U,"Plant-based foods and beverages,Plant-based foods,Fruits and vegetables based foods,Legumes and their products,Canned foods,Legumes,Seeds,Vegetables based foods,Canned plant-based foods,Legume seeds,Canned vegetables,Pulses,Common beans,Canned legumes,White beans,Canned common beans,Canned white common beans",367.0,0.1,0.5,0.45,6.6,7.0,50.0,-6,B,78.0,A,https://world.openfoodfacts.org/product/3256225042067/haricots-blancs-prepares-boite-250g-u
Lentilles cuisinées à la graisse d'oie,"Marque Repère, Notre Jardin","Plant-based foods and beverages, Plant-based foods, Legumes and their products, Canned foods, Legumes, Seeds, Canned plant-based foods, Legume seeds, Meals, Pulses, Canned legumes, Lentils, Canned lentils, Prepared lentils, en:canned-vegetables",379.0,1.2,0.5,0.8,5.8,3.9,90.8400809716599,-5,B,75.0,A,https://world.openfoodfacts.org/product/3564700864487/lentilles-cuisinees-a-la-graisse-d-oie-marque-repere
Soja cuisine bq 3x20cl,Pâturages,"Plant-based foods and beverages, Plant-based foods, Plant-based creams, Plant-based creams for cooking, Soy-based creams for cooking, Autres produits",630.0,1.6,1.4,0.16,2.3,1.3,12.35,1,B,79.0,A,https://world.openfoodfacts.org/product/3250392702984/soja-cuisine-bq-3x20cl-paturages
Crips & Naturally Sweet Sweetcorn,Marks & Spencer,"Plant-based foods and beverages, Plant-based foods, Fruits and vegetables based foods, Canned foods, Cereals and potatoes, Vegetables based foods, Canned plant-based foods, Cereals and their products, Canned vegetables, Canned cereals, Canned corn, Canned sweet corn, en:sweet-corn",322.0,0.4,5.0,0.3,2.7,2.8,100.0,-7,B,72.0,B,https://world.openfoodfacts.org/product/29061334/crips-naturally-sweet-sweetcorn-marks-spencer
lemonade,next,"Plant-based foods and beverages,Beverages,Plant-based beverages,Fruit-based beverages",8.0,0.0,0.0,0.03,0.0,0.0,0.0,0,B,44.0,D,https://world.openfoodfacts.org/product/5449000056245/lemonade-next
Granola Cocoa Orange,Nakd,"Plant-based foods and beverages,Plant-based foods,Breakfasts,Cereals and potatoes,Cereals and their products,Breakfast cereals,Chocolate cereals,Crunchy cereal clusters,Cereal clusters with chocolate,Nakd-granola,granola",1601.0,1.7,16.0,0.04,9.6,15.0,0.0,-1,B,62.0,B,https://world.openfoodfacts.org/product/5060088700181/granola-cocoa-orange-nakd
olive oil composed of refined olive oils and virgin olive oils,Waitrose,"Plant-based foods and beverages, Plant-based foods, Fats, Vegetable fats, Olive tree products, Vegetable oils, Olive oils, Olive oil mixes, Waitrose olive oil of refined olive oils",3382.0,13.1,0.0,0.0,0.0,0.0,100.0,15,B,27.0,E,https://world.openfoodfacts.org/product/5000169627488/olive-oil-composed-of-refined-olive-oils-and-virgin-olive-oils-waitrose
Latte soia vaniglia - Vemondo,Vemondo,"Beverages and beverages preparations, Plant-based foods and beverages, Beverages, Plant-based foods, Legumes and their products, Dairy substitutes, Legumes, Seeds, Legume seeds, Milk substitutes, Plant-based beverages, Plant-based milk alternatives, Legume-based drinks, Soy beans, Soy-based drinks, Vanilla soy-based drinks",223.0,0.2,5.72,0.14,3.0,0.2,8.7,0,B,89.0,A,https://world.openfoodfacts.org/product/4056489695394/latte-soia-vaniglia-vemondo
Brown rice,"Sainsbury's,by sainsbury's","Plant-based foods and beverages,Plant-based foods,Cereals and potatoes,Seeds,Cereals and their products,Cereal grains,Rices",628.0,0.3,0.5,0.01,2.6,0.8,0.0,0,B,17.0,E,https://world.openfoodfacts.org/product/00120920/brown-rice-sainsbury-s
Buttella Light,Butella,"Plant-based foods and beverages, Plant-based foods, Fats, Spreads, Plant-based spreads, Salted spreads, Spreadable fats, Vegetable fats, Margarines",978.0,4.7,0.49,0.02,0.49,4.8,0.0,2,B,54.0,C,https://world.openfoodfacts.org/product/27008133/buttella-light-butella
Lustucru riz 5 min sachets 450g (5x90g),"Lustucru, Panzani","Plant-based foods and beverages, Plant-based foods, Cereals and potatoes, Seeds, Cereals and their products, Cereal grains, Rices, en:long-grain-rices",1556.0,0.3,0.5,0.0,7.1,1.7,0.0,1,B,15.0,E,https://world.openfoodfacts.org/product/3038354524108/lustucru-riz-5-min-sachets-450g-5x90g
Lustucru riz complet vrac,Lustucru,"Plant-based foods and beverages, Plant-based foods, Cereals and potatoes, Seeds, Cereals and their products, Cereal grains, Rices, Brown rices, fr:cereales-preparees",1463.0,0.5,0.7,0.0,7.7,3.3,0.0,-2,B,26.0,E,https://world.openfoodfacts.org/product/3038354543000/lustucru-riz-complet-vrac
Boisson végétale au soja calcium 1l,U,"Beverages and beverages preparations, Plant-based foods and beverages, Beverages, Plant-based foods, Legumes and their products, Dairy substitutes, Milk substitutes, Plant-based beverages, Plant-based milk alternatives, Legume-based drinks, Soy-based drinks, en:unsweetened-beverages",158.0,0.2,2.6,0.04,3.2,0.5,7.11666666666666,-1,B,83.0,A,https://world.openfoodfacts.org/product/3256226759155/boisson-vegetale-au-soja-calcium-1l-u
Lentilles,Freshona Lidl,"Plant-based foods and beverages,Plant-based foods,Legumes and their products,Canned foods,Legumes,Meals,Seeds,Canned plant-based foods,Legume seeds,Pulses,Lentils,Canned legumes,Canned lentils,Prepared lentils",321.0,0.1,0.1,0.3,6.3,4.0,0.0,-4,B,75.0,A,https://world.openfoodfacts.org/product/20941994/lentilles-freshona-lidl
Easy Cook Brown Rice,Tesco,"Plant-based foods and beverages, Plant-based foods, Cereals and potatoes, Seeds, Cereals and their products, Cereal grains, Bran, Rices, Cereal brans, Brown rices, Rice brans",733.0,0.324,0.108,0.00541,4.0,2.32,0.0,-1,B,34.0,D,https://world.openfoodfacts.org/product/5053947250873/easy-cook-brown-rice-tesco
misura natura ricca cereali antichi,Misura,"Plant-based foods and beverages,Plant-based foods,Breakfasts,Cereals and potatoes,Cereals and their products,Breakfast cereals,Flakes,Cereal flakes,Extruded cereals,Extruded flakes,Mixed cereal flakes",1589.0,0.5,11.0,0.75,9.0,8.5,0.0,0,B,29.0,E,https://world.openfoodfacts.org/product/8002590048419/misura-natura-ricca-cereali-antichi
ASDA Plant Based 4 Vegan Spicy Bean Burgers,Asda,"Plant-based foods and beverages, Plant-based foods, Meat alternatives, Meat analogues, Vegetarian patties",952.0,1.3,3.8,0.9,4.8,7.7,41.5341796875,-1,B,84.0,A,https://world.openfoodfacts.org/product/5054781892168/asda-plant-based-4-vegan-spicy-bean-burgers
Bebida de almendras,Milbona,"Beverages and beverages preparations,Plant-based foods and beverages,Beverages,Plant-based foods,Dairy substitutes,Milk substitutes,Nuts and their products,Plant-based beverages,Plant-based milk alternatives,Nut-based drinks,Almond-based drinks",60.0,0.3,0.0,0.14,0.5,0.0,0.0,0,B,79.0,A,https://world.openfoodfacts.org/product/4056489140450/bebida-de-almendras-milbona
Granola Nutty,Mornflake,"Plant-based foods and beverages, Plant-based foods, Breakfasts, Cereals and potatoes, Cereals and their products, Breakfast cereals, Mueslis",1733.0,2.2,11.3,0.02,10.6,8.6,17.25,-1,B,62.0,B,https://world.openfoodfacts.org/product/5010026519078/granola-nutty-mornflake
Granola lin et tournesol,Aline et Olivier,"Plant-based foods and beverages, Plant-based foods, Breakfasts, Cereals and potatoes, Cereals and their products, Breakfast cereals, en:mueslis",1828.0,2.5,11.0,0.01,11.0,9.6,1.44375,-1,B,79.0,A,https://world.openfoodfacts.org/product/3760094312904/granola-lin-et-tournesol-aline-et-olivier
Microwave Pilau Rice,Tesco,"Plant-based foods and beverages, Plant-based foods, Fruits and vegetables based foods, Cereals and potatoes, Seeds, Vegetables based foods, Cereals and their products, Vegetables, Cereal grains, Rices, Long grain rices, Spanish vegetables, Rice",637.0,0.2,0.6,0.33,3.4,2.2,0.0,-1,B,20.0,E,https://world.openfoodfacts.org/product/5059697695421/microwave-pilau-rice-tesco
Brown Rice Spaghetti,Doves Farm,"Plant-based foods and beverages, Plant-based foods, Specific products, Pastas, Products for specific diets, Products without gluten, Dry pastas, Gluten-free pasta, Gluten-free dry pasta, Gluten-free Spaghetti, en:spaghetti",1841.0,0.7,0.8,0.0,7.5,3.2,0.0,-1,B,85.0,A,https://world.openfoodfacts.org/product/5011766666619/brown-rice-spaghetti-doves-farm
Sweetened Soya Milk,By Sainsbury's,"Plant-based foods and beverages, Beverages, Plant-based foods, Legumes and their products, Dairy substitutes, Milk substitutes, Plant-based beverages, Plant-based milk alternatives, Legume-based drinks, Soy-based drinks",177.0,0.3,2.5,0.13,3.4,0.6,7.0,-1,B,70.0,B,https://world.openfoodfacts.org/product/01550412/sweetened-soya-milk-by-sainsbury-s
Litchi dénoyauté,"Saint Mamet, St Mamet","Plant-based foods and beverages, Plant-based foods, Fruits and vegetables based foods, Canned foods, Desserts, Canned plant-based foods, Fruits based foods, Canned fruits, Fruits in syrup, Lychees in syrup, en:lychees",274.0,0.0,14.0,0.0,0.0,1.2,62.5,0,B,71.0,B,https://world.openfoodfacts.org/product/3080920101220/lychees-denoyautes-saint-mamet
Pur jus orange carotte citron,"Bio Village, Marque Repère","Aliments et boissons à base de végétaux, Boissons, Boissons à base de végétaux, Boissons aux fruits, Jus et nectars, Jus de fruits, Jus multifruits, Jus de fruits pur jus, Jus multifruits pur jus",138.0,0.1,7.6,0.02,0.6,0.5,100.0,-3,B,46.0,C,https://world.openfoodfacts.org/product/3564707135719/pur-jus-orange-carotte-citron-bio-village
Co-op Crunchy Peanut Butter,Co-op,"Plant-based foods and beverages, Plant-based foods, Legumes and their products, Spreads, Nuts and their products, Plant-based spreads, Oilseed purees, Legume butters, Nut butters, Peanut butters, en:crunchy-peanut-butters",2557.0,9.3,6.2,0.53,25.0,8.4,97.0,0,B,38.0,D,https://world.openfoodfacts.org/product/5000128884525/co-op-crunchy-peanut-butter
Pommes rissolées sachet de 1kg,U,"Plant-based foods and beverages, Plant-based foods, Cereals and potatoes, Frozen foods, Prepared potatoes, Fried potato cubes, Frozen fried potatoes, Frozen fried potato cubes, Frozen cooked pre-fried potato cubes, en:potatoes",503.0,0.4,0.7,0.12,2.2,2.4,0.0,-1,B,83.0,A,https://world.openfoodfacts.org/product/3256227455711/pommes-rissolees-sachet-de-1kg-u
Cashew Nuts,By Sainsbury's,"Plant-based foods and beverages, Plant-based foods, Nuts and their products, Nuts, en:cashew-nuts",2414.0,7.8,5.9,0.03,18.2,3.3,100.0,0,B,27.0,E,https://world.openfoodfacts.org/product/01331202/cashew-nuts-by-sainsbury-s
Creamy & Nutty Almond Unsweetened Drink,ASDA,"Beverages and beverages preparations,Plant-based foods and beverages,Beverages,Plant-based foods,Dairy substitutes,Milk substitutes,Nuts and their products,Plant-based beverages,Plant-based milk alternatives,Nut-based drinks,Almond-based drinks",74.0,0.8,0.5,0.15,0.8,0.5,22.5,0,B,69.0,B,https://world.openfoodfacts.org/product/5054781337515/creamy-nutty-almond-unsweetened-drink-asda
Cannellini,Valfrutta,"Plant-based foods and beverages, Plant-based foods, Legumes and their products, Canned foods, Legumes, Seeds, Canned plant-based foods, Legume seeds, Canned legumes, it:Vetro, it:legumi in vetro, en:canned-common-beans",367.0,0.1,0.4,0.9,5.5,6.6,85.4196505299341,-8,B,85.0,A,https://world.openfoodfacts.org/product/8001440001390/cannellini-valfrutta
Cannellini Beans,Morrisons,"Plant-based foods and beverages, Plant-based foods, Legumes and their products, Legumes, Seeds, Legume seeds, Pulses, Common beans, White beans, en:canned-common-beans",412.0,0.167,0.417,0.0333,6.33,4.17,76.9230769230769,-7,B,84.0,A,https://world.openfoodfacts.org/product/5010251958130/cannellini-beans-morrisons
Nuez mondada natural,Consum,"Alimentos y bebidas de origen vegetal, Alimentos de origen vegetal, Frutos de cáscara y derivados, Frutos de cáscara, Frutos de cáscara sin cáscara, Nueces",2477.0,7.42,2.6,0.0,14.0,5.2,100.0,0,B,19.0,E,https://world.openfoodfacts.org/product/8414807552150/nuez-mondada-natural-consum
Sainsbury's Deliciously Free From Spaghetti,"Free from, By sainsbury's","Plant-based foods and beverages, Plant-based foods, Cereals and potatoes, Cereals and their products, Specific products, Pastas, Products for specific diets, Products without gluten, Dry pastas, Gluten-free pasta, Gluten-free dry pasta, Spaghetti, Egg-free, Milk-free, Soya-free, Wheat-free",720.0,0.4,0.5,0.01,3.3,0.9,0.0,0,B,79.0,A,https://world.openfoodfacts.org/product/00227421/sainsbury-s-deliciously-free-from-spaghetti
Pois chiches à la libanaise,Pierre Martinet,"Plant-based foods and beverages, Plant-based foods, Meals, Plant-based meals, en:chickpeas",516.0,0.5,2.7,0.75,4.0,4.1,92.06640625,-5,B,78.0,A,https://world.openfoodfacts.org/product/3281780896190/pois-chiches-a-la-libanaise-pierre-martinet
Katsu Curry Inspired Rice,Bens Original,"Plant-based foods and beverages, Plant-based foods, Cereals and potatoes, Meals, Seeds, Cereals and their products, Cereal grains, Rices, Microwave meals, fr:cereales-preparees",615.0,0.2,2.0,0.4925,3.0,1.4,0.0,1,B,40.0,D,https://world.openfoodfacts.org/product/5010034015647/katsu-curry-inspired-rice-bens-original
Noix de cajou grillées sans sel ajouté,"Carrefour, Simpl","Plant-based foods and beverages, Plant-based foods, Nuts and their products, Nuts, Roasted nuts, Roasted Cashew Nuts, en:cashew-nuts",2495.0,8.5,6.6,0.02,21.0,5.3,0.0,11,B,24.0,E,https://world.openfoodfacts.org/product/3560071500306/noix-de-cajou-grillees-sans-sel-ajoute-carrefour
12 plant muesli,Holland and Barrett,"Plant-based foods and beverages, Plant-based foods, Breakfasts, Cereals and potatoes, Cereals and their products, Breakfast cereals, Mueslis, Bircher-style mueslis",1770.0,1.2,17.0,0.02,9.9,12.0,23.75,-1,B,62.0,B,https://world.openfoodfacts.org/product/5059604647604/12-plant-muesli-holland-and-barrett
Soy & Ginger Tempeh Marinated Pieces,The Tofoo Co.,"Plant-based foods and beverages, Plant-based foods, Legumes and their products, Meat alternatives, Tempeh, en:meat-analogues",1289.0,3.2,6.7,0.8,14.0,5.9,67.0,-2,B,75.0,A,https://world.openfoodfacts.org/product/5034467001923/soy-ginger-tempeh-marinated-pieces-the-tofoo-co
original houmous,Ramona's,"Plant-based foods and beverages,Plant-based foods,Condiments,Spreads,Plant-based spreads,Salted spreads,Sauces,Dips,Hummus,Classic hummus,vegan",1127.0,1.8,0.6,1.0,6.4,5.0,84.8888888888889,-3,B,88.0,A,https://world.openfoodfacts.org/product/5060228323355/original-houmous-ramona-s
Green lentils in water,Freshona,"Plant-based foods and beverages, Plant-based foods, Legumes and their products, Canned foods, Legumes, Seeds, Canned plant-based foods, Legume seeds, Pulses, Lentils, Canned legumes, Green lentils, Canned lentils, fr:Lentilles vertes en conserve, en:canned-vegetables",304.0,0.1,0.5,0.03,4.9,1.7,76.9230769230769,-5,B,84.0,A,https://world.openfoodfacts.org/product/4056489844693/green-lentils-in-water-freshona
Unsweetened Soya,Marks & Spencer,"Beverages and beverages preparations,Plant-based foods and beverages,Beverages,Plant-based foods,Legumes and their products,Dairy substitutes,Milk substitutes,Plant-based beverages,Plant-based milk alternatives,Legume-based drinks,Soy-based drinks",127.0,0.2,0.4,0.08,2.8,0.5,9.0,-1,B,73.0,B,https://world.openfoodfacts.org/product/00763103/unsweetened-soya-marks-spencer
Sushi Rice,"Lidl, Vitasia","Plant-based foods and beverages, Plant-based foods, Cereals and potatoes, Seeds, Cereals and their products, Cereal grains, Rices, Sushi rice",1504.0,0.1,0.2,0.01,6.7,1.0,0.0,1,B,54.0,C,https://world.openfoodfacts.org/product/20482077/sushi-rice-lidl
Carottes extra-fines,Saint eloi,"Aliments et boissons à base de végétaux, Aliments d'origine végétale, Aliments à base de fruits et de légumes, Conserves, Légumes et dérivés, Aliments à base de plantes en conserve, Légumes, Légumes en conserve, Carottes, Carottes en conserve",108.0,0.0,4.0,0.3,0.6,3.2,0.0,-1,B,86.0,A,https://world.openfoodfacts.org/product/3250390005735/carottes-extra-fines-saint-eloi
spécialité soja naturePicto Soja Origine France,Auchan,"Plant-based foods and beverages, Fermented foods, Plant-based foods, Legumes and their products, Dairy substitutes, Desserts, Non-dairy desserts, Non-dairy fermented foods, Non-dairy yogurts, Soy milk yogurts, Plain soy yogurts, en:soy-desserts, Boissons et préparations de boissons, Boissons, Produits laitiers, Boissons lactées",176.0,0.3,0.8,0.07,3.4,0.8,8.6,-1,B,47.0,C,https://world.openfoodfacts.org/product/3596710402328/specialite-soja-naturepicto-soja-origine-france-auchan
Aubergines à la provençale - 400g 446 mL,Saint eloi,"Plant-based foods and beverages, Plant-based foods, Fruits and vegetables based foods, Vegetable-based foods and beverages, Vegetables based foods, Vegetables, Prepared vegetables, Aubergines, fr:Legumes cuisines (plat a completer), fr:aubergines-a-la-provencale",353.0,0.7,6.4,0.68,0.9,3.2,70.48,0,B,79.0,A,https://world.openfoodfacts.org/product/3250392556006/aubergines-a-la-provencale-400g-446-ml-saint-eloi
Leche de almendras,Nature´s Heart,"Plant-based foods and beverages,Beverages,Plant-based foods,Dairy substitutes,Milk substitutes,Nuts and their products,Plant-based beverages,Plant-based milk alternatives,Nut-based drinks,Almond-based drinks",45.5,1.0,0.0,0.106,0.0,0.0,50.0,-1,B,72.0,B,https://world.openfoodfacts.org/product/7502252480928/leche-de-almendras-nature-s-heart
Buckwheat Penne,By sainsbury's,"Plant-based foods and beverages, Plant-based foods, Cereals and potatoes, Seeds, Cereals and their products, Cereal grains, Pastas, Buckwheat",770.0,0.4,0.5,0.04,6.4,3.0,0.0,-3,B,75.0,A,https://world.openfoodfacts.org/product/00359542/buckwheat-penne-by-sainsbury-s
Dell' Ugo Fresh Spinach Gnocchi,Dellugo,"Plant-based foods and beverages, Plant-based foods, Cereals and potatoes, Gnocchi, en:potato-gnocchi",569.0,0.1,3.8,0.45,5.0,3.2,0.0,-1,B,82.0,A,https://world.openfoodfacts.org/product/5024271111970/dell-ugo-fresh-spinach-gnocchi-dellugo
Jumbo Oat Porridge Plain,,"Plant-based foods and beverages, Plant-based foods, Breakfasts, Cereals and potatoes, Seeds, Cereals and their products, Breakfast cereals, Cereal grains, Porridge, Oat",1499.0,0.8,12.5,0.19,16.8,7.4,0.0,-5,B,66.0,B,https://world.openfoodfacts.org/product/5060146373067/jumbo-oat-porridge-plain
Blueberry Soya Pot,"Aldi, Acti Leaf","Plant-based foods and beverages, Fermented foods, Dairy substitutes, Desserts, Vegan products, Non-dairy desserts, Non-dairy fermented foods, Non-dairy yogurts, Soy milk yogurts, Fruit soy yogurts, Soy desserts, Blueberry soy yogurts",332.0,0.5,9.6,0.14,3.7,0.6,18.495,1,B,84.0,A,https://world.openfoodfacts.org/product/4088600316482/blueberry-soya-pot-aldi
Soya classic,Vemondo,"Plant-based foods and beverages, Beverages, Fermented foods, Plant-based foods, Legumes and their products, Dairy substitutes, Desserts, Milk substitutes, Non-dairy desserts, Non-dairy fermented foods, Plant-based beverages, Non-dairy yogurts, Plant-based milk alternatives, Soy milk yogurts, Legume-based drinks, Soy-based drinks, Plain soy yogurts",222.0,0.4,1.8,0.17,4.1,0.17,13.4,-1,B,47.0,C,https://world.openfoodfacts.org/product/4056489466581/soya-classic-vemondo
Duchy Organic Olive Oil,Waitrose,"Plant-based foods and beverages,Plant-based foods,Fats,Vegetable fats,Olive tree products,Vegetable oils,Olive oils,Extra-virgin olive oils,Virgin olive oils",3389.0,14.0,0.0,0.0,0.0,0.0,100.0,15,B,52.0,C,https://world.openfoodfacts.org/product/5000169704424/duchy-organic-olive-oil-waitrose
Red kidney beans,Aldi Everyday Essentials,"Plant-based foods and beverages, Plant-based foods, Legumes and their products, Legumes, Seeds, Legume seeds, Pulses, Common beans, Red beans",423.0,0.2,0.7,0.03,7.2,4.6,66.6666666666667,-7,B,75.0,A,https://world.openfoodfacts.org/product/4088600040004/red-kidney-beans-aldi-everyday-essentials
Double concentré de tomates tube 150g,"Super U, U","Plant-based foods and beverages, Plant-based foods, Fruits and vegetables based foods, Condiments, Vegetables based foods, Sauces, Tomatoes and their products, Double concentrate tomato paste, en:tomato-pastes",412.0,0.0,13.2,1.2,4.7,3.6,98.9,0,B,46.0,C,https://world.openfoodfacts.org/product/3256228967213/double-concentre-de-tomates-super-u
Hummus Spicy,Ribella,"en:Plant-based foods and beverages, en:Plant-based foods, Začini, Namazi, en:Plant-based spreads, en:Salted spreads, Umaci, en:Dips, Hummus, en:Vegan food",945.0,2.0,2.0,1.0,6.0,5.4,37.06225,0,B,78.0,A,https://world.openfoodfacts.org/product/8606011898876/hummus-spicy-ribella
Relax Sleep,Diplomat ALDI,"Plant-based foods and beverages, Beverages, Hot beverages, Plant-based beverages, Herbal teas",4.0,0.0,0.0,0.03,0.0,0.0,14.0,0,B,80.0,A,https://world.openfoodfacts.org/product/4088600436326/relax-sleep-diplomat-aldi
Compote aromatisé à la pomme et la fraise,Vergers Gourmands,"Plant-based foods and beverages, Plant-based foods, Frozen foods, en:apple-compotes",195.0,0.0,10.0,0.0,0.3,1.6,0.0,1,B,76.0,A,https://world.openfoodfacts.org/product/4056489470410/compote-aromatise-a-la-pomme-et-la-fraise-vergers-gourmands
Oatibix flakes imp,Weetabix,"Plant-based foods and beverages, Plant-based foods, Breakfasts, Cereals and potatoes, Cereals and their products, Breakfast cereals, Flakes, Cereal flakes, en:extruded-cereals",1708.0,1.4,14.0,0.28,11.0,8.0,0.0,-1,B,25.0,E,https://world.openfoodfacts.org/product/5010029227284/oatibix-flakes-imp-weetabix
Dinkel gepufft mit Honig gesüßt,"REWE Bio,Rewe","Plant-based foods and beverages, Plant-based foods, Breakfasts, Cereals and potatoes, Cereals and their products, Breakfast cereals, Extruded cereals, Honey cereal balls, Breakfast cereals puffed corn with honey fortified with vitamins and chemical elements, en:puffed-wheat",1612.0,0.5,20.0,0.03,12.0,7.0,0.0,-1,B,61.0,B,https://world.openfoodfacts.org/product/4337256379519/dinkel-gepufft-mit-honig-gesusst-rewe-bio
organic White Beans,Bold Bean Co,"Plant-based foods and beverages, Plant-based foods, Legumes and their products, Canned foods, Legumes, Canned plant-based foods, Canned legumes, Canned common beans, en:white-beans",340.0,0.0,0.6,0.8,5.3,6.1,0.0,-3,B,72.0,B,https://world.openfoodfacts.org/product/5060940940090/organic-white-beans-bold-bean-co
Cashewkerne,Rewe Bio,"Plant-based foods and beverages, Plant-based foods, Nuts and their products, Nuts, Shelled nuts, en:cashew-nuts",2502.0,9.3,6.2,0.01,21.0,3.1,100.0,2,B,47.0,C,https://world.openfoodfacts.org/product/4337256777711/cashews-rewe-bio
green lentils with mixed vegetables,,"Plant-based foods and beverages, en:lentils",446.0,0.2,1.2,0.4,6.4,4.2,41.5,-5,B,75.0,A,https://world.openfoodfacts.org/product/5063089394922/green-lentils-with-mixed-vegetables
Lentilles oignons carottes,Vivien Paille,"Plant-based foods and beverages, Plant-based foods, Legumes and their products, Legumes, Seeds, Legume seeds, Meals, Pulses, Lentils, en:prepared-lentils",411.0,0.2,0.9,0.898,7.1,4.1,63.931,-2,B,80.0,A,https://world.openfoodfacts.org/product/3039822720022/lentilles-oignons-carottes-vivien-paille
Épinards hachés à la crème fraîche,"Marque Repère, Notre Jardin","Plant-based foods and beverages, Plant-based foods, Frozen foods, Prepared vegetables, Spinach with cream sauce, en:frozen-vegetables",213.0,2.2,0.8,0.51,1.9,1.4,75.0,1,B,82.0,A,https://world.openfoodfacts.org/product/3564700026175/epinards-haches-a-la-creme-fraiche-marque-repere
Lentilles,Auchan,"Plant-based foods and beverages, Plant-based foods, Legumes and their products, Canned foods, Cereals and potatoes, Legumes, Seeds, Cereals and their products, Legume seeds, Meals, Pulses, Lentils, Variety packs, Cereal variety packs, Prepared lentils, en:canned-lentils",355.0,0.1,0.5,0.58,6.3,3.8,85.5245835956728,-7,B,88.0,A,https://world.openfoodfacts.org/product/3596710389964/lentilles-auchan
Ravioli aux aubergines,Coquelicot Provence,"Plant-based foods and beverages, Plant-based foods, Cereals and potatoes, Cereals and their products, Meals, Pasta dishes, Pastas, Stuffed pastas, Pasta stuffed with vegetables, Ravioli, Fresh pasta stuffed with vegetables, en:fresh-pasta",948.0,0.6,1.5,0.77,6.7,2.9,53.0,-1,B,84.0,A,https://world.openfoodfacts.org/product/3760098451050/ravioli-aux-aubergines-coquelicot-provence
Sojadrank Natuur,Delhaize,"Beverages and beverages preparations, Plant-based foods and beverages, Beverages, Dairies, Plant-based foods, Legumes and their products, Dairy substitutes, Milk substitutes, Plant-based beverages, Milks, Plant-based milk alternatives, Legume-based drinks, Soy-based drinks, Sweetened beverages, en:cereal-based-drinks",162.0,0.3,2.5,0.000375,3.0,0.7,0.0,-1,B,80.0,A,https://world.openfoodfacts.org/product/5400112000229/sojamelk-delhaize
Riz long grain express,"Marque Repère, Comptoir du Grain","Plant-based foods and beverages, Plant-based foods, Cereals and potatoes, Seeds, Cereals and their products, Cereal grains, Rices, White rices, Precooked rices, fr:Riz cuisiné, fr:Riz en sachet, fr:Riz nature, en:long-grain-rices",607.0,0.1,0.5,0.2,2.8,1.5,0.0,-1,B,17.0,E,https://world.openfoodfacts.org/product/3564700873304/riz-long-grain-express-marque-repere
"Glas mittel ALDI GUT BIO-Kerne Sonnenblumenkerne, 650g 1.75€ 1kg 2.69€","Aldi, ALDI GUT BIO-Kerne, Bio+, Glas mittel ALDI GUT BIO-Kerne","Plant-based foods and beverages,Plant-based foods,Seeds,Sunflower seeds and their products,Sunflower seeds",2656.0,5.7,0.5,0.01,23.0,0.0,0.0,12,B,72.0,B,https://world.openfoodfacts.org/product/4061458004534/glas-mittel-aldi-gut-bio-kerne-sonnenblumenkerne-650g-1-75-1kg-2-69
Betteraves rouges,Notre Jardin,"Plant-based foods and beverages,Plant-based foods,Fruits and vegetables based foods,Vegetables based foods,Vegetables,Beetroot,fr:Betteraves rouges",125.0,0.0,4.8,0.6,1.0,2.4,71.775,-1,B,84.0,A,https://world.openfoodfacts.org/product/3564706590601/betteraves-rouges-notre-jardin
Peach Slices,ASDA,"Plant-based foods and beverages, Plant-based foods, Canned foods, Desserts, Canned plant-based foods, Canned fruits, Fruits in syrup, Peaches in syrup, Tinned-fruit",252.0,0.1,14.0,0.06,0.5,0.5,62.5,1,B,84.0,A,https://world.openfoodfacts.org/product/5054070124093/peach-slices-asda
Té verde hierbabuena,Hacendado,"Beverages and beverages preparations, Plant-based foods and beverages, Beverages, Hot beverages, Plant-based beverages, Beverage preparations, Teas, Green teas, Tea leaves, Tea bags, en:herbal-teas",8.0,0.1,0.5,0.05,0.375,0.2,0.0,0,B,80.0,A,https://world.openfoodfacts.org/product/8480000111753/te-verde-hierbabuena-hacendado
Butter Beans,Morrisons,"Plant-based foods and beverages, Plant-based foods, Fruits and vegetables based foods, Legumes and their products, Canned foods, Legumes, Vegetables based foods, Canned plant-based foods, Vegetables, Canned vegetables, Canned legumes, Butter beans, Canned butter beans, en:pulses",377.0,0.1,1.1,0.3,5.9,4.6,76.9230769230769,-6,B,72.0,B,https://world.openfoodfacts.org/product/5010251958192/butter-beans-morrisons
Spaghetti,GALLO,"Plant-based foods and beverages, Plant-based foods, Cereals and potatoes, Cereals and their products, Pastas, Cereal pastas, Dry pastas, Durum wheat pasta, Spaghetti, Durum wheat spaghetti, Dry durum wheat pasta",1458.0,0.5,3.5,0.03,12.0,3.0,0.0,-2,B,60.0,B,https://world.openfoodfacts.org/product/8410069018960/spaghetti-n-3-gallo
Chocolot,Vita Coco,"Beverages and beverages preparations, Plant-based foods and beverages, Beverages, Plant-based beverages, Coconut waters, en:sweetened-beverages",115.0,0.5,4.0,0.06,0.0,0.8,97.0,-4,B,38.0,D,https://world.openfoodfacts.org/product/5060232812890/chocolot-vita-coco
Bio Rijst Wafels Naturel,Albert Heijn,"Plant-based foods and beverages, Plant-based foods, Cereals and potatoes, Cereals and their products, Puffed cereal cakes, Puffed rice cakes, Puffed wholegrain rice cakes, Rijstwafel, en:rices",1620.0,0.649,0.909,0.39,7.79,3.9,0.0,-1,B,68.0,B,https://world.openfoodfacts.org/product/8718907468299/bio-rijst-wafels-naturel-albert-heijn
Early Harvest Extra Virgin Olive Oil,Belazu,"Plant-based foods and beverages,Plant-based foods,Fats,Vegetable fats,Olive tree products,Vegetable oils,Olive oils,Extra-virgin olive oils,Virgin olive oils,Olive oils from Murcia",3382.0,14.4,0.0,0.0,0.0,0.0,100.0,15,B,38.0,D,https://world.openfoodfacts.org/product/5030343001049/early-harvest-extra-virgin-olive-oil-belazu
Früchte-Müsli Vollkorn,Golden Bridge,"Plant-based foods and beverages,Plant-based foods,Breakfasts,Cereals and potatoes,Cereals and their products,Breakfast cereals,Cereals with fruits,Mueslis,Mueslis with fruits",1457.0,1.8,20.0,0.06,9.0,9.4,31.9125,0,B,59.0,C,https://world.openfoodfacts.org/product/4061464835580/musli-vollkorn-golden-bridge
Sojadrink Naturell,BioBio,"Beverages and beverages preparations, Plant-based foods and beverages, Beverages, Plant-based foods, Legumes and their products, Dairy substitutes, Milk substitutes, Plant-based beverages, Plant-based milk alternatives, Legume-based drinks, Soy-based drinks, Getränke, Hülsenfruchtmilch, Hülsenfrüchte-und-hülsenfruchtprodukte, Pflanzliche-getränke, Pflanzliche-lebensmittel-und-getränke, en:unsweetened-plain-soy-based-drinks",129.0,0.3,0.0,0.08,3.0,0.0,11.0,-1,B,89.0,A,https://world.openfoodfacts.org/product/4316268687850/sojadrink-naturell-biobio
Easy Cook Long Grain Rice,Sainsbury's,"Plant-based foods and beverages, Plant-based foods, Fruits and vegetables based foods, Vegetables based foods, Vegetables, Vegetables from Spain, Rice, en:long-grain-rices",595.0,0.1,0.5,0.03,2.8,0.5,0.0,0,B,20.0,E,https://world.openfoodfacts.org/product/01072693/easy-cook-long-grain-rice-sainsbury-s
Lemon cheesecake flavour aus Soja,"Alpro,Danone","Plant-based foods and beverages,Fermented foods,Dairy substitutes,Desserts,Vegan products,Non-dairy desserts,Non-dairy fermented foods,Non-dairy yogurts,Soy milk yogurts",299.0,0.4,8.4,0.11,3.7,0.8,12.7,1,B,79.0,A,https://world.openfoodfacts.org/product/5411188138334/iogurte-alpro-lemon-cheesecake
Huile d’olive,Les creations,"Plant-based foods and beverages, Plant-based foods, Fats, Vegetable fats, Olive tree products, Vegetable oils, Olive oils, Extra-virgin olive oils, fr:Autres produits, en:virgin-olive-oils",3700.0,15.0,0.0,0.0,0.0,0.0,0.0,20,B,32.0,D,https://world.openfoodfacts.org/product/3250393440199/huile-d-olive-les-creations
Mélange 4 huiles,"Bio Village, Marque Repère","Plant-based foods and beverages, Plant-based foods, Fats, Frozen foods, Vegetable fats, Vegetable oils, en:mixed-vegetable-oils",3404.0,8.3,0.0,0.0,0.0,0.0,5.0,18,B,79.0,A,https://world.openfoodfacts.org/product/3564707090803/melange-4-huiles-bio-village
Instant Oats - Original,Tesco,"Plant-based foods and beverages,Plant-based foods,Breakfasts,Cereals and potatoes,Cereals and their products,Breakfast cereals,Porridge,Instant oats",388.0,0.267,4.09,0.0444,3.42,1.2,0.0,0,B,31.0,D,https://world.openfoodfacts.org/product/5052910395764/instant-oats-original-tesco
Aardbei-banaan perzik-peer,Alpro,"Plant-based foods and beverages, Fermented foods, Dairy substitutes, Desserts, Vegan products, Non-dairy desserts, Non-dairy fermented foods, Non-dairy yogurts, Soy milk yogurts, Fruit soy yogurts, Soy desserts",292.0,0.4,10.3,0.14,3.7,1.0,24.85,1,B,77.0,A,https://world.openfoodfacts.org/product/5411188112655/aardbei-banaan-perzik-peer-alpro
Olio extra vergine di oliva,Carapelli,"Plant-based foods and beverages,Plant-based foods,Fats,Frozen foods,Vegetable fats,Olive tree products,Vegetable oils,Olive oils,Extra-virgin olive oils,Virgin olive oils",3374.0,13.0,0.0,0.0,0.0,0.0,0.0,20,B,39.0,D,https://world.openfoodfacts.org/product/8002470441996/olio-extra-vergine-di-oliva-carapelli
Pecans,"Sainsbury's, By Sainsbury's","Plant-based foods and beverages,Plant-based foods,Nuts and their products,Nuts,Pecan nuts",2930.0,5.67,4.33,0.0333,9.33,5.67,0.0,9,B,21.0,E,https://world.openfoodfacts.org/product/01331219/pecans-sainsbury-s
Olive oil flavoured with chilli,"Sainsbury's, By Sainsbury's","Plant-based foods and beverages, Plant-based foods, Fats, Vegetable fats, Olive tree products, Vegetable oils, Olive oils",3390.0,13.3,3.33,0.0667,3.33,3.33,100.0,11,B,27.0,E,https://world.openfoodfacts.org/product/01709834/olive-oil-flavoured-with-chilli-sainsbury-s
Beef Ravioli,Tesco,"Plant-based foods and beverages, Plant-based foods, Meals, Pasta dishes, Pastas, Stuffed pastas, Ravioli, en:beef-ravioli",355.0,0.8,2.1,0.56,3.5,0.7,19.3997395833333,2,B,69.0,B,https://world.openfoodfacts.org/product/5018374014924/beef-ravioli-tesco
Milk free almond drink by sainsbury's,By sainsbury's,"Plant-based foods and beverages,Beverages,Plant-based foods,Dairy substitutes,Milk substitutes,Nuts and their products,Plant-based beverages,Plant-based milk alternatives,Nut-based drinks,Almond-based drinks",60.0,0.1,0.5,0.2,0.7,0.5,2.3,0,B,69.0,B,https://world.openfoodfacts.org/product/00381659/milk-free-almond-drink-by-sainsbury-s
Gnocchi,Morrisons,"Plant-based foods and beverages, Plant-based foods, Cereals and potatoes, Gnocchi, en:potato-gnocchi",652.0,0.1,0.8,0.3,3.1,1.8,0.0,-1,B,77.0,A,https://world.openfoodfacts.org/product/5010251594178/gnocchi-morrisons
Lentilles de berry cuisinées à la graisse canard 780g,"U, U Saveurs","Plant-based foods and beverages, Plant-based foods, Fruits and vegetables based foods, Legumes and their products, Canned foods, Legumes, Seeds, Vegetables based foods, Canned plant-based foods, Legume seeds, Meals, Canned vegetables, Pulses, Lentils, Prepared lentils, en:canned-legumes",510.0,1.6,0.6,0.98,6.1,3.5,83.0805415674095,-4,B,78.0,A,https://world.openfoodfacts.org/product/3256228679383/lentilles-de-berry-cuisinees-a-la-graisse-canard-780g-u
Beurre de cacahuète,Tartinella,"Plant-based foods and beverages, Plant-based foods, Legumes and their products, Spreads, Plant-based spreads, Oilseed purees, Legume butters, Peanut butters, en:nut-butters",2660.0,9.0,0.0,0.0,26.0,6.0,0.0,10,B,48.0,C,https://world.openfoodfacts.org/product/6135847000211/beurre-de-cacahuete-tartinella
tea,Tetley,"Plant-based foods and beverages, Beverages, Hot beverages, Plant-based beverages, Teas, Herbal teas, Rooibos tea",4.0,0.0,0.0,0.0,0.1,0.0,0.0,0,B,80.0,A,https://world.openfoodfacts.org/product/5000208038954/tea-tetley
Ryż biały długoziarnisty,"Golden Sun, kuchnia Lidla.pl","Plant-based foods and beverages, Plant-based foods, Cereals and potatoes, Seeds, Cereals and their products, Cereal grains, Rices, Long grain rices, White rices",1483.0,0.2,0.7,0.01,7.2,0.5,0.0,2,B,22.0,E,https://world.openfoodfacts.org/product/20053956/long-grain-rice-golden-sun
Orchard Fruit & Berries muesli,Waitrose,"Plant-based foods and beverages, Plant-based foods, Breakfasts, Cereals and potatoes, Cereals and their products, Breakfast cereals, Cereals with fruits, Mueslis, Mueslis with fruits",1437.0,0.4,23.6,0.03,8.9,8.1,15.0,0,B,62.0,B,https://world.openfoodfacts.org/product/5000169034606/orchard-fruit-berries-muesli-waitrose
Cold pressed rapeseed oil,Lidl,"Plant-based foods and beverages, Plant-based foods, Fats, Vegetable fats, Vegetable oils, Rapeseed oils, Cold pressed",3390.0,6.3,0.1,0.01,0.1,0.5,100.0,11,B,75.0,A,https://world.openfoodfacts.org/product/4056489334521/cold-pressed-rapeseed-oil-lidl
Sticky Toffee Gut-Loving Porridge,Bio & Me,"Plant-based foods and beverages, Plant-based foods, Breakfasts, Cereals and potatoes, Cereals and their products, Breakfast cereals, Porridge",994.0,3.5,8.7,0.03,5.5,7.0,34.27734375,-1,B,30.0,D,https://world.openfoodfacts.org/product/5060853640605/sticky-toffee-gut-loving-porridge-bio-me
cappy grapfruit 1.5,,"Beverages and beverages preparations, Beverages, en:fruit-juices",86.0,0.0,3.0,0.02,0.0,0.0,0.0,0,B,21.0,E,https://world.openfoodfacts.org/product/5942321000534/cappy-grapfruit-1-5
Dinkel Hafer Müsli Früchte-Feige,"Ceralia Getreideprodukte, Crownfield, Lidl","Pflanzliche Lebensmittel und Getränke, Pflanzliche Lebensmittel, Frühstücke, Getreide und Kartoffeln, Getreideprodukte, Frühstückscerealien, Frühstückscerealien mit Früchten, Müslis, en:Bircher-style mueslis, Müslis mit Früchten, en:Bircher-style mueslis with fruits",1407.0,0.6,19.0,0.03,9.6,9.2,23.0,-1,B,82.0,A,https://world.openfoodfacts.org/product/4335619012028/dinkel-hafer-musli-fruchte-feige-ceralia-getreideprodukte
Guacamole scharf,"Chef Select,Lidl","Plant-based foods and beverages,Plant-based foods,Condiments,Spreads,Plant-based spreads,Sauces,Dips,Guacamoles",718.0,2.4,0.8,1.0,1.7,4.8,96.875,-1,B,54.0,C,https://world.openfoodfacts.org/product/4056489963004/guacamole-scharf-chef-select
Galette aux légumes végétarienne,"Lidl,My Best Veggie","Plant-based foods and beverages, Plant-based foods, Meat alternatives, Vegetarian patties, en:meat-analogues",489.0,0.3,2.6,1.45,11.1,3.7,63.0,-1,B,60.0,B,https://world.openfoodfacts.org/product/20715724/galette-aux-legumes-vegetarienne-lidl
Mélange Quinoa et boulghour 400g,Saint eloi,"Plant-based foods and beverages, Plant-based foods, Cereals and potatoes, Seeds, Cereals and their products, Cereal grains, Quinoa, fr:Autres produits, en:groats",443.0,0.0,0.0,0.01,4.2,3.9,0.0,-3,B,23.0,E,https://world.openfoodfacts.org/product/3250392490584/melange-quinoa-et-boulghour-400g-saint-eloi
Bifidus Limone,Sojasun,"Plant-based foods and beverages, Dairies, Fermented foods, Fermented milk products, Dairy substitutes, Desserts, Dairy desserts, Non-dairy desserts, Non-dairy fermented foods, Fermented dairy desserts, Non-dairy yogurts, Soy milk yogurts, Fruit soy yogurts, Bifidus yogurts, en:fruit-yogurts",326.0,0.3,10.0,0.15,3.7,0.3,19.0,1,B,80.0,A,https://world.openfoodfacts.org/product/3273227583015/bifidus-limone-sojasun
Menguy's cacahuetes grillees salees 410 g,Menguy's,"Plant-based foods and beverages,Plant-based foods,Legumes and their products,Legumes,Nuts and their products,Nuts,Roasted nuts,Variety packs,Peanuts,Fruits-Nuts-Seed variety packs,Peanut grilled salted",2534.0,5.9,1.4,0.22,6.5,9.0,96.0,-1,B,32.0,D,https://world.openfoodfacts.org/product/3327271206861/menguy-s-cacahuetes-grillees-salees-410-g
Burger aux légumes,"Nestlé, Garden Gourmet","Plant-based foods and beverages, Plant-based foods, Meat alternatives, Vegetarian patties, en:meat-analogues",754.0,1.2,2.0,1.3,9.5,7.0,63.806884765625,-2,B,60.0,B,https://world.openfoodfacts.org/product/7290012521362/burger-aux-legumes-nestle
Le bon végétal - Steak soja & Blé,Herta,"Plant-based foods and beverages,Plant-based foods,Patties from soy and or wheat proteins",662.0,0.7,1.0,1.5,16.0,4.0,5.92105263157895,-1,B,65.0,B,https://world.openfoodfacts.org/product/7613035695016/le-bon-vegetal-steak-soja-ble-herta
Alpro coco,Alpro,"Beverages and beverages preparations, Plant-based foods and beverages, Beverages, Dairy substitutes, Milk substitutes, Plant-based beverages, Plant-based milk alternatives, Coconut-based drinks, en:coconut-milks",85.0,0.9,1.9,0.13,0.1,0.1,5.3,0,B,68.0,B,https://world.openfoodfacts.org/product/8410297161780/alpro-coco
Lipton Tisane Maroc à la Menthe & aux Epices 20 Sachets Pyramides,"Lipton, Unilever","Aliments et boissons à base de végétaux, Boissons, Aliments d'origine végétale, Boissons chaudes, Boissons à base de végétaux, Thés, Infusions",17.0,0.0,0.5,0.0,0.5,0.0,32.6666666666667,0,B,83.0,A,https://world.openfoodfacts.org/product/8722700004219/lipton-tisane-maroc-a-la-menthe-aux-epices-20-sachets-pyramides
Corn Mais Flaxseeds Graines de lin,Lima,"Plant-based foods and beverages, Plant-based foods, Cereals and potatoes, Cereals and their products, Puffed cereal cakes, Puffed corn cakes, Galettes-de-mais",1637.0,0.4,0.2,0.5,7.6,3.3,0.0,0,B,69.0,B,https://world.openfoodfacts.org/product/5411788048675/corn-mais-flaxseeds-graines-de-lin-lima
Kikärtor,ICA,"Plant-based foods and beverages, Plant-based foods, Legumes and their products, Canned foods, Legumes, Seeds, Canned plant-based foods, Legume seeds, Pulses, Chickpeas, Canned legumes, Canned chickpeas",550.0,0.5,0.7,0.5,6.7,5.8,85.5507868383405,-9,B,68.0,B,https://world.openfoodfacts.org/product/7318690050919/kikartor-ica
KNORR Comme à la maison Soupe Liquide Champignons & Pointe de Persillade Bouteille de,Knorr,"Plant-based foods and beverages, Plant-based foods, Fruits and vegetables based foods, Canned foods, Meals, Soups, Reheatable soups, Vegetable soups, Canned meals, Mushroom soups, Canned soups, Canned vegetable soups",135.0,0.4,0.7,0.53,1.3,1.2,0.0,1,B,52.0,C,https://world.openfoodfacts.org/product/8717163793572/knorr-comme-a-la-maison-soupe-liquide-champignons-pointe-de-persillade-bouteille-de
Green lentils,Mark's and Spencer,"Plant-based foods and beverages, Plant-based foods, Legumes and their products, Legumes, Seeds, Legume seeds, Pulses, Lentils, Green lentils",339.0,0.1,0.2,0.01,6.0,4.1,66.6666666666667,-6,B,87.0,A,https://world.openfoodfacts.org/product/29061808/green-lentils-mark-s-and-spencer
Basen Balance Frühstücks Brei,DmBio,"Pflanzliche Lebensmittel und Getränke, Pflanzliche Lebensmittel, Frühstücke, Getreide und Kartoffeln, Samen, Getreideprodukte, Frühstückscerealien, Getreidekörner",1528.0,1.0,7.2,0.01,12.0,7.9,17.0,-5,B,45.0,C,https://world.openfoodfacts.org/product/4058172307287/fruhstucksbrei-basen-balance-fruhstuck-brei-dmbio
Super müsli čokoláda a kokos,Emco,"en:Plant-based foods and beverages, en:Plant-based foods, en:Breakfasts, en:Cereals and potatoes, Obiloviny, Snídaňové cereálie, en:Chocolate cereals, Müsli, en:Mueslis with chocolate",1635.0,5.7,2.9,0.05,8.7,20.0,28.275,-1,B,69.0,B,https://world.openfoodfacts.org/product/8595229920403/super-musli-%C4%8Dokolada-a-kokos-emco
Extea Virgin Olive Oil,Filippo Berio Rustico,"Plant-based foods and beverages, Plant-based foods, Fats, Vegetable fats, Olive tree products, Vegetable oils, Olive oils, Extra-virgin olive oils, en:virgin-olive-oils",3378.0,13.9,0.0,0.0,0.0,0.0,0.0,20,B,34.0,D,https://world.openfoodfacts.org/product/8002210132313/extea-virgin-olive-oil-filippo-berio-rustico
Galettes riz sarrasin fine,Biocoop,"Plant-based foods and beverages, Plant-based foods, Cereals and potatoes, Cereals and their products, Puffed cereal cakes, Puffed multigrain cakes, en:puffed-rice-cakes",1642.0,0.5,0.6,0.22,10.3,1.3,0.0,0,B,69.0,B,https://world.openfoodfacts.org/product/3760121216793/galettes-riz-sarrasin-fine-biocoop
Cornflakes estaladiços,Cem Porcento,"Plant-based foods and beverages, Plant-based foods, Cereals and potatoes, Cereals and their products, en:corn-flakes",1591.0,0.2,0.3,0.7,8.0,5.0,0.0,0,B,25.0,E,https://world.openfoodfacts.org/product/5604321030033/cornflakes-estaladicos-cem-porcento
Grosses chips,McCain,"Plant-based foods and beverages, Plant-based foods, Cereals and potatoes, Frozen foods, Frozen plant-based foods, Frozen potatoes, en:frozen-fried-potatoes",670.0,0.6,0.5,0.4,2.5,3.0,0.0,-2,B,81.0,A,https://world.openfoodfacts.org/product/8710438121902/grosses-chips-mccain
Nouilles saveur bœuf Sichuan,SUZI WAN,"Plant-based foods and beverages, Plant-based foods, Pastas, Noodles, Chinese noodles, Flavoured dehydrated Asian noodles, en:pasta-dishes",496.0,0.5,1.0,0.57,3.1,0.6,20.19921875,2,B,67.0,B,https://world.openfoodfacts.org/product/4002359015519/nouilles-saveur-boeuf-sichuan-suzi-wan
Mouliné légumes,Auchan,"Plant-based foods and beverages, Plant-based foods, Fruits and vegetables based foods, Meals, Soups, Vegetable soups, Soups (prepared) (Shelf Stable), en:cream-soups",122.0,0.5,1.5,0.58,0.8,1.3,36.79,1,B,83.0,A,https://world.openfoodfacts.org/product/3596710494743/mouline-legumes-auchan
Knusperbrot Roggen,Leicht & Cross,"Pflanzliche Lebensmittel und Getränke, Pflanzliche Lebensmittel, Imbiss, Getreide und Kartoffeln, Knusperbrote",1567.0,0.5,2.8,1.3,9.9,7.8,0.0,-1,B,80.0,A,https://world.openfoodfacts.org/product/4001518115398/knusperbrot-roggen-leicht-cross
Unsweetened almond milk,Morrisons,"Plant-based foods and beverages, Beverages, Plant-based foods, Dairy substitutes, Milk substitutes, Nuts and their products, Plant-based beverages, Plant-based milk alternatives, Nut-based drinks, Almond-based drinks",57.0,0.1,0.5,0.15,0.6,0.0,2.0,0,B,70.0,B,https://world.openfoodfacts.org/product/5010251952770/unsweetened-almond-milk-morrisons
Mélange de Morceaux & cœurs de palmier,"Bio Village, Marque Repère","Plant-based foods and beverages, Plant-based foods, Fruits and vegetables based foods, Canned foods, Vegetables based foods, Canned plant-based foods, Fresh foods, Fresh plant-based foods, Hearts of palm, Canned hearts of palm, en:canned-vegetables",165.0,0.0,1.0,0.7,3.0,1.2,12.5,1,B,68.0,B,https://world.openfoodfacts.org/product/3564706694002/melange-de-morceaux-coeurs-de-palmier-bio-village
Knorr Soupe Liquide Douceur de Légumes du Soleil 1L,Knorr,"Plant-based foods and beverages, Plant-based foods, Fruits and vegetables based foods, Meals, Soups, Reheatable soups, Vegetable soups, en:cream-of-vegetable-soups",132.0,0.6,2.4,0.67,0.6,0.7,87.45,-2,B,78.0,A,https://world.openfoodfacts.org/product/8720182474063/knorr-soupe-liquide-douceur-de-legumes-du-soleil-1l
Gluten Free Cornflakes,Tesco Free From,"Plant-based foods and beverages, Plant-based foods, Breakfasts, Cereals and potatoes, Cereals and their products, Specific products, Breakfast cereals, Products for specific diets, Flakes, Products without gluten, Cereal flakes, Extruded cereals, Extruded flakes, Corn flakes",1570.0,0.3,6.5,0.3,7.3,4.0,0.0,0,B,25.0,E,https://world.openfoodfacts.org/product/5052320721986/gluten-free-cornflakes-tesco-free-from
Granola Blueberry Muffin,Nakd,"Plant-based foods and beverages, Plant-based foods, Breakfasts, Cereals and potatoes, Cereals and their products, Breakfast cereals, Mueslis, en:mueslis-with-fruits",1602.0,1.4,17.0,0.03,9.2,14.0,30.0,-1,B,76.0,A,https://world.openfoodfacts.org/product/5060088700167/granola-blueberry-muffin-nakd
Porridge Simply Vanilla Flavour,Dorset cereals,"Plant-based foods and beverages,Plant-based foods,Breakfasts,Cereals and potatoes,Cereals and their products,Breakfast cereals,Porridge",1542.0,0.9,19.9,0.03,9.4,7.6,2.20913107511046,-1,B,25.0,E,https://world.openfoodfacts.org/product/5018357804726/porridge-simply-vanilla-flavour-dorset-cereals
Bebida à Base de Soja Baunilha,Pingo Doce,"en:Beverages and beverages preparations,Alimentos e bebidas à base de plantas,Bebidas,Alimentos à base de plantas,Legumes e seus produtos,en:Dairy substitutes,Substitutos do leite,Bebidas à base de plantas,Leites de planta,Leites de legumes,Bebidas de soja,Bebidas de soja com baunilha,en:UHT soy based drinks,Produtos pasteurizados",205.0,0.3,4.4,0.16,2.9,0.4,11.0,0,B,81.0,A,https://world.openfoodfacts.org/product/5607047010549/bebida-a-base-de-soja-baunilha-pingo-doce
Strawberry Yoghurt,Arla Jord,"Plant-based foods and beverages, Fermented foods, Dairy substitutes, Desserts, Non-dairy desserts, Non-dairy fermented foods, Non-dairy yogurts, Plant based, en:yogurts",371.0,0.2,5.2,0.0975,2.3,1.5,3.28046875,1,B,67.0,B,https://world.openfoodfacts.org/product/5711953176661/strawberry-yoghurt-arla-jord
Kokos Drink Natur,DmBio,"Plant-based foods and beverages, Plant-based foods, Dairy substitutes, Plant-based creams, Plant-based creams for cooking, Coconut milks and creams, Getränke, Getränke-und-getränkezubereitungen, Kokos-drinks, Milchersatz, Pflanzenmilch, Pflanzliche-getränke, Pflanzliche-lebensmittel-und-getränke, en:milk-substitutes",73.0,1.4,1.0,0.012,0.5,1.3,6.0,0,B,83.0,A,https://world.openfoodfacts.org/product/4067796001983/kokos-drink-natur-dmbio
Bebida à Base de Soja sem Adição de Açúcares,Pingo Doce,"en:Beverages and beverages preparations,Alimentos e bebidas à base de plantas,Bebidas,Alimentos à base de plantas,Legumes e seus produtos,en:Dairy substitutes,Substitutos do leite,Bebidas à base de plantas,Leites de planta,Produtos pasteurizados,Leites de legumes,Bebidas de soja,en:UHT soy based drinks",89.0,0.2,0.0,0.06,1.9,0.5,8.0,0,B,81.0,A,https://world.openfoodfacts.org/product/5607047010563/bebida-a-base-de-soja-sem-adicao-de-acucares-pingo-doce
Riz spécial Paëlla,Vivien Paille,"Plant-based foods and beverages, Plant-based foods, Cereals and potatoes, Seeds, Cereals and their products, Cereal grains, Rices, Rices for paella, en:rice-dishes",1485.0,0.1,0.3,0.01,7.4,1.4,0.0,0,B,17.0,E,https://world.openfoodfacts.org/product/3039820412226/riz-special-paella-vivien-paille
Sweet Corn,Bonduelle,"Plant-based foods and beverages, Plant-based foods, Fruits and vegetables based foods, Canned foods, Cereals and potatoes, Seeds, Vegetables based foods, Canned plant-based foods, Cereals and their products, Canned vegetables, Cereal grains, Canned cereals, Corn, Canned corn, Sweet corn, Canned sweet corn, Vegetables - Unprepared/Unprocessed (Shelf Stable)",471.0,0.2,3.2,0.39,3.0,2.9,0.0,-2,B,77.0,A,https://world.openfoodfacts.org/product/3083680002875/sweet-corn-bonduelle
Citrons fraîchement pressés,Sicilia,"Aliments et boissons à base de végétaux, Boissons, Aliments d'origine végétale, Aliments à base de fruits et de légumes, Boissons à base de végétaux, Boissons aux fruits, Jus et nectars, Jus de fruits, Jus de citron",106.0,0.1,1.4,0.0,0.4,0.5,98.86,-5,B,26.0,E,https://world.openfoodfacts.org/product/3227441299061/citrons-fraichement-presses-sicilia
Galettes 4 céréales au riz de Camargue,"U, U Bio","Plant-based foods and beverages, Plant-based foods, Cereals and potatoes, Cereals and their products, Puffed cereal cakes, Puffed multigrain cakes, en:puffed-rice-cakes",1702.0,0.8,0.4,0.3,8.8,3.2,0.0,0,B,64.0,B,https://world.openfoodfacts.org/product/3256220497107/galettes-4-cereales-au-riz-de-camargue-u
"Lentilles, cuisinées",Belle France,"Plant-based foods and beverages, Plant-based foods, Legumes and their products, Canned foods, Legumes, Seeds, Canned plant-based foods, Legume seeds, Meals, Pulses, Canned legumes, Lentils, Canned seasoned lentils, Prepared lentils, en:canned-meals",329.0,0.2,0.9,0.975,5.4,3.0,98.1046875,-6,B,80.0,A,https://world.openfoodfacts.org/product/3258561211534/lentilles-cuisinees-belle-france
Menguy's cacahuetes grillees salees 650 g,"Menguy's, Menguy’s","Plant-based foods and beverages,Plant-based foods,Fruits and vegetables based foods,Legumes and their products,Snacks,Legumes,Salty snacks,Vegetables based foods,Nuts and their products,Vegetables,Nuts,Roasted nuts,Variety packs,Peanuts,Salted nuts,Fruits-Nuts-Seed variety packs,Peanut grilled salted,Roasted peanuts,Salted peanuts",2534.0,5.9,5.8,0.87,26.0,8.2,96.0,-2,B,33.0,D,https://world.openfoodfacts.org/product/3327271206939/menguy-s-cacahuetes-grillees-salees-650-g
Cacahuètes grillées et salées,Monoprix,"Aliments et boissons à base de végétaux, Aliments d'origine végétale, Légumineuses et dérivés, Snacks, Légumineuses, Snacks salés, Fruits à coques et dérivés, Fruits à coques, Fruits à coque grillés, Cacahuètes, Fruits à coque salés, Cacahuète grillée salée, Cacahuètes grillées, Cacahuètes salées",2523.0,6.5,5.2,0.71,27.0,8.5,97.0,-2,B,33.0,D,https://world.openfoodfacts.org/product/3350031531897/cacahuetes-grillees-et-salees-monoprix
Ravioli à la sauce tomate,"Eco +, Scamark (Filiale E. Leclerc)","Plant-based foods and beverages, Plant-based foods, Canned foods, Cereals and potatoes, Meats and their products, Cereals and their products, Meals, Pasta dishes, Pastas, Meals with meat, Stuffed pastas, Beef dishes, Pasta stuffed with meat, Ravioli, Canned meals, Meat ravioli, Beef ravioli, Canned raviolis, en:bolognese-raviolis",317.0,0.5,2.6,0.75,3.0,1.3,13.821875,1,B,60.0,B,https://world.openfoodfacts.org/product/3450970006576/ravioli-a-la-sauce-tomate-eco
Maiswaffeln Meersalz,Bio-Zentrale,"Pflanzliche Lebensmittel und Getränke, Pflanzliche Lebensmittel, Getreide und Kartoffeln, Getreideprodukte, Gepuffte Getreidewaffeln, Gepuffte Maiswaffeln",1658.0,0.7,0.3,0.28,7.7,2.3,0.0,0,B,69.0,B,https://world.openfoodfacts.org/product/4005009101839/maiswaffeln-meersalz-bio-zentrale
Hafer-Knusper-Müsli,"Naturgut, Penny","Pflanzliche Lebensmittel und Getränke, Pflanzliche Lebensmittel, Frühstücke, Getreide und Kartoffeln, Getreideprodukte, Frühstückscerealien, Müslis",1801.0,2.0,16.0,0.01,10.0,8.1,0.625,-1,B,87.0,A,https://world.openfoodfacts.org/product/22138972/hafer-knusper-musli-naturgut
Farmer Croc Nature,Farmer,"Pflanzliche Lebensmittel und Getränke, Pflanzliche Lebensmittel, Frühstücke, Getreide und Kartoffeln, Getreideprodukte, Frühstückscerealien, Frühstückscerealien mit Früchten, Müslis, Müslis mit Früchten",1690.0,1.3,14.0,0.33,8.6,13.0,21.0,0,B,67.0,B,https://world.openfoodfacts.org/product/7617027744447/croc-nature-farmer
Risotto Reis,Gallo,"Plant-based foods and beverages,Plant-based foods,Cereals and potatoes,Seeds,Cereals and their products,Cereal grains,Rice dishes,Rices,Rices for risotto",1476.0,0.3,0.2,0.0,6.7,1.0,0.0,1,B,23.0,E,https://world.openfoodfacts.org/product/8001420003178/risotto-reis-gallo
Huile d'olive vierge extra Pouce 1L,"Auchan, Pouce","Plant-based foods and beverages,Plant-based foods,Fats,Vegetable fats,Olive tree products,Vegetable oils,Olive oils,Extra-virgin olive oils,Virgin olive oils",3700.0,15.0,0.5,0.01,0.5,0.5,100.0,15,B,31.0,D,https://world.openfoodfacts.org/product/3596710474851/huile-d-olive-vierge-extra-pouce-1l-auchan
Riso integrale,Riso Scotti,"Plant-based foods and beverages, Plant-based foods, Cereals and potatoes, Seeds, Cereals and their products, Cereal grains, Rices, Brown rices, Parboiled rices",1471.0,0.9,0.4,0.02,7.0,4.3,0.0,-2,B,60.0,B,https://world.openfoodfacts.org/product/8001860190513/riso-integrale-riso-scotti
ΚΑΡΠΟΣ ΑΜΥΓΔΑΛΟ PROTEIN,ΟΛΥΜΠΟΣ,"en:Plant-based foods and beverages, en:Beverages, en:Plant-based foods, en:Dairy substitutes, en:Milk substitutes, en:Nuts and their products, en:Plant-based beverages, en:Plant-based milk alternatives, en:Nut-based drinks, en:Almond-based drinks",177.0,0.1,2.9,0.1,3.2,1.3,2.5,-2,B,73.0,B,https://world.openfoodfacts.org/product/5202178005671/%CE%BA%CE%B1%CF%81%CF%80%CE%BF%CF%83-%CE%B1%CE%BC%CF%85%CE%B3%CE%B4%CE%B1%CE%BB%CE%BF-protein-%CE%BF%CE%BB%CF%85%CE%BC%CF%80%CE%BF%CF%83
Früchte Porridge,DmBio,"Pflanzliche Lebensmittel und Getränke, Pflanzliche Lebensmittel, Frühstücke, Getreide und Kartoffeln, Getreideprodukte, Frühstückscerealien, Frühstückscerealien mit Früchten, Haferbrei, en:Porridge with fruits",1535.0,2.5,14.5,0.02,11.0,11.0,30.75,-1,B,60.0,B,https://world.openfoodfacts.org/product/4058172772498/fruchte-porridge-dmbio
Couscous aux épices douces sachet micro-ondable 2' 250g,U,"Plant-based foods and beverages, Plant-based foods, Cereals and potatoes, Meals, Cereals and their products, Cereal semolinas, Savory semolina dishes, Prepared couscous, Wheat semolinas, Durum wheat semolinas, Durum wheat semolinas for couscous, en:plant-based-meals",616.0,0.3,3.5,0.64,4.9,3.7,35.7,0,B,71.0,B,https://world.openfoodfacts.org/product/3256228581471/couscous-aux-epices-douces-sachet-micro-ondable-2-250g-u
Tropicana Bio Pur jus carotte orange citron 85 cl,"Bio, TROPICANA","Plant-based foods and beverages, Beverages, Frozen foods, Plant-based beverages, Fruit-based beverages, en:squeezed-juices",150.0,0.0,7.0,0.0,0.3,0.0,98.1,-3,B,54.0,C,https://world.openfoodfacts.org/product/3168930166399/tropicana-bio-pur-jus-carotte-orange-citron-85-cl
Spinach Falafels,Waitrose & Partners,"Plant-based foods and beverages, Plant-based foods, Meat alternatives, Refrigerated foods, Refrigerated plant-based foods, Vegetarian balls, Falafels, Refrigerated falafel",1467.0,2.1,1.5,0.72,7.9,4.7,87.001953125,-3,B,77.0,A,https://world.openfoodfacts.org/product/5000169602133/spinach-falafels-waitrose-partners
Whole Baby Beetroot,By sainsbury's,"Plant-based foods and beverages,Plant-based foods,Fruits and vegetables based foods,Vegetables based foods,Vegetables,Beet",205.0,0.1,8.6,0.14,1.3,1.9,60.0,-1,B,79.0,A,https://world.openfoodfacts.org/product/00283601/whole-baby-beetroot-by-sainsbury-s
Falafels de pois chiches cumin menthe,Hari&Co,"Plant-based foods and beverages, Plant-based foods, Meat alternatives, Refrigerated foods, Refrigerated plant-based foods, Vegetarian balls, Falafels, Refrigerated falafel, en:plant-based-meals",1122.0,1.6,3.3,0.9,6.7,5.5,44.11181640625,0,B,74.0,B,https://world.openfoodfacts.org/product/3760257090977/falafels-de-pois-chiches-cumin-menthe-hari-co
Raspberry Lemonade Kombucha,Remedy,"Beverages, Fermented foods, Fermented drinks, Tea-based beverages, Kombuchas",13.0,0.1,0.0,0.01,0.5,0.5,0.0,0,B,43.0,D,https://world.openfoodfacts.org/product/9350271002052/raspberry-lemonade-kombucha-remedy
Barista Bebida de almendras,Almendrola,"Plant-based foods and beverages, Dairy substitutes, Milk substitutes, en:almond-based-drinks",103.0,0.2,0.0,0.04,0.7,0.1,15.9592934782609,0,B,59.0,C,https://world.openfoodfacts.org/product/8423352800630/barista-bebida-de-almendras-almendrola
Pecan Nuts,Bradbury's,"Plant-based foods and beverages, Plant-based foods, Nuts and their products, Nuts, en:pecan-nuts",2886.0,5.7,4.3,0.01,9.2,4.7,100.0,2,B,31.0,D,https://world.openfoodfacts.org/product/10254851/pecan-nuts-bradbury-s
Lenticchie,Valfrutta,"Plant-based foods and beverages, Plant-based foods, Legumes and their products, Canned foods, Legumes, Seeds, Canned plant-based foods, Legume seeds, Pulses, Canned legumes, Canned lentils, en:lentils",282.0,0.1,0.4,0.8,5.3,3.6,85.385500575374,-7,B,86.0,A,https://world.openfoodfacts.org/product/8001440132582/lenticchie-valfrutta
Findus Les Récoltes Gourmandes - Boulgour et légumes,Findus,"Plant-based foods and beverages, Plant-based foods, Fruits and vegetables based foods, Vegetables based foods, Frozen foods, Meals, Vegetables, Frozen plant-based foods, Frozen vegetables, Frozen plant-based foods mixes, Mixed vegetables, Frozen mixed vegetables, en:plant-based-meals",239.0,0.2,1.7,0.71,2.3,2.4,73.9899633093978,-1,B,68.0,B,https://world.openfoodfacts.org/product/3599741007111/findus-les-recoltes-gourmandes-boulgour-et-legumes
Chilli Infused Oli,"Deluxe, Lidl, Lidl Deluxe","Plant-based foods and beverages,Plant-based foods,Fats,Vegetable fats,Olive tree products,Vegetable oils,Olive oils,Mixed vegetable oils,Virgin olive oils,Chilli-oil,Chilli Oils",3389.0,12.5,0.0,0.0,0.0,0.0,54.0,19,B,47.0,C,https://world.openfoodfacts.org/product/4056489936343/chilli-infused-oli-deluxe
Sugarbelle Tomatoes,Tesco,"Plant-based foods and beverages, Plant-based foods, Fruits and vegetables based foods, Vegetable-based foods and beverages, Vegetables based foods, Vegetables, en:tomatoes",108.0,0.1,3.6,0.01,1.1,1.2,0.0,0,B,77.0,A,https://world.openfoodfacts.org/product/03314906/sugarbelle-tomatoes-tesco
extra virgin olive oil,by sainsbury's,"Plant-based foods and beverages, Plant-based foods, Fats, Vegetable fats, Olive tree products, Vegetable oils, Olive oils, Extra-virgin olive oils, Virgin olive oils",3384.0,13.1,0.0,0.0,0.0,0.0,100.0,15,B,27.0,E,https://world.openfoodfacts.org/product/00456630/extra-virgin-olive-oil-by-sainsbury-s
Walnut halves,By Sainsbury's,"Plant-based foods and beverages, Plant-based foods, Nuts and their products, Nuts, en:walnuts",2935.0,7.5,2.6,0.02,14.7,5.2,100.0,0,B,34.0,D,https://world.openfoodfacts.org/product/00478205/walnut-halves-by-sainsbury-s
Cotterley the vert agrum 25s 40g,Cotterley,"Beverages and beverages preparations, Plant-based foods and beverages, Beverages, Hot beverages, Plant-based beverages, Teas, Green teas, fr:Autres produits, en:flavored-teas",3.0,0.0,0.0,0.01,0.2,0.0,6.0,0,B,81.0,A,https://world.openfoodfacts.org/product/3250392425838/cotterley-the-vert-agrum-25s-40g
Amandes en poudre,La Patelière,"Plant-based foods and beverages, Plant-based foods, Flours, Nuts and their products, Nut flours, Almond-meal, en:ground-almonds",2547.0,4.0,4.6,0.05,21.0,0.0,100.0,-1,B,30.0,D,https://world.openfoodfacts.org/product/3278586431328/amandes-en-poudre-la-pateliere
Mogettes cuisinées à l'ancienne - Bocal 260g,"U, U Saveurs, U de nos Régions","Plant-based foods and beverages, Plant-based foods, Fruits and vegetables based foods, Legumes and their products, Vegetable-based foods and beverages, Canned foods, Legumes, Seeds, Vegetables based foods, Canned plant-based foods, Legume seeds, Vegetables, Canned vegetables, Pulses, Common beans, Canned legumes, White beans, French vegetables, Canned common beans, Canned white common beans, fr:Légumes cuisinés, fr:Mogettes cuisinées, en:canned-meals",341.0,0.7,0.7,0.85,5.3,4.5,89.5098488318827,-6,B,84.0,A,https://world.openfoodfacts.org/product/3368951433955/mogettes-cuisinees-a-l-ancienne-bocal-260g-u
Sans sucres ajoutés* Multifruits,Carrefour,"Plant-based foods and beverages, Beverages, Plant-based beverages, Fruit-based beverages, Juices and nectars, Fruit nectars, Multifruit nectars, en:multifruit-juices",147.0,0.0,8.0,0.0,0.0,0.0,83.75,-3,B,26.0,E,https://world.openfoodfacts.org/product/3560070794683/sans-sucres-ajoutes-multifruits-carrefour
Galette de soja tomates basilic et ses légumes du soleil,"Carrefour,Veggie Carrefour","Plant-based foods and beverages, Plant-based foods, Meat alternatives, Meat analogues, Meat analogues from soy or wheat proteins, Vegetarian patties, Patties from soy and or wheat proteins, en:soy-steak",367.0,0.5,2.7,0.79,5.5,0.9,63.3125,-1,B,60.0,B,https://world.openfoodfacts.org/product/3560071083342/galette-de-soja-tomates-basilic-et-ses-legumes-du-soleil-carrefour
Nat & vie Vanille,"Marque Repère, NAT&vie","Plant-based foods and beverages, Fermented foods, Dairy substitutes, Desserts, Non-dairy desserts, Non-dairy fermented foods, Non-dairy yogurts, Soy desserts, Vegan creamy puddings, Flavoured soy dessert, Vegan vanilla puddings, Vanilla soy desserts",356.0,0.3,10.0,0.13,2.9,1.0,6.7171875,1,B,81.0,A,https://world.openfoodfacts.org/product/3564700395660/nat-vie-vanille-marque-repere
Soupe de tomates et vermicelles,"Marque Repère, Régal Soupe","Aliments et boissons à base de végétaux, Aliments d'origine végétale, Aliments à base de fruits et de légumes, Plats préparés, Soupes, Soupes de légumes, Soupes à la tomate et aux vermicelles, Soupes de tomate",184.0,0.5,2.0,0.7,1.3,1.1,71.078125,0,B,78.0,A,https://world.openfoodfacts.org/product/3564700808382/soupe-de-tomates-et-vermicelles-marque-repere
Spécialité au soja citron,"Marque Repère, NAT&vie","Plant-based foods and beverages, Fermented foods, Dairy substitutes, Desserts, Non-dairy desserts, Non-dairy fermented foods, Non-dairy yogurts, Soy milk yogurts, Fruit soy yogurts, Soy desserts, Lemon soy yogurts, en:yogurts",328.0,0.3,11.0,0.1,3.1,1.1,18.1625,1,B,80.0,A,https://world.openfoodfacts.org/product/3564700827802/specialite-au-soja-citron-marque-repere
Instant oat porridge,Tesco,"Plant-based foods and beverages,Plant-based foods,Breakfasts,Cereals and potatoes,Cereals and their products,Breakfast cereals,Porridge",398.0,0.3,7.0,0.1,3.3,1.4,0.0,1,B,25.0,E,https://world.openfoodfacts.org/product/5057008101210/instant-oat-porridge-tesco
Packed with Protein Passion Fruit,Alpro,"Plant-based foods and beverages, Fermented foods, Dairy substitutes, Desserts, Vegan products, Non-dairy desserts, Non-dairy fermented foods, Non-dairy yogurts, Soy milk yogurts, en:soy-desserts",354.0,0.5,7.4,0.29,5.2,1.4,0.0,1,B,88.0,A,https://world.openfoodfacts.org/product/5411188121237/packed-with-protein-passion-fruit-alpro
Just Right,Kellogg's,"Plant-based foods and beverages, Plant-based foods, Breakfasts, Cereals and potatoes, Cereals and their products, Breakfast cereals, en:extruded-cereals",1520.0,0.4,22.9,0.075,8.0,10.2,17.0,0,B,25.0,E,https://world.openfoodfacts.org/product/9310055536616/just-right-kellogg-s
Buckwheat Crispbread,Orgran,"Plant-based foods and beverages,Plant-based foods,Cereals and potatoes,Extruded crispbreads",1530.0,0.5,0.8,0.5,10.9,2.8,0.0,-1,B,70.0,B,https://world.openfoodfacts.org/product/0720516021961/buckwheat-crispbread-orgran
Sweet chilli houmous,Tesco,"Plant-based foods and beverages, Plant-based foods, Condiments, Spreads, Plant-based spreads, Salted spreads, Sauces, Dips, Hummus",903.0,1.5,4.8,0.8,6.1,3.9,62.466796875,0,B,78.0,A,https://world.openfoodfacts.org/product/5053526262907/sweet-chilli-houmous-tesco
Crema de calabaza con un suave toque de nata,Knorr,"Plant-based foods and beverages,Plant-based foods,Fruits and vegetables based foods,Meals,Soups,Cream soups,Vegetable soups,Cream of vegetable soups,Cream of pumpkin soups",128.0,1.0,2.0,0.65,0.5,0.9,45.6,1,B,78.0,A,https://world.openfoodfacts.org/product/8717163889152/crema-de-calabaza-con-un-suave-toque-de-nata-knorr
Unsweetened Soya Milk,Morrisons,"Beverages and beverages preparations,Plant-based foods and beverages,Beverages,Plant-based foods,Legumes and their products,Dairy substitutes,Milk substitutes,Plant-based beverages,Plant-based milk alternatives,Legume-based drinks,Soy-based drinks",127.0,0.32,0.0,0.12,3.0,0.52,7.0,-1,B,73.0,B,https://world.openfoodfacts.org/product/5010251931522/unsweetened-soya-milk-morrisons
Olive oil mix,La española,"Plant-based foods and beverages,Plant-based foods,Fats,Vegetable fats,Olive tree products,Vegetable oils,Olive oils",3381.0,12.8,0.0,0.0,0.0,0.0,100.0,15,B,39.0,D,https://world.openfoodfacts.org/product/8410660049790/olive-oil-mix-la-espanola
Special Flakes naturel,Jumbo,"Plant-based foods and beverages, Plant-based foods, Breakfasts, Cereals and potatoes, Cereals and their products, Breakfast cereals, Flakes, Cereal flakes, Extruded cereals, Extruded flakes, Mixed cereal flakes, en:corn-flakes",1537.0,0.3,1.3,1.15,9.6,7.2,0.0,0,B,25.0,E,https://world.openfoodfacts.org/product/8718452347049/special-flakes-naturel-jumbo
High Protein Milk 0.1% Fat,Emmi,"Dairies, Milks, Semi-skimmed milks, Organic semi-skimmed milks, Beverages",163.0,0.1,2.5,0.08,7.0,0.0,0.0,-2,B,49.0,C,https://world.openfoodfacts.org/product/7610900259922/lactose-free-high-protein-milk-emmi
Boisson coco sans sucres BIO - 1L,Regain,"Beverages and beverages preparations, Plant-based foods and beverages, Beverages, Dairy substitutes, Milk substitutes, Plant-based beverages, Plant-based milk alternatives, Coconut-based drinks, en:coconut-milks-and-creams",56.0,1.29,0.0,0.09,0.0,0.5,8.5,1,B,82.0,A,https://world.openfoodfacts.org/product/3250393048906/boisson-coco-sans-sucres-bio-1l-regain
Ginger Lemon Kombucha,Remedy,"Beverages, Fermented foods, Fermented drinks, Tea-based beverages, Kombuchas",11.0,0.1,0.0,0.01,0.5,0.5,0.0,0,B,43.0,D,https://world.openfoodfacts.org/product/9350271002045/ginger-lemon-kombucha-remedy
Pomme banane Dessert de fruits,"CARREFOUR CLASSIS, Carrefour","Plant-based foods and beverages, Plant-based foods, Fruits and vegetables based foods, Desserts, Fruits based foods, Compotes, en:apple-compotes",360.0,0.0,18.0,0.0,0.0,1.7,94.2,0,B,76.0,A,https://world.openfoodfacts.org/product/3560071435882/pomme-banane-dessert-de-fruits-carrefour-classis
Pêches demi-fruits,Carrefour,"Plant-based foods and beverages, Plant-based foods, Fruits and vegetables based foods, Canned foods, Desserts, Canned plant-based foods, Frozen foods, Fruits based foods, Fruits, Canned fruits, Fruits in syrup, Peaches, en:peaches-in-syrup",292.0,0.0,13.0,0.0,0.0,1.3,68.5,0,B,83.0,A,https://world.openfoodfacts.org/product/3560071449414/peches-demi-fruits-carrefour
Basmati & Wild Rice,By Sainsbury's,"Plant-based foods and beverages, Plant-based foods, Fruits and vegetables based foods, Vegetables based foods, Vegetables, Spanish-vegetables, Rice, en:basmati-rices",575.0,0.1,0.5,0.01,2.8,0.5,0.0,0,B,34.0,D,https://world.openfoodfacts.org/product/00120913/basmati-wild-rice-by-sainsbury-s
Velouté tomates,Auchan,"Plant-based foods and beverages,Plant-based foods,Fruits and vegetables based foods,Vegetables based foods,Meals,Soups,Tomatoes and their products,Cream soups,Vegetable soups,Cream of vegetable soups,Cream of tomato soups, Aliments et boissons à base de légumes, en:Soups (prepared) (Shelf Stable)",109.0,0.4,3.2,0.58,0.7,1.2,44.3234375,0,B,83.0,A,https://world.openfoodfacts.org/product/3596710494798/veloute-tomates-auchan
Peeled plum tomatoes,Cirio,"Plant-based foods and beverages, Plant-based foods, Canned foods, Fruits and vegetables based foods, Canned plant-based foods, Vegetables based foods, Canned vegetables, Tomatoes and their products, Tomatoes, Canned tomatoes, Peeled tomatoes",112.0,0.1,3.8,0.02,1.1,1.1,16.6666666666667,0,B,79.0,A,https://world.openfoodfacts.org/product/8000320390517/peeled-plum-tomatoes-cirio
Cashews,Asda,"Plant-based foods and beverages, Plant-based foods, Nuts and their products, Nuts, en:cashew-nuts",2441.0,9.5,4.6,0.04,18.0,3.2,100.0,2,B,23.0,E,https://world.openfoodfacts.org/product/5057172886814/cashews-asda
Vivesoy Clásica,"Pascual, ViveSoy","Plant-based foods and beverages, Beverages, Plant-based foods, Legumes and their products, Dairy substitutes, Milk substitutes, Plant-based beverages, Plant-based milk alternatives, Legume-based drinks, Soy-based drinks, en:sweetened-natural-soy-milks",158.0,0.3,1.8,0.09,3.1,0.8,13.0,-1,B,88.0,A,https://world.openfoodfacts.org/product/8410128785185/bebida-de-soja-vivesoy-clasica-pascual
Hazelnut Milk - Organic & Unsweetened,Plenish,"Beverages and beverages preparations,Plant-based foods and beverages,Beverages,Plant-based foods,Dairy substitutes,Milk substitutes,Nuts and their products,Plant-based beverages,Plant-based milk alternatives,Nut-based drinks,Hazelnut-based drinks",121.0,0.2,0.0,0.1,0.6,0.3,4.5,0,B,79.0,A,https://world.openfoodfacts.org/product/5060362071631/hazelnut-milk-organic-unsweetened-plenish
bevanda alla soia con orzo e malto,Eurospin,"Beverages and beverages preparations,Plant-based foods and beverages,Beverages,Plant-based foods,Legumes and their products,Dairy substitutes,Milk substitutes,Plant-based beverages,Plant-based milk alternatives,Legume-based drinks,Soy-based drinks",217.0,0.2,5.5,0.15,3.1,0.4,8.225,0,B,73.0,B,https://world.openfoodfacts.org/product/8017596126450/bevanda-alla-soia-con-orzo-e-malto-eurospin
Roasted Fava Beans,,"Plant-based foods and beverages, Plant-based foods, Fruits and vegetables based foods, Vegetables based foods, Vegetables, Broad beans, Fava beans, en:pulses",1651.0,1.2,3.0,1.3,24.0,14.0,95.6666015625,-8,B,76.0,A,https://world.openfoodfacts.org/product/5060208742930/roasted-fava-beans
Sojasun fraise,Sojasun,"Plant-based foods and beverages,Dairy substitutes,Desserts,Non-dairy desserts,Soy desserts",274.0,0.3,6.9,0.13,3.8,0.4,0.0,1,B,85.0,A,https://world.openfoodfacts.org/product/3273221115328/sojasun-fraise
Huile d'olive vierge extra,Puget,"Plant-based foods and beverages, Plant-based foods, Fats, Vegetable fats, Olive tree products, Vegetable oils, Olive oils, Extra-virgin olive oils, en:virgin-olive-oils",3700.0,15.0,0.0,0.0,0.0,0.0,100.0,15,B,40.0,D,https://world.openfoodfacts.org/product/3265470129058/huile-d-olive-vierge-extra-puget
margarine la prairie 225g,la Prairie,"Plant-based foods and beverages, Plant-based foods, Fats, Spreads, Plant-based spreads, Spreadable fats, Vegetable fats, Margarines, en:salted-spreads",2659.0,0.0,0.0,0.7,1.0,0.0,0.0,10,C,59.0,C,https://world.openfoodfacts.org/product/6111203001467/margarine-la-prairie-225g
Croustillant Chocolat,Bjorg,"Plant-based foods and beverages,Plant-based foods,Breakfasts,Cereals and potatoes,Cereals and their products,Breakfast cereals,Chocolate cereals,Breakfast cereals rich in fibre,Crunchy cereal clusters,Cereal clusters with chocolate",1810.0,3.33,14.0,0.267,9.67,10.0,0.0453404017857153,5,C,66.0,B,https://world.openfoodfacts.org/product/3229820160672/croustillant-chocolat-bjorg
Brazil Nuts,"Alesto, Lidl, Lidl Alesto","Plant-based foods and beverages, Plant-based foods, Nuts and their products, Nuts, Shelled nuts, Brazil nuts, Brazil nuts(unsalted), Shelled Brazil nuts",2873.0,16.3,2.5,0.01,16.9,9.9,100.0,0,C,32.0,D,https://world.openfoodfacts.org/product/20202392/brazil-nuts-alesto
Aicha Tomato Paste,Aicha,"en:Plant-based foods and beverages, en:Plant-based foods, en:Fruits and vegetables based foods, en:Vegetables based foods, en:Vegetables, en:Tomatoes and their products, en:Tomatoes, en:Tomato pastes",496.0,0.0,9.0,0.5,4.6,3.0,0.0,1,C,46.0,C,https://world.openfoodfacts.org/product/6111021090056/aicha-tomato-paste
Céréales Chocapic,"Nestlé,Chocapic","Plant-based foods and beverages,Plant-based foods,Breakfasts,Cereals and potatoes,Cereals and their products,Breakfast cereals,Chocolate cereals,Breakfast cereals fortified with vitamins and chemical elements,Extruded cereals,Breakfast cereals rich in fibre,Chocolate wheat shells,Unfilled breakfast chocolate cereals fortified with vitamins and chemical elements",1638.0,2.0,22.4,0.22,8.8,7.5,0.0,5,C,29.0,E,https://world.openfoodfacts.org/product/7613034626844/chocapic-cereals-nestle
Beurre de cacahuètes,Whole Earth,"Plant-based foods and beverages,Plant-based foods,Legumes and their products,Spreads,Nuts and their products,Plant-based spreads,Oilseed purees,Legume butters,Nut butters,Peanut butters",2466.0,8.6,5.9,0.69,29.0,8.4,99.0,0,C,66.0,B,https://world.openfoodfacts.org/product/5013665115571/beurre-de-cacahuetes-whole-earth
Organic oat drink,Oatly,"Rostlinné potraviny a nápoje,Nápoje,Rostlinné potraviny,Obiloviny a brambory,en:Dairy substitutes,Obiloviny,Náhražky mléka,en:Plant-based beverages,en:Plant-based milk alternatives,en:Cereal-based drinks,en:Unsweetened beverages,en:Oat-based drinks",166.0,0.1,3.4,0.00025,1.1,0.8,0.0,0,C,77.0,A,https://world.openfoodfacts.org/product/7394376123337/organic-oat-drink-oatly
Peanut butter Creamy,Skippy,"Plant-based foods and beverages, Plant-based foods, Legumes and their products, Spreads, Plant-based spreads, Oilseed purees, Legume butters, Peanut butters, Beurres de cachuetes, en:nut-butters",2531.0,9.4,11.4,1.0,26.9,7.7,92.6875,4,C,32.0,D,https://world.openfoodfacts.org/product/0037600106009/erdnussbutter-skippy
Cuites au four nature,Lay’s,"Plant-based foods and beverages,Plant-based foods,Snacks,Cereals and potatoes,Salty snacks,Appetizers,Chips and fries,Crisps,Potato crisps,Crisps made from reconstituted potato",1860.0,1.4,5.3,0.84,5.9,6.2,0.0,6,C,73.0,B,https://world.openfoodfacts.org/product/3168930002987/cuites-au-four-nature-lay-s
Kimchi,Vadasz,"Plant-based foods and beverages,Plant-based foods,Fruits and vegetables based foods,Vegetable-based foods and beverages,Vegetables based foods,Fermented vegetables,Kimchi,Salted,fermented and seasoned cabbage,carrot and onion",63.0,0.1,0.0,2.065,1.1,1.8,96.9025,3,C,89.0,A,https://world.openfoodfacts.org/product/5010292961182/kimchi-vadasz
Avoine - Boisson biologique,Bjorg,"Beverages and beverages preparations,Plant-based foods and beverages,Beverages,Plant-based foods,Cereals and potatoes,Dairy substitutes,Cereals and their products,Milk substitutes,Plant-based beverages,Plant-based milk alternatives,Cereal-based drinks,Unsweetened beverages,Oat-based drinks,fr:Boissons-vegetales-a-base-d-avoine",187.0,0.3,4.0,0.09,0.5,0.5,0.0,1,C,82.0,A,https://world.openfoodfacts.org/product/3229820792132/avoine-boisson-biologique-bjorg
All-Bran Original,"Kellogg,Kellogg's","Plant-based foods and beverages,Plant-based foods,Breakfasts,Cereals and potatoes,Cereals and their products,Breakfast cereals,Wheat bran sticks",1400.0,0.7,18.0,0.95,14.0,27.0,0.0,6,C,38.0,D,https://world.openfoodfacts.org/product/5000127142190/all-bran-original-kellogg
Danup fraise,Danone,"Beverages, Dairies, Fermented foods, Fermented milk products, Desserts, Dairy desserts, Dairy drinks, Fermented dairy desserts, Fermented drinks, Yogurts, Fermented milk drinks, Drinkable-yogurts, en:yogurt-drinks",59.0,1.06,5.5,0.0,1.75,0.0,0.0,2,C,22.0,E,https://world.openfoodfacts.org/product/6111032004448/danup-fraise-danone
Cheerios Multigrain,"Cheerios,Nestle","Plant-based foods and beverages,Plant-based foods,Breakfasts,Cereals and potatoes,Cereals and their products,Breakfast cereals,Extruded cereals",1605.0,1.0,10.0,0.83333,9.3333,2.7,0.0,4,C,29.0,E,https://world.openfoodfacts.org/product/7613287195210/cheerios-multigrain
proactiv,Flora proactiv,"Plant-based foods and beverages,Plant-based foods,Fats,Spreads,Plant-based spreads,Salted spreads,Spreadable fats,Vegetable fats,Margarines,Light margarines",2182.0,12.0,0.5,0.8,0.5,0.0,37.7583333333333,19,C,59.0,C,https://world.openfoodfacts.org/product/8719200252332/proactiv-flora-proactiv
"Muesli bio 36% fruits, noix & graines",Jordans,"Plant-based foods and beverages,Plant-based foods,Breakfasts,Cereals and potatoes,Cereals and their products,Breakfast cereals,Cereals with fruits,Mueslis,Mueslis with fruits",1569.0,2.8,18.9,0.03,9.3,8.5,17.5,4,C,82.0,A,https://world.openfoodfacts.org/product/5010477348630/muesli-bio-36-fruits-noix-graines-jordans
Granola Chocolat,Bjorg,"Plant-based foods and beverages,Plant-based foods,Breakfasts,Cereals and potatoes,Cereals and their products,Breakfast cereals,Chocolate cereals,Mueslis,Mueslis with chocolate",1765.0,3.1,12.0,0.01,10.0,7.5,0.0,4,C,82.0,A,https://world.openfoodfacts.org/product/3229820798110/granola-chocolat-bjorg
Crousti' Avoine Chocolat,Bjorg,"Plant-based foods and beverages,Plant-based foods,Breakfasts,Cereals and potatoes,Cereals and their products,Breakfast cereals,Chocolate cereals,Mueslis,Mueslis with chocolate,Crunchy cereal clusters,Cereal clusters with chocolate",1747.0,4.4,14.0,0.1,10.0,9.5,0.450000000000003,5,C,87.0,A,https://world.openfoodfacts.org/product/3229820786605/crousti-avoine-chocolat-bjorg
ProActiv,ProActiv,"Plant-based foods and beverages, Plant-based foods, Fats, Spreads, Plant-based spreads, Spreadable fats, Vegetable fats, Margarines, Light margarines, en:salted-spreads",1294.0,7.6,0.5,0.8,0.5,0.0,14.55,13,C,59.0,C,https://world.openfoodfacts.org/product/8719200255333/proactiv
Organic Gluten-Free Oat Drink,Plenish,"Plant-based foods and beverages,Beverages,Plant-based foods,Cereals and potatoes,Dairy substitutes,Cereals and their products,Milk substitutes,Plant-based beverages,Plant-based milk alternatives,Cereal-based drinks,Oat-based drinks",138.0,0.1,3.8,0.08,0.6,0.5,0.0,1,C,61.0,B,https://world.openfoodfacts.org/product/5060362071709/organic-gluten-free-oat-drink-plenish
Orangensaft,Tropicana,"Plant-based foods and beverages, Beverages, Plant-based beverages, Fruit-based beverages, Juices and nectars, Fruit juices, Non-alcoholic beverages, Orange juices, Squeezed juices, Orange juices without pulp, Squeezed orange juices",182.0,0.0,8.9,0.0,0.8,0.6,100.0,-3,C,43.0,D,https://world.openfoodfacts.org/product/3502110009449/orangensaft-tropicana
Alpro Not Milk,alpro,"Plant-based foods and beverages, Dairy substitutes, Getreide und Kartoffeln, Getreidemilch, Getreideprodukte, Getränke, Getränke und Getränkezubereitungen, Hafermilch, Milchersatz, Pflanzenmilch, Pflanzliche Getränke, Pflanzliche Lebensmittel, Pflanzliche Lebensmittel und Getränke, en:oat-based-drinks",248.0,0.4,0.0,0.12,0.7,1.0,12.5,-1,C,63.0,B,https://world.openfoodfacts.org/product/5411188134985/not-milk-alpro
"Muesli con quinoa, chía y chocolate negro",Hacendado,"Plant-based foods and beverages,Plant-based foods,Breakfasts,Cereals and potatoes,Cereals and their products,Breakfast cereals,Chocolate cereals,Mueslis,Mueslis with chocolate",1748.0,4.3,18.0,0.11,9.8,10.0,0.0,7,C,62.0,B,https://world.openfoodfacts.org/product/8480000095367/muesli-con-quinoa-chia-y-chocolate-negro-hacendado
Organic Oat drink,Plenish,"Plant-based foods and beverages, Beverages, Plant-based foods, Cereals and potatoes, Dairy substitutes, Cereals and their products, Milk substitutes, Plant-based beverages, Plant-based milk alternatives, Cereal-based drinks, Oat-based drinks",138.0,0.1,3.8,0.08,0.6,0.5,0.0,1,C,52.0,C,https://world.openfoodfacts.org/product/5060362071051/organic-oat-drink-plenish
Heavenly Houmous,Ramona's,"Plant-based foods and beverages, Plant-based foods, Condiments, Spreads, Plant-based spreads, Salted spreads, Sauces, Dips, Hummus",1086.0,1.7,0.7,1.1,6.2,4.9,83.516796875,-2,C,70.0,B,https://world.openfoodfacts.org/product/5060228323980/heavenly-houmous-ramona-s
Peanut Butter,Whole Earth,"Plant-based foods and beverages, Plant-based foods, Legumes and their products, Spreads, Nuts and their products, Plant-based spreads, Oilseed purees, Legume butters, Nut butters, Peanut butters",2673.0,7.2,4.2,1.0,26.3,6.5,96.0,1,C,30.0,D,https://world.openfoodfacts.org/product/5013665113157/peanut-butter-whole-earth
jaouda p'tit dej honey,Jaouda,"Beverages and beverages preparations, Beverages, Dairies, Fermented foods, Fermented milk products, Desserts, Dairy desserts, Dairy drinks, Fermented drinks, Fermented milk drinks, Fermented milk drinks with fruits, en:milks",97.6,2.4,9.0,0.2,3.0,1.0,0.140625,2,C,17.0,E,https://world.openfoodfacts.org/product/6111242109544/jaouda-p-tit-dej-honey
Original Nuts & Seeds imp,Lizi's,"Plant-based foods and beverages, Plant-based foods, Breakfasts, Cereals and potatoes, Cereals and their products, Breakfast cereals, Mueslis, Cereals with nuts, Mueslis with nuts",1969.0,5.0,7.2,0.03,12.5,7.3,17.75,5,C,62.0,B,https://world.openfoodfacts.org/product/5060043224486/original-nuts-seeds-imp-lizi-s
"Love, Corn (Sea Salt)",Love Corn,"Plant-based foods and beverages, Plant-based foods, Snacks, Cereals and potatoes, Salty snacks, Seeds, Appetizers, Cereals and their products, Cereal grains, Corn, Corn grain",1828.0,1.3,0.7,1.5,7.4,7.0,0.0,7,C,83.0,A,https://world.openfoodfacts.org/product/5060490400242/love-corn-sea-salt
Muesli 4 nuts,Crownfield,"Plant-based foods and beverages,Plant-based foods,Breakfasts,Cereals and their products,Breakfast cereals,Mueslis,Cereals with nuts,Mueslis with nuts",1904.0,4.9,18.1,0.08,10.3,8.1,10.17,7,C,71.0,B,https://world.openfoodfacts.org/product/4056489210016/muesli-4-nuts-crownfield
Classic Houmous,Sainsbury's,"Plant-based foods and beverages, Plant-based foods, Condiments, Spreads, Plant-based spreads, Salted spreads, Sauces, Dips, Hummus, Classic hummus",938.0,1.8,1.0,1.65,6.8,5.0,61.075,5,C,78.0,A,https://world.openfoodfacts.org/product/00349215/classic-houmous-sainsbury-s
Natural Coconut Cream,Kara,"Beverages and beverages preparations,Plant-based foods and beverages,Beverages,Plant-based foods,Dairy substitutes,Milk substitutes,Plant-based beverages,Plant-based milk alternatives,Plant-based creams,Plant-based creams for cooking,Coconut-based creams for cooking,Coconut milks and creams",147.0,4.0,0.0,0.0,0.0,0.0,0.0,3,C,69.0,B,https://world.openfoodfacts.org/product/8886303210207/natural-coconut-cream-kara
Oat Barista Blend,Califia Farms,"Plant-based foods and beverages, Beverages, Plant-based foods, Cereals and potatoes, Dairy substitutes, Cereals and their products, Milk substitutes, Plant-based beverages, Plant-based milk alternatives, Cereal-based drinks, Oat-based drinks",229.0,0.2,2.8,0.12,0.8,0.8,25.0,0,C,52.0,C,https://world.openfoodfacts.org/product/0813636022953/oat-barista-blend-califia-farms
Menguy's Beurre de cacahuètes crunchy,Menguy's,"Plant-based foods and beverages, Plant-based foods, Spreads, Nuts and their products, Plant-based spreads, Oilseed purees, Nut butters, Aliments d'origine végétale, Aliments et boissons à base de végétaux, Beurres de cacahuetes croustillants, Beurres de cacahuètes, Beurres de fruits à coques, Beurres de légumineuses, Cacahuètes, Fruits à coques, Fruits à coques et dérivés, Légumineuses, Légumineuses et dérivés, Produits à tartiner, Purées d'oléagineux, Pâtes à tartiner végétales, en:peanut-butters",2607.0,9.3,8.5,0.73,25.0,6.7,87.0,3,C,33.0,D,https://world.openfoodfacts.org/product/3327272107266/menguy-s-beurre-de-cacahuetes-crunchy
Baked Sea Salt,Walkers,"Plant-based foods and beverages, Plant-based foods, Snacks, Cereals and potatoes, Salty snacks, Appetizers, Chips and fries, Crisps, Potato crisps",1841.0,1.4,5.4,0.85,5.9,6.3,11.1111111111111,6,C,68.0,B,https://world.openfoodfacts.org/product/5000328015927/baked-sea-salt-walkers
No Sugars Oat Drink,Oatly,"Plant-based foods and beverages,Beverages,Plant-based foods,Cereals and potatoes,Dairy substitutes,Cereals and their products,Milk substitutes,Plant-based beverages,Plant-based milk alternatives,Cereal-based drinks,Oat-based drinks,Oatmilk",184.0,0.2,0.0,0.1175,1.0,0.7,5.0,0,C,52.0,C,https://world.openfoodfacts.org/product/7394376620867/no-sugars-oat-drink-oatly
Margarina flora 400 g,Flora,"Plant-based foods and beverages, Plant-based foods, Fats, Spreads, Plant-based spreads, Spreadable fats, Vegetable fats, Margarines, en:light-margarines",2182.0,12.0,0.5,0.2,0.5,0.0,25.0,16,C,59.0,C,https://world.openfoodfacts.org/product/8719200234857/margarina-flora-400-g
Oat Milk,Actileaf,"Plant-based foods and beverages, Beverages, Plant-based foods, Cereals and potatoes, Dairy substitutes, Cereals and their products, Milk substitutes, Plant-based beverages, Plant-based milk alternatives, Cereal-based drinks, Oat-based drinks",206.0,0.2,4.6,0.1,1.32,0.8,0.0,1,C,66.0,B,https://world.openfoodfacts.org/product/4061459290349/oat-milk-actileaf
Strawberry High Fruit Content Spread,St. Dalfour,"Plant-based foods and beverages, Plant-based foods, Breakfasts, Fruits and vegetables based foods, Spreads, Fruits based foods, Plant-based spreads, Sweet spreads, Fruit and vegetable preserves, Jams, Berry jams, Strawberry jams",896.0,0.11999999731779,47.0,0.03999999910593,0.0,1.2,91.8333333333333,9,C,73.0,B,https://world.openfoodfacts.org/product/5014271400426/strawberry-high-fruit-content-spread-st-dalfour
Smooth Peanut Butter imp,Whole earth,"Plant-based foods and beverages, Plant-based foods, Legumes and their products, Fats, Spreads, Nuts and their products, Plant-based spreads, Oilseed purees, Legume butters, Nut butters, Peanut butters",2700.0,7.2,4.2,0.9825,26.3,6.5,96.0,2,C,33.0,D,https://world.openfoodfacts.org/product/5011835101058/smooth-peanut-butter-imp-whole-earth
100% issu des fruits fraise,ANDROS,"Plant-based foods and beverages, Plant-based foods, Breakfasts, Spreads, Plant-based spreads, Sweet spreads, Fruit and vegetable preserves, Jams, en:berry-jams",752.0,0.5,36.0,0.05,0.8,3.2,73.9583333333333,7,C,60.0,B,https://world.openfoodfacts.org/product/3608580105039/100-issu-des-fruits-fraise-andros
Quaker Cruesli Chocolat noisette,"Cruesli,PepsiCo,QUAKER,Quarker","Plant-based foods and beverages,Plant-based foods,Breakfasts,Cereals and potatoes,Cereals and their products,Breakfast cereals,Chocolate cereals,Breakfast cereals rich in fibre,Crunchy cereal clusters,Cereal clusters with chocolate",1847.0,2.5,16.0,0.0,7.4,10.0,2.3203125,4,C,59.0,C,https://world.openfoodfacts.org/product/3168930009788/quaker-cruesli-chocolat-noisette
Original Salted Peanuts,KP,"Plant-based foods and beverages, Plant-based foods, Legumes and their products, Snacks, Legumes, Salty snacks, Nuts and their products, Nuts, Peanuts, Salted nuts, Salted peanuts",2545.0,8.1,5.1,1.2,30.0,8.5,74.4,12,C,30.0,D,https://world.openfoodfacts.org/product/5000237127322/original-salted-peanuts-kp
Special K Red Berries,Special K,"Plant-based foods and beverages,Plant-based foods,Breakfasts,Cereals and potatoes,Cereals and their products,Breakfast cereals,cereal flakes with fruits",1652.0,0.3,16.0,0.725,8.0,6.6,4.5,5,C,30.0,D,https://world.openfoodfacts.org/product/5000127521056/special-k-red-berries
Aldi Very Berry muesli,Specially Selected,"Plant-based foods and beverages, Plant-based foods, Breakfasts, Cereals and potatoes, Cereals and their products, Breakfast cereals, Cereals with fruits, en:mueslis-with-fruits",1499.0,0.8,27.1,0.03,8.0,7.7,56.1875,4,C,62.0,B,https://world.openfoodfacts.org/product/4088600167756/aldi-very-berry-muesli-specially-selected
"Not Milk 1,8",Alpro,"Beverages and beverages preparations,Plant-based foods and beverages,Beverages,Plant-based foods,Cereals and potatoes,Dairy substitutes,Cereals and their products,Milk substitutes,Plant-based beverages,Plant-based milk alternatives,Cereal-based drinks,Oat-based drinks",182.0,0.3,0.0,0.11,0.7,1.0,12.5,-1,C,61.0,B,https://world.openfoodfacts.org/product/5411188135005/alpro-haferdrink-shh-this-is-not-mlk-fettarm-1l
Boisson à l'avoine,Oatly,"Plant-based foods and beverages, Beverages, Plant-based foods, Cereals and potatoes, Dairy substitutes, Cereals and their products, Milk substitutes, Plant-based beverages, Plant-based milk alternatives, Cereal-based drinks, Oat-based drinks",196.0,0.2,3.5,0.1,1.1,0.8,5.0,1,C,63.0,B,https://world.openfoodfacts.org/product/7394376615979/boisson-a-l-avoine-oatly
Country Crisp Fruits & Noix,Jordans,"Plant-based foods and beverages, Plant-based foods, Breakfasts, Cereals and potatoes, Cereals and their products, Breakfast cereals, Cereals with fruits, Crunchy cereal clusters, Cereal clusters with fruits, en:mueslis-with-fruits",1859.0,1.9,22.0,0.05,9.6,6.1,16.125,7,C,66.0,B,https://world.openfoodfacts.org/product/5010477350954/country-crisp-fruits-noix-jordans
Organic Houmous ~ With added extra virgin olive oil,Marks & Spencer,"Plant-based foods and beverages, Plant-based foods, Condiments, Spreads, Plant-based spreads, Salted spreads, Sauces, Dips, Hummus",1230.0,3.4,0.7,0.73,6.4,4.0,49.9088095238095,3,C,80.0,A,https://world.openfoodfacts.org/product/00302661/organic-houmous-with-added-extra-virgin-olive-oil-marks-spencer
Emincés de boeuf sauce poivre & pommes de terre,Fleury Michon,"Plant-based foods and beverages,Plant-based foods,Cereals and potatoes,Condiments,Meats and their products,Beef and its products,Meals,Meats,Beef,Meals with meat,Sauces,Beef dishes,Microwave meals,Pepper sauces,fr:E",598.0,1.79,0.786,0.607,6.43,1.0,7.64264455782313,2,C,75.0,A,https://world.openfoodfacts.org/product/3302746964026/eminces-de-boeuf-sauce-poivre-pommes-de-terre-fleury-michon
Les classiques - Velouté de 9 légumes,Knorr,"Plant-based foods and beverages, Plant-based foods, Fruits and vegetables based foods, Meals, Soups, Cream soups, Reheatable soups, Vegetable soups, Cream of vegetable soups",134.0,0.3,1.9,0.67,0.6,0.9,22.8,2,C,78.0,A,https://world.openfoodfacts.org/product/8714100766576/les-classiques-veloute-de-9-legumes-knorr
Oat,"Vemondo, Lidl","Plant-based foods and beverages, Beverages, Plant-based foods, Cereals and potatoes, Dairy substitutes, Cereals and their products, Milk substitutes, Plant-based beverages, Plant-based milk alternatives, Cereal-based drinks, Oat-based drinks",173.0,0.2,3.12,0.12,0.32,0.6,0.0,0,C,57.0,C,https://world.openfoodfacts.org/product/4056489804673/oat-vemondo
Lait Entier,Envia,"Beverages and beverages preparations,Beverages,Dairies,Milks (liquid and powder),Milks,Homogenized milks,Pasteurised products,UHT Milks,Unsweetened beverages,Whole milks,Whole milk UHT",271.0,2.2,4.8,0.09,3.3,0.5,0.0,2,C,56.0,C,https://world.openfoodfacts.org/product/20681944/lait-entier-envia
Cashews roasted & salted,Alesto,"Plant-based foods and beverages,Plant-based foods,Snacks,Salty snacks,Nuts and their products,Nuts,Shelled nuts,Roasted nuts,Salted nuts,Cashew nuts,Roasted cashew nuts,Salted cashews",2575.0,8.5,5.7,0.8,21.3,4.2,2.0,15,C,27.0,E,https://world.openfoodfacts.org/product/4056489104230/cashews-roasted-salted-alesto
Boulettes de pois chiches Patate douce Curcuma,Hari&Co,"Plant-based foods and beverages,Plant-based foods,Meat alternatives,Vegetarian balls",1301.0,1.7,3.3,0.95,6.7,6.2,27.3711328125,1,C,76.0,A,https://world.openfoodfacts.org/product/3760257090717/boulettes-de-pois-chiches-patate-douce-curcuma-hari-co
Tesco Oat Drink,Tesco,"Plant-based foods and beverages, Beverages, Plant-based foods, Cereals and potatoes, Dairy substitutes, Cereals and their products, Milk substitutes, Plant-based beverages, Plant-based milk alternatives, Cereal-based drinks, Oat-based drinks",199.0,0.2,4.2,0.1,0.5,0.7,4.5,1,C,57.0,C,https://world.openfoodfacts.org/product/5057753940317/tesco-oat-drink
Granola Crunchy Honing - Miel,Carrefour,"Plant-based foods and beverages, Plant-based foods, Breakfasts, Cereals and potatoes, Cereals and their products, Breakfast cereals, Mueslis, EPICERIE",1832.0,3.0,18.0,0.28,9.2,6.6,0.0,7,C,62.0,B,https://world.openfoodfacts.org/product/5400101041424/granola-crunchy-honing-miel-carrefour
Lays,Lay's,"Plant-based foods and beverages, Plant-based foods, Snacks, Cereals and potatoes, Frozen foods, Salty snacks, Appetizers, Chips and fries, Crisps, Potato crisps, Potato crisps in sunflower oil, en:old-fashioned-crisps",2141.0,2.1,0.5,0.65,6.2,5.2,8.75,7,C,73.0,B,https://world.openfoodfacts.org/product/3168930171683/lays-lay-s
Cool Sour Cream & Chive,Snack a Jacks,"Plant-based foods and beverages, Plant-based foods, Snacks, Cereals and potatoes, Salty snacks, Cereals and their products, Puffed cereal cakes, Puffed rice cakes, en:appetizers",1640.0,1.03,2.06,1.11,9.28,2.06,9.0,5,C,44.0,D,https://world.openfoodfacts.org/product/5000328333731/cool-sour-cream-chive-snack-a-jacks
"Pur jus de 6 fruits pressés myrtille, cassis, pomme, cranberry",Innocent,"Beverages and beverages preparations, Plant-based foods and beverages, Beverages, Plant-based beverages, Fruit-based beverages, Juices and nectars, Fruit juices, Multifruit juices, Squeezed fruit juices, es:Jus-de-fruits-pur-jus, en:squeezed-multifruit-juices",192.0,0.0667,10.0,0.00667,0.333,0.333,99.8,-3,C,26.0,E,https://world.openfoodfacts.org/product/5038862139137/pur-jus-de-6-fruits-presses-myrtille-cassis-pomme-cranberry-innocent
Country Crisp 4 Noix,Jordans,"Plant-based foods and beverages, Plant-based foods, Cereals and potatoes, Cereals and their products, en:cereal-clusters-with-nuts",1949.0,2.6,18.0,0.03,11.0,6.1,15.125,7,C,45.0,C,https://world.openfoodfacts.org/product/5010477348555/country-crisp-4-noix-jordans
Croustillant fruits rouges,"Carrefour BIO, Carrefour","Plant-based foods and beverages, Plant-based foods, Breakfasts, Cereals and potatoes, Cereals and their products, Breakfast cereals, Cereals with fruits, Mueslis, Crunchy mueslis, Mueslis with fruits, Crunchy mueslis with fruits, en:cereal-clusters-with-fruits",1792.0,1.4,19.0,0.01,9.3,9.2,3.5,4,C,87.0,A,https://world.openfoodfacts.org/product/3560071407681/croustillant-fruits-rouges-carrefour-bio
Toast crock' céréales complètes,Carrefour,"Plant-based foods and beverages,Plant-based foods,Snacks,Cereals and potatoes,Extruded crispbreads",1515.0,0.7,3.6,1.3,9.9,13.0,0.0,4,C,71.0,B,https://world.openfoodfacts.org/product/3560071504090/toast-crock-cereales-completes-carrefour
Choco crousti,Poulain,"Plant-based foods and beverages, Plant-based foods, Breakfasts, Cereals and potatoes, Cereals and their products, Frozen foods, Breakfast cereals, Chocolate cereals, Breakfast cereals rich in fibre, en:crunchy-cereal-clusters",1805.0,2.6,16.0,0.08,11.0,11.0,0.0,4,C,25.0,E,https://world.openfoodfacts.org/product/3664346342681/choco-crousti-poulain
Boisson avoine - 1L,"U, U Bio","Plant-based foods and beverages,Beverages,Plant-based foods,Cereals and potatoes,Dairy substitutes,Cereals and their products,Milk substitutes,Plant-based beverages,Plant-based milk alternatives,Cereal-based drinks,Unsweetened beverages,Oat-based drinks",182.0,0.2,5.0,0.08,0.5,0.8,0.0,1,C,82.0,A,https://world.openfoodfacts.org/product/3256223377406/boisson-avoine-1l-u
Dairy Free Sunflower Spread,"Bell’s Healthcare, Pure","Plant-based foods and beverages, Plant-based foods, Fats, Spreads, Plant-based spreads, Salted spreads, Spreadable fats, Vegetable fats, Margarines",2024.0,11.9,0.5,0.75,0.5,0.0,0.0,19,C,72.0,B,https://world.openfoodfacts.org/product/5010219501705/dairy-free-sunflower-spread-bell-s-healthcare
Deli Reform Original,"Walter Rau Lebensmittelwerke,Deli Reform","Plant-based foods and beverages, Plant-based foods, Fats, Spreads, Plant-based spreads, Salted spreads, Vegetable fats, Spreadable fats, Margarines, de:Streichfette, en:light-margarines",2590.0,18.0,0.0,0.2,0.0,0.0,43.0,16,C,64.0,B,https://world.openfoodfacts.org/product/40264769/deli-reform-original-walter-rau-lebensmittelwerke
Smooth Peanut Butter,Tesco,"Plant-based foods and beverages, Plant-based foods, Legumes and their products, Spreads, Nuts and their products, Plant-based spreads, Oilseed purees, Legume butters, Nut butters, Peanut butters",2620.0,7.5,6.0,1.0,24.5,7.0,94.0,1,C,38.0,D,https://world.openfoodfacts.org/product/5051898719333/smooth-peanut-butter-tesco
Yoyos Raspberry Multipack 5 x,"Bear, Bear Nibbles","Plant-based foods and beverages, Plant-based foods, Fruits and vegetables based foods, Snacks, Breakfasts, Spreads, Sweet snacks, Confectioneries, Fruits based foods, Plant-based spreads, Sweet spreads, Fruit and vegetable preserves, Fruit pastes",1170.0,0.0,42.0,0.0,1.9,10.0,100.0,3,C,82.0,A,https://world.openfoodfacts.org/product/5060139430647/yoyos-raspberry-multipack-5-x-bear
Hand Cooked Crisps,"Aldi,Specially Selected","Plant-based foods and beverages, Plant-based foods, Snacks, Cereals and potatoes, Salty snacks, Appetizers, Chips and fries, Crisps, Potato crisps",2120.0,2.9,0.5,0.89,6.8,4.2,12.7225,8,C,68.0,B,https://world.openfoodfacts.org/product/4088600007878/hand-cooked-crisps-aldi
Special K Granola Chocolate,Kellogg's,"Plant-based foods and beverages, Plant-based foods, Breakfasts, Cereals and potatoes, Cereals and their products, Breakfast cereals, en:mueslis-with-chocolate",1960.0,4.0,13.1,0.0222,9.33,9.56,0.0,4,C,62.0,B,https://world.openfoodfacts.org/product/5059319016481/special-k-granola-chocolate-imp-kellogg-s
"No Milk Hafer 3,5% Fett","Lidl,Vemondo","Beverages and beverages preparations,Plant-based foods and beverages,Beverages,Plant-based foods,Cereals and potatoes,Dairy substitutes,Cereals and their products,Milk substitutes,Plant-based beverages,Plant-based milk alternatives,Cereal-based drinks,Oat-based drinks",222.0,0.3,1.2,0.13,0.8,1.1,4.415,-1,C,61.0,B,https://world.openfoodfacts.org/product/4056489708995/no-milk-hafer-3-5-fett-lidl
JOKER LE BIO MULTIFRUIT 1L,Joker,"Plant-based foods and beverages, Beverages, Plant-based beverages, Fruit-based beverages, Juices and nectars, Fruit nectars, Multifruit nectars, en:fruit-juices",167.0,0.0,8.6,0.0,0.0,0.0,94.19921875,-3,C,46.0,C,https://world.openfoodfacts.org/product/3123349014433/joker-le-bio-multifruit-1l
Harvest Morn Corn Flakes,Aldi,"Plant-based foods and beverages,Plant-based foods,Breakfasts,Cereals and potatoes,Cereals and their products,Breakfast cereals,Flakes,Cereal flakes,Extruded cereals,Extruded flakes,Corn flakes",1645.0,0.2,6.3,0.56,7.6,1.8,0.0,2,C,25.0,E,https://world.openfoodfacts.org/product/4088600248646/harvest-morn-corn-flakes-aldi
Furrows Sea Salted imp,Tyrrell’s,"Plant-based foods and beverages, Plant-based foods, Snacks, Cereals and potatoes, Salty snacks, Appetizers, Chips and fries, Crisps, Potato crisps, Potato crisps in sunflower oil",2185.0,3.3,0.4,1.0,6.7,6.2,0.0,8,C,83.0,A,https://world.openfoodfacts.org/product/5060042643325/furrows-sea-salted-imp-tyrrell-s
Sea Salt & Vinegar Potato Chips,Popchips,"Plant-based foods and beverages, Plant-based foods, Snacks, Cereals and potatoes, Salty snacks, Appetizers, Chips and fries, Crisps, Potato crisps, Salt and vinegar crisps, Salty snacks made from potato",1807.0,1.5,3.0,1.0825,5.6,4.3,0.0,7,C,67.0,B,https://world.openfoodfacts.org/product/5060292308500/sea-salt-vinegar-potato-chips-popchips
Premium Tropical Muesli,"Crownfield, Simply Somptous","Plant-based foods and beverages, Plant-based foods, Breakfasts, Cereals and potatoes, Cereals and their products, Breakfast cereals, Cereals with fruits, Mueslis, Mueslis with fruits",1470.0,1.8,28.0,0.03,6.2,6.2,45.0,7,C,62.0,B,https://world.openfoodfacts.org/product/20086855/premium-tropical-muesli-crownfield
Dessert fruitier Pomme Châtaigne,Andros,"Plant-based foods and beverages,Plant-based foods,Fruits and vegetables based foods,Desserts,Fruits based foods,Compotes,Apple compotes,Chestnut applesauces",544.0,0.0,27.0,0.0,0.5,1.8,96.0,1,C,78.0,A,https://world.openfoodfacts.org/product/3608580006633/dessert-fruitier-pomme-chataigne-andros
Corn flakes,"Carrefour BIO,Carrefour","Plant-based foods and beverages,Plant-based foods,Breakfasts,Cereals and potatoes,Cereals and their products,Breakfast cereals,Flakes,Cereal flakes,Extruded cereals,Extruded flakes,Corn flakes,Plain corn flakes",1628.0,0.2,2.0,0.45,7.4,2.7,0.0,0,C,49.0,C,https://world.openfoodfacts.org/product/3560071267582/cornflakes-carrefour-bio
Coconut Milk,Aldi/Actileaf,"Beverages and beverages preparations, Plant-based foods and beverages, Beverages, Dairy substitutes, Milk substitutes, Plant-based beverages, Plant-based milk alternatives, Coconut-based drinks, en:coconut-milks-and-creams",106.0,1.0,2.5,0.1275,0.3,0.2,5.0,0,C,58.0,C,https://world.openfoodfacts.org/product/4061459329001/coconut-milk-aldi-actileaf
Bio-Haferdrink Natur,"Aldi, DE-VAU-GE Gesundkostwerk, Mona Naturprodukte, My Vay, ALDI MYVAY","beverages-and-beverages-preparations, plant-based-foods-and-beverages, beverages, plant-based-foods, cereals-and-potatoes, dairy-substitutes, cereals-and-their-products, milk-substitutes, plant-based-beverages, plant-based-milk-alternatives, cereal-based-drinks, oat-based-drinks, de:getreide-und-kartoffeln, de:getreidemilch, de:getreideprodukte, getränke, de:hafermilch, de:milchersatz, de:pflanzenmilch, pflanzliche-getränke, de:pflanzliche-lebensmittel, pflanzliche-lebensmittel-und-getränke",170.0,0.1,4.2,0.08,0.7,0.5,0.0,1,C,83.0,A,https://world.openfoodfacts.org/product/4061459133271/bio-haferdrink-natur-aldi
Smooth Orange Juice,Tropicana,"Plant-based foods and beverages, Beverages, Plant-based beverages, Fruit-based beverages, Juices and nectars, Fruit juices, Orange juices, Squeezed juices, Squeezed orange juices",172.0,0.0,8.6,0.0,0.8,0.0,100.0,-3,C,57.0,C,https://world.openfoodfacts.org/product/5022313729824/smooth-orange-juice-tropicana
Red Fruit Benefit,Harvest Morn,"Plant-based foods and beverages, Plant-based foods, Breakfasts, Cereals and potatoes, Cereals and their products, Breakfast cereals, Cereals with fruits, Extruded cereals, Cereal flakes with fruits",1597.0,0.4,17.4,0.2,8.4,6.2,3.7,1,C,25.0,E,https://world.openfoodfacts.org/product/4088600248585/red-fruit-benefit-harvest-morn
Classic Houmous,Sainsbury's,"Plant-based foods and beverages, Plant-based foods, Condiments, Spreads, Plant-based spreads, Salted spreads, Sauces, Dips, Hummus, Classic hummus, Groceries",1223.0,3.0,0.6,0.8,6.7,4.0,43.125,2,C,73.0,B,https://world.openfoodfacts.org/product/00426800/classic-houmous-sainsbury-s
Granola,Sainsbury's,"Plant-based foods and beverages, Plant-based foods, Cereals and potatoes, Seeds, Cereals and their products, Cereal grains, en:mueslis",1751.0,3.1,20.1,0.03,10.1,6.3,12.75,9,C,57.0,C,https://world.openfoodfacts.org/product/01835588/granola-sainsbury-s
Lightly salted,walkers,"Plant-based foods and beverages, Plant-based foods, Snacks, Cereals and potatoes, Salty snacks, Appetizers, Chips and fries, Crisps, Potato crisps",2210.0,2.4,0.4,0.67,6.4,6.4,6.4175,5,C,68.0,B,https://world.openfoodfacts.org/product/5000328013305/lightly-salted-walkers
Sunflower oil,Tesco,"Plant-based foods and beverages, Plant-based foods, Fats, Vegetable fats, Vegetable oils, Sunflower seeds and their products, Sunflower oils",3700.0,11.0,0.0,0.0,0.0,0.0,0.0,20,C,54.0,C,https://world.openfoodfacts.org/product/5000119018663/sunflower-oil-tesco
Country crisp miel & noix,Jordans,"Plant-based foods and beverages,Plant-based foods,Breakfasts,Cereals and potatoes,Cereals and their products,Breakfast cereals,Crunchy cereal clusters",1909.0,2.0,21.8,0.03,9.4,5.5,12.625,7,C,25.0,E,https://world.openfoodfacts.org/product/5010477361172/country-crisp-miel-noix-jordans
apple rice cake cloud,Organix,"Plant-based foods and beverages, Plant-based foods, Cereals and potatoes, Cereals and their products, Puffed cereal cakes, Puffed rice cakes",1647.0,0.1,7.8,0.08,6.3,0.6,13.0,4,C,44.0,D,https://world.openfoodfacts.org/product/5024121804120/apple-rice-cake-cloud-organix
Crunchy Chocolat noir intense,"Carrefour, Carrefour Sensation","Plant-based foods and beverages, Plant-based foods, Breakfasts, Cereals and potatoes, Cereals and their products, Breakfast cereals, Chocolate cereals, Mueslis, Mueslis with chocolate, Breakfast cereals rich in fibre, Crunchy cereal clusters, en:cereal-clusters-with-chocolate",1851.0,3.8,19.0,0.1,10.0,9.0,0.0,6,C,63.0,B,https://world.openfoodfacts.org/product/3560071013035/crunchy-chocolat-noir-intense-carrefour
Tomato Puree,Napolina,"Plant-based foods and beverages,Plant-based foods,Fruits and vegetables based foods,Condiments,Vegetables based foods,Sauces,Tomatoes and their products,Tomato sauces,Tomato purées",373.0,0.0,15.6,0.35,4.5,2.3,75.0,1,C,82.0,A,https://world.openfoodfacts.org/product/5010061000098/tomato-puree-napolina
Innocent jus pomme & framboise 900ml,Innocent,"Plant-based foods and beverages, Beverages, Plant-based beverages, Fruit-based beverages, Juices and nectars, Fruit juices, Multifruit juices, Squeezed-juices, en:squeezed-fruit-juices",181.0,0.0,9.33,0.0,0.193,0.667,91.0,-3,C,30.0,D,https://world.openfoodfacts.org/product/5038862165501/innocent-jus-pomme-framboise-900ml
Flora Rica en Omega 3,Flora,"Plant-based foods and beverages, Plant-based foods, Fats, Spreads, Plant-based spreads, Spreadable fats, Vegetable fats, Margarines, en:salted-spreads",2198.0,13.0,0.4,0.2,0.4,0.0,32.8,16,C,59.0,C,https://world.openfoodfacts.org/product/8719200234826/flora-rica-en-omega-3
Fruit and nut muesli,Waitrose,"Plant-based foods and beverages, Plant-based foods, Breakfasts, Cereals and potatoes, Cereals and their products, Breakfast cereals, Cereals with fruits, Mueslis, Mueslis with fruits",1625.0,3.7,19.1,0.03,8.9,8.6,36.0,5,C,67.0,B,https://world.openfoodfacts.org/product/5000169070857/fruit-and-nut-muesli-waitrose
Soft Pitted Apricots,Alesto,"Plant-based foods and beverages, Plant-based foods, Fruits and vegetables based foods, Fruits based foods, Dried products, Dried plant-based foods, Dried fruits, Soft-pitted-apricot, en:dried-apricots",911.0,0.1,43.8,0.08,2.5,7.1,66.6666666666667,6,C,44.0,D,https://world.openfoodfacts.org/product/4056489756286/soft-pitted-apricots-alesto
NESQUIK Moins de Sucres Poudre Cacaotée,"Nestlé, Nesquik","Beverages, Cocoa and its products, Cocoa and chocolate powders, Instant beverages, Cocoa powders, Chocolate-powders, Cocoa powder for beverages with sugar fortified with vitamins and chemical elements, en:instant-chocolate-powders",1370.0,2.2,25.0,0.08,9.1,29.6,0.0,6,C,51.0,C,https://world.openfoodfacts.org/product/7613036352734/nesquik-moins-de-sucres-poudre-cacaotee-nestle
PRIME Meta Moon,PRIME,"Plant-based foods and beverages,Beverages,Plant-based beverages,Fruit-based beverages,Still fruit soft drinks",16.8,0.0,0.4,0.004,0.0,0.0,0.0,0,C,65.0,B,https://world.openfoodfacts.org/product/0850040427110/prime-meta-moon
Knorr Soupe Déshydratée Douceur d'Asperges 3 Portions,"Knorr®, Unilever®","Plant-based foods and beverages,Plant-based foods,Fruits and vegetables based foods,Meals,Dried products,Dried products to be rehydrated,Soups,Cream soups,Dried meals,Vegetable soups,Cream of vegetable soups,Dehydrated soups,Cream of asparagus soups",1959.0,15.0,5.7,5.4,8.7,3.6,19.725,33,C,73.0,B,https://world.openfoodfacts.org/product/3011360083302/douceurs-d-asperges-knorr
Rice snaps,Asda,"Plant-based foods and beverages, Plant-based foods, Breakfasts, Cereals and potatoes, Cereals and their products, Breakfast cereals, en:puffed-cereals",1637.0,0.4,4.9,0.53,7.9,1.6,0.0,3,C,39.0,D,https://world.openfoodfacts.org/product/5057172220830/rice-snaps-asda
Linsen Chips Paprika Style,funny-frisch,"Plant-based foods and beverages,Plant-based foods,Legumes and their products,Snacks,Legumes,Salty snacks,Seeds,Appetizers,Chips and fries,Legume seeds,Crisps,Pulses,Lentils",1900.0,2.0,3.9,1.6,13.0,5.4,37.0,9,C,82.0,A,https://world.openfoodfacts.org/product/4003586104120/linsen-chips-paprika-style-funny-frisch
Bebida de Almendras,Milbona,"Beverages and beverages preparations,Plant-based foods and beverages,Beverages,Plant-based foods,Dairy substitutes,Milk substitutes,Nuts and their products,Plant-based beverages,Plant-based milk alternatives,Nut-based drinks,Almond-based drinks,Sweetened beverages",103.0,0.1,3.1,0.14,0.4,0.4,2.0,0,C,70.0,B,https://world.openfoodfacts.org/product/20659325/bebida-de-almendras-milbona
"Tropicana 100% oranges pressées avec pulpe format familial 1,5 L",Tropicana,"Beverages and beverages preparations,Plant-based foods and beverages,Beverages,Plant-based beverages,Fruit-based beverages,Juices and nectars,Fruit juices,Orange juices,Squeezed fruit juices,Orange juices with pulp,Squeezed orange juices",179.0,0.0,8.6,0.0,0.8,0.8,100.0,-3,C,44.0,D,https://world.openfoodfacts.org/product/3502110005243/tropicana-100-oranges-pressees-avec-pulpe-format-familial-1-5-l
Super Berry Granola,Deluxe,"Plant-based foods and beverages, Plant-based foods, Breakfasts, Cereals and potatoes, Cereals and their products, Breakfast cereals, Cereals with fruits, Mueslis",1774.0,1.3,17.2,0.03,11.3,6.5,21.2727272727273,5,C,62.0,B,https://world.openfoodfacts.org/product/4056489239888/super-berry-granola-deluxe
PET 1.2L MAYTEA FRAMBOISE,May Tea,"Beverages and beverages preparations, Plant-based foods and beverages, Beverages, Tea-based beverages, Iced teas, en:sweetened-beverages",84.0,0.0,4.7,0.03,0.0,0.0,1.0,1,C,61.0,B,https://world.openfoodfacts.org/product/3124480195340/pet-1-2l-maytea-framboise-may-tea
Soft Pitted Apricots,Alesto,"Plant-based foods and beverages, Plant-based foods, Fruits and vegetables based foods, Fruits based foods, Dried products, Dried plant-based foods, Dried fruits, en:dried-apricots",907.0,0.333,45.7,0.0667,2.67,7.0,66.6666666666667,7,C,49.0,C,https://world.openfoodfacts.org/product/4056489900344/soft-pitted-apricots-alesto
Orange Juice smooth from concentrate,Tesco,"Plant-based foods and beverages, Beverages, Plant-based beverages, Fruit-based beverages, Juices and nectars, Fruit juices, Fruit juices from concentrate, Orange juices, Orange juices from concentrate",199.0,0.1,10.5,0.0,0.5,0.1,100.0,-2,C,85.0,A,https://world.openfoodfacts.org/product/5000119010643/orange-juice-smooth-from-concentrate-tesco
Crunchy peanut butter,Grandessa,"Plant-based foods and beverages, Plant-based foods, Legumes and their products, Spreads, Nuts and their products, Plant-based spreads, Oilseed purees, Legume butters, Nut butters, Peanut butters, en:crunchy-peanut-butters",2694.0,8.4,6.6,0.84,26.1,7.4,94.0,3,C,25.0,E,https://world.openfoodfacts.org/product/4088600296722/crunchy-peanut-butter-grandessa
Velouté tomates,ROYCO,"Plant-based foods and beverages,Plant-based foods,Fruits and vegetables based foods,Dried products,Meals,Dried products to be rehydrated,Soups,Dried meals,Vegetable soups,Dehydrated soups,Dehydrated tomato soup,fr:fabriqué en France",151.0,0.4,3.1,0.69,0.5,0.4,24.0655212402344,3,C,71.0,B,https://world.openfoodfacts.org/product/3036815424394/veloute-tomates-royco
Kombucha Fraise et Pêche,Nexba,"Beverages, Fermented foods, Fermented drinks, Tea-based beverages, Kombuchas, Boissons et préparations de boissons, Boissons gazeuses, Boisson gazeuse aux fruits",8.0,0.0,0.0,0.02,0.0,0.0,0.0,0,C,57.0,C,https://world.openfoodfacts.org/product/5060770730274/kombucha-strawberry-peach-nexba
chips saveur barbecue,Lay's,"Plant-based foods and beverages, Plant-based foods, Snacks, Cereals and potatoes, Salty snacks, Appetizers, Chips and fries, Crisps, Potato crisps, en:flavoured-potato-crisps",2104.0,2.1,2.8,0.65,6.5,5.3,9.5,6,C,73.0,B,https://world.openfoodfacts.org/product/3168930174554/chips-saveur-barbecue-lay-s
Sunflower Oil,Sainsbury's,"Plant-based foods and beverages, Plant-based foods, Fats, Vegetable fats, Vegetable oils, Sunflower seeds and their products, Sunflower oils",3404.0,10.1,0.5,0.01,0.5,0.5,0.0,20,C,52.0,C,https://world.openfoodfacts.org/product/00064491/sunflower-oil-sainsbury-s
Naturel Chips,Lay's,"Plant-based foods and beverages,Plant-based foods,Snacks,Cereals and potatoes,Salty snacks,Appetizers,Chips and fries,Meals,Crisps,Potato crisps,Potato crisps in sunflower oil",2146.0,2.9,0.5,0.835,6.2,5.2,7.0,8,C,68.0,B,https://world.openfoodfacts.org/product/8710398500410/naturel-chips-lay-s
Cuisson Pratique,planta fin,"Plant-based foods and beverages, Plant-based foods, Fats, Spreads, Plant-based spreads, Salted spreads, Spreadable fats, Vegetable fats, Margarines, Unsalted margarines, 80-unsalted-vegetable-fat-margarine-type",2555.0,6.4,0.0,0.87,0.0,0.0,78.0,15,C,73.0,B,https://world.openfoodfacts.org/product/8719200056626/cuisson-pratique-planta-fin
Extra Smooth Houmous,Sainsbury's,"Plant-based foods and beverages,Plant-based foods,Condiments,Spreads,Plant-based spreads,Salted spreads,Sauces,Dips,Hummus",1277.0,2.8,0.7,0.61,6.8,3.4,79.0,1,C,77.0,A,https://world.openfoodfacts.org/product/00494625/extra-smooth-houmous-sainsbury-s
Pitted Dates,Aldi,"Plant-based foods and beverages, Plant-based foods, Fruits and vegetables based foods, Fruits based foods, Dried products, Dried plant-based foods, Dried fruits, en:pitted-dates",1110.0,0.3,58.0,0.03,5.4,7.5,100.0,4,C,49.0,C,https://world.openfoodfacts.org/product/4088600565019/pitted-dates-aldi
Les Galettes Boulgour - Roquefort & Figues,Céréal Bio,"Plant-based foods and beverages, Plant-based foods, Meat alternatives, Vegetarian patties, en:meat-analogues",966.0,1.8,5.0,0.95,8.0,4.9,4.4,1,C,83.0,A,https://world.openfoodfacts.org/product/3175681216303/les-galettes-boulgour-roquefort-figues-cereal-bio
Tropicana Clémentine 1 L,Tropicana,"Plant-based foods and beverages, Beverages, Plant-based beverages, Fruit-based beverages, Juices and nectars, Fruit juices, Squeezed-juices, Clementine juices, en:squeezed-fruit-juices",211.0,0.0,10.0,0.0,0.6,1.1,100.0,-4,C,30.0,D,https://world.openfoodfacts.org/product/3502110004000/tropicana-clementine-1-l
Super smoothie Défense,Innocent,"Plant-based foods and beverages, Beverages, Plant-based beverages, Fruit-based beverages, Juices and nectars, Fruit juices, Multifruit juices, en:smoothies",240.0,0.5,10.0,0.1,0.0,1.2,99.0,-4,C,48.0,C,https://world.openfoodfacts.org/product/5038862235235/super-smoothie-defense-innocent
Kombucha Fleur de sureau & Citron,Nexba,"Beverages, Fermented foods, Fermented drinks, Tea-based beverages, Kombuchas, Boissons et préparations de boissons, Boissons gazeuses, Boisson gazeuse aux fruits",2.0,0.0,0.0,0.14,0.0,0.0,0.0,0,C,58.0,C,https://world.openfoodfacts.org/product/5060770730267/kombucha-elderflower-lemon-nexba
Marmite Oven Baked Cashews,Marmite,"Plant-based foods and beverages, Plant-based foods, Nuts and their products, Nuts, Cashew nuts",2394.0,8.5,5.1,1.5,21.0,4.2,91.02109375,7,C,23.0,E,https://world.openfoodfacts.org/product/5055958704215/marmite-oven-baked-cashews
Candy up goût chocolat,Candia,"beverages, dairies, dairy-drinks, flavoured-milks, fr:boissons, boissons-lactées, laits-aromatisés, laits-aromatisés-au-chocolat, fr:produits-laitiers, en:chocolate-milks",263.0,0.6,9.7,0.09,3.2,0.6,0.0,1,C,38.0,D,https://world.openfoodfacts.org/product/3176571731289/candy-up-gout-chocolat-candia
Bebida de arroz y avellana,Hacendado,"Plant-based foods and beverages, Beverages, Plant-based foods, Cereals and potatoes, Dairy substitutes, Cereals and their products, Nuts and their products, Plant-based beverages, Milk substitutes, Plant-milks, Cereal-milks, Nut-milks, Rice-milks, Hazelnut-milks, Mixed plant milks, en:cereal-based-drinks",208.0,0.2,3.8,0.08,0.6,0.4,3.0,1,C,59.0,C,https://world.openfoodfacts.org/product/8480000138484/bebida-de-arroz-y-avellana-hacendado
Sweet & Salty Peanut Butter,Pip & Nut,"Plant-based foods and beverages, Plant-based foods, Legumes and their products, Spreads, Plant-based spreads, Oilseed purees, Legume butters, Peanut butters, en:nut-butters",2469.0,12.6,10.2,0.91,20.5,7.9,0.0,17,C,35.0,D,https://world.openfoodfacts.org/product/5060367181540/sweet-salty-peanut-butter-pip-nut
Cacahuètes grillées à sec,Alesto,"Plant-based foods and beverages, Plant-based foods, Legumes and their products, Snacks, Legumes, Salty snacks, Nuts and their products, Nuts, Roasted nuts, Peanuts, Salted nuts, Roasted peanuts, Salted peanuts",2485.0,6.4,6.1,1.3,26.0,10.4,94.15,1,C,33.0,D,https://world.openfoodfacts.org/product/20921002/cacahuetes-grillees-a-sec-alesto
jus de clémentines pressées,Andros,"Plant-based foods and beverages, Beverages, Plant-based beverages, Fruit-based beverages, Juices and nectars, Fruit juices, Squeezed-juices, Clementine juices, en:squeezed-fruit-juices",187.0,0.0,10.0,0.0,0.7,0.2,100.0,-3,C,31.0,D,https://world.openfoodfacts.org/product/3045320104172/jus-de-clementines-pressees-andros
Knorr Soupe Liquide Mouliné de Légumes Variés 1L,Knorr,"Plant-based foods and beverages, Plant-based foods, Fruits and vegetables based foods, Meals, Soups, Cream soups, Reheatable soups, Vegetable soups, Cream of vegetable soups",108.0,0.2,1.3,0.67,0.8,1.0,0.0,2,C,82.0,A,https://world.openfoodfacts.org/product/8714100769362/knorr-soupe-liquide-mouline-de-legumes-varies-1l
Tropical Fruits Granola,Tesco,"Plant-based foods and beverages, Plant-based foods, Fruits and vegetables based foods, Breakfasts, Cereals and potatoes, Cereals and their products, Fruits based foods, Breakfast cereals, Fruits, Cereals with fruits, Mueslis, Tropical fruits, Mueslis with fruits",1787.0,3.0,17.1,0.03,9.7,6.9,26.55,6,C,52.0,C,https://world.openfoodfacts.org/product/5051399536071/tropical-fruits-granola-tesco
Tropical Fruits Granola,Harvest Morn,"Plant-based foods and beverages, Plant-based foods, Breakfasts, Cereals and potatoes, Cereals and their products, Breakfast cereals, Cereals with fruits, Mueslis, Mueslis with fruits",1814.0,4.4,19.1,0.03,10.0,6.8,14.7552083333333,8,C,52.0,C,https://world.openfoodfacts.org/product/4088600169873/tropical-fruits-granola-harvest-morn
Pistachios Roasted & Salted,Alesto,"Plant-based foods and beverages,Plant-based foods,Snacks,Salty snacks,Nuts and their products,Nuts,Pistachios,Roasted pistachios,Salted nuts,Pistachio nut grilled salted,Salted pistachios",2507.0,6.3,5.6,1.78,26.5,7.6,98.2,3,C,34.0,D,https://world.openfoodfacts.org/product/4056489405740/pistachios-roasted-salted-alesto
Salt And Vinegar Flavour Peanuts,KP,"Plant-based foods and beverages, Plant-based foods, Legumes and their products, Snacks, Legumes, Salty snacks, Nuts and their products, Nuts, Peanuts",2550.0,7.9,5.5,1.18,29.0,8.4,86.74,1,C,39.0,D,https://world.openfoodfacts.org/product/5000237124673/salt-and-vinegar-flavour-peanuts-kp
Dattes Deglet Nour,"Lidl, Alesto","Plant-based foods and beverages,Plant-based foods,Fruits and vegetables based foods,Fruits based foods,Dried products,Fruits,Dried plant-based foods,Dried fruits,Dates,Deglet Noor dates",1200.0,0.0,65.0,0.1,1.8,7.3,100.0,7,C,61.0,B,https://world.openfoodfacts.org/product/4056489362043/dattes-deglet-nour-lidl
Fruit Muesli,Tesco,"Plant-based foods and beverages, Plant-based foods, Breakfasts, Cereals and potatoes, Cereals and their products, Breakfast cereals, Cereals with fruits, Mueslis, Mueslis with fruits",1455.0,0.7,28.8,0.03,7.8,7.4,99.1050347222222,-2,C,67.0,B,https://world.openfoodfacts.org/product/5059697769313/fruit-muesli-tesco
Boisson à la noisette,"Marque Repère, NAT&vie","Plant-based foods and beverages, Beverages, Plant-based foods, Dairy substitutes, Milk substitutes, Nuts and their products, Plant-based beverages, Plant-based milk alternatives, Nut-based drinks, Hazelnut-based drinks, Sweetened beverages",127.0,0.3,3.1,0.13,0.5,0.5,2.5,0,C,73.0,B,https://world.openfoodfacts.org/product/3564700868553/nat-et-vie-noisette-marque-repere
Chocapic,Nestlé,"Plant-based foods and beverages,Plant-based foods,Breakfasts,Cereals and potatoes,Cereals and their products,Breakfast cereals,Chocolate cereals,Chocolate wheat shells",1642.0,1.3,22.4,0.22,8.9,7.7,0.0,5,C,40.0,D,https://world.openfoodfacts.org/product/8410100027463/chocapic-nestle
Medjool Dates,Tesco,"Plant-based foods and beverages,Plant-based foods,Fruits and vegetables based foods,Fruits based foods,Dried products,Fruits,Dried plant-based foods,Dried fruits,Dates,Medjool dates",1188.0,0.1,54.5,0.01,2.0,7.0,100.0,7,C,49.0,C,https://world.openfoodfacts.org/product/03457597/medjool-dates-tesco
LE PUR JUS Multifruits,Joker,"Aliments et boissons à base de végétaux, Boissons, Boissons à base de végétaux, Boissons aux fruits, Jus et nectars, Jus de fruits, Jus multifruits, Jus de fruits pur jus, Jus multifruits pur jus",204.0,0.0,9.8,0.0,0.5,0.0,99.6527777777778,-3,C,26.0,E,https://world.openfoodfacts.org/product/3123340003054/le-pur-jus-multifruits-joker
Apple Juice Drink,JUICEBURST,"Plant-based foods and beverages,Beverages,Plant-based beverages,Fruit-based beverages,Juices and nectars,Fruit juices,Unsweetened beverages,Apple juices",178.0,0.1,10.5,0.01,0.5,0.5,95.0,-2,C,50.0,C,https://world.openfoodfacts.org/product/5038512005041/apple-juice-drink-juiceburst
Caribbean Rice & Peas Basmati Rice,Tilda,"Plant-based foods and beverages, Plant-based foods, Cereals and potatoes, Seeds, Cereals and their products, Cereal grains, Rices",544.0,2.32,1.04,0.36,3.2,2.24,12.4,1,C,17.0,E,https://world.openfoodfacts.org/product/5011157994352/caribbean-rice-peas-basmati-rice-tilda
Finest Sea Salt And Black Pepper Crisps,Tesco finest,"Plant-based foods and beverages, Plant-based foods, Snacks, Cereals and potatoes, Salty snacks, Appetizers, Chips and fries, Crisps, Potato crisps, Potato crisps in rapeseed oil, en:potato-crisps-in-sunflower-oil",2073.0,2.9,0.8,0.6,5.6,5.2,22.7272727272727,4,C,73.0,B,https://world.openfoodfacts.org/product/5057008234574/finest-sea-salt-and-black-pepper-crisps-tesco-finest
Roasted & Salted Peanuts,Simply...,"Plant-based foods and beverages, Plant-based foods, Legumes and their products, Snacks, Legumes, Salty snacks, Nuts and their products, Nuts, Roasted nuts, Peanuts, Salted nuts, Roasted peanuts, Salted peanuts",2546.0,6.4,4.0,1.22,26.3,8.0,100.0,1,C,28.0,E,https://world.openfoodfacts.org/product/4056489823957/roasted-salted-peanuts-simply
Pistaches grillées à sec,"Marque Repère, Tokapi","Plant-based foods and beverages,Nuts and their products,Nuts,Pistachios,Roasted pistachios,Salted nuts,Salted pistachios",2531.0,6.5,9.0,0.8,25.0,8.6,99.0,-1,C,27.0,E,https://world.openfoodfacts.org/product/3564700397114/pistaches-grillees-a-sec-marque-repere
Choco Krispies,Kellogg's,"Plant-based foods and beverages, Plant-based foods, Breakfasts, Cereals and potatoes, Cereals and their products, Breakfast cereals, Chocolate cereals, en:puffed-cereals",1637.0,0.9,17.0,0.64,6.3,3.8,0.0,8,C,25.0,E,https://world.openfoodfacts.org/product/5059319023410/choco-krispies-kellogg-s
beeren crunchy,"DmBio, dm","Plant-based foods and beverages, Plant-based foods, Breakfasts, Cereals and potatoes, Cereals and their products, Breakfast cereals, en:mueslis-with-fruits",1724.0,1.7,16.0,0.2,9.4,7.1,12.5555555555556,1,C,89.0,A,https://world.openfoodfacts.org/product/4066447530209/beeren-crunchy-dmbio
Soft apricots,Tesco,"Plant-based foods and beverages, Plant-based foods, Fruits and vegetables based foods, Fruits based foods, Dried products, Dried plant-based foods, Dried fruits, Dried apricots",795.0,0.1,41.0,0.1,2.0,5.8,66.6666666666667,6,C,44.0,D,https://world.openfoodfacts.org/product/5031021361226/soft-apricots-tesco
Pomme,Carrefour,"Plant-based foods and beverages,Plant-based foods,Cereal bars,Fruits cereal bars,Apple cereal bars",1480.0,0.9,23.0,0.34,4.7,17.0,12.0,4,C,67.0,B,https://world.openfoodfacts.org/product/3560071177294/cereal-bars-with-apple-carrefour
Gluten Free Pizza Base 2 x (300g),Schär,"Plant-based foods and beverages, Plant-based foods, Cereals and potatoes, Bakery products, Pizza dough",1231.0,0.5,2.7,1.3,3.0,4.7,0.0,4,C,70.0,B,https://world.openfoodfacts.org/product/8008698002025/gluten-free-pizza-base-2-x-300g-schar
Hummus - Pikant,"Kühlmann,Wonnemeyer","Plant-based foods and beverages,Plant-based foods,Condiments,Spreads,Plant-based spreads,Salted spreads,Sauces,Dips,Hummus",1321.0,2.3,4.6,1.42,7.3,4.3,70.3225,7,C,78.0,A,https://world.openfoodfacts.org/product/4061458024037/hummus-pikant-kuhlmann
Nuez de Brasil Natural,Hacendado,"Plant-based foods and beverages,Plant-based foods,Nuts and their products,Nuts,Shelled nuts,Unshelled nuts,Brazil nuts,Unsalted brazil nuts,Unshelled Brazil nuts",2781.0,15.1,1.6,0.37,16.7,8.3,100.0,1,C,32.0,D,https://world.openfoodfacts.org/product/8480000342362/nuez-de-brasil-natural-hacendado
Crunchy peanut butter,Lidl,"Plant-based foods and beverages, Plant-based foods, Legumes and their products, Spreads, Nuts and their products, Plant-based spreads, Oilseed purees, Legume butters, Nut butters, Peanut butters, Crunchy peanut butters",2540.0,9.5,6.4,1.02,25.0,8.4,0.0,15,C,25.0,E,https://world.openfoodfacts.org/product/4056489615927/crunchy-peanut-butter-lidl
Vegane Pommersche Apfel und Zwieben,"Rügenwalder,Rügenwalder Mühle","Plant-based foods and beverages, Plant-based foods, Meats and their products, Spreads, Vegan products, Plant-based spreads, Salted spreads, Meat alternatives, Liverwurst spread substitutes, en:vegetarian-sausages",908.0,1.2,4.5,2.0,6.8,6.1,46.505859375,7,C,68.0,B,https://world.openfoodfacts.org/product/4000405002377/vegane-pommersche-apfel-und-zwieben-rugenwalder
Sweet & Fiery Beetroot,"Tesco finest, Tesco","Plant-based foods and beverages, Plant-based foods, Fruits and vegetables based foods, Canned foods, Vegetables based foods, Canned plant-based foods, Vegetables, Canned vegetables, Fresh foods, Fresh plant-based foods, Beet, en:beetroot",393.0,0.1,19.7,0.6,1.3,2.1,98.1875,1,C,79.0,A,https://world.openfoodfacts.org/product/03278116/sweet-fiery-beetroot-tesco-finest
Processed mushy peas with sugar and salt,"Aldi,Four Seasons","Plant-based foods and beverages, Plant-based foods, Legumes and their products, Canned foods, Fruits and vegetables based foods, Legumes, Seeds, Canned plant-based foods, Legume seeds, Vegetables based foods, Canned vegetables, Pulses, Canned legumes, Green peas, Canned peas",316.0,0.1,0.9,0.43,4.7,2.5,0.0,-1,C,85.0,A,https://world.openfoodfacts.org/product/4088600172958/processed-mushy-peas-with-sugar-and-salt-aldi
Nestle Cheerios Honey 515g,Cheerios,"Plant-based foods and beverages,Plant-based foods,Breakfasts,Cereals and potatoes,Cereals and their products,Breakfast cereals,Extruded cereals",1605.0,0.8,22.3,0.67,8.7,8.5,0.0,6,C,25.0,E,https://world.openfoodfacts.org/product/7613287195234/nestle-cheerios-honey-515g
Granola Four Nut & Flame Raisin,Marks & Spencer,"Plant-based foods and beverages, Plant-based foods, Breakfasts, Cereals and potatoes, Cereals and their products, Breakfast cereals, Mueslis",1810.0,1.7,20.8,0.03,11.0,7.7,18.9166666666667,5,C,62.0,B,https://world.openfoodfacts.org/product/29310494/granola-four-nut-flame-raisin-marks-spencer
Sunflower oil,Aldi,"Plant-based foods and beverages, Plant-based foods, Fats, Vegetable fats, Vegetable oils, Sunflower seeds and their products, Sunflower oils",3404.0,10.0,0.5,0.01,0.5,0.5,0.0,19,C,44.0,D,https://world.openfoodfacts.org/product/4088600112510/sunflower-oil-aldi
Pur jus d'orange Bouteille PET 1L,U,"Beverages and beverages preparations, Plant-based foods and beverages, Beverages, Dairies, Plant-based beverages, Dairy drinks, Fruit-based beverages, Juices and nectars, Fruit juices, Orange juices, Fruit and milk beverages, en:squeezed-orange-juices",191.0,0.1,9.7,0.01,0.5,0.5,100.0,-3,C,22.0,E,https://world.openfoodfacts.org/product/3256229216587/pur-jus-d-orange-bouteille-pet-1l-u
popped potato snacks,popchips,"Plant-based foods and beverages,Plant-based foods,Snacks,Cereals and potatoes,Salty snacks,Appetizers,Chips and fries,Crisps,Potato crisps,Flavoured potato crisps,Barbecue crisps",1820.0,1.76,8.24,0.882,6.47,4.71,0.437418619791666,8,C,70.0,B,https://world.openfoodfacts.org/product/5000237139400/popped-potato-snacks-popchips
Lustucru ravioli chevre epinard 250g,Lustucru selection,"Plant-based foods and beverages, Plant-based foods, Meals, Pasta dishes, Pastas, Stuffed pastas, Ravioli, Fresh pasta, Fresh pasta stuffed with cheese and vegetables, en:pasta-stuffed-with-cheese",1132.0,2.8,4.4,0.93,8.8,2.3,20.0,5,C,50.0,C,https://world.openfoodfacts.org/product/3240931548098/lustucru-ravioli-chevre-epinard-250g-lustucru-selection
GARLIC & MOZZARELLA FILLED IN-FRY GNOCCHI - CRISP & CREAMY,RANA,"Plant-based foods and beverages,Plant-based foods,Cereals and potatoes,Meals,Cereals and their products,Pasta dishes,Pastas,Stuffed pastas,Cereal pastas,Gnocchi,Gnocchi of durum wheat semolina",913.0,1.4,4.3,1.5,7.0,5.0,2.5,7,C,81.0,A,https://world.openfoodfacts.org/product/8001665723466/garlic-mozzarella-filled-in-fry-gnocchi-crisp-creamy-rana
Choco Bollz,Carrefour,"Plant-based foods and beverages, Plant-based foods, Breakfasts, Cereals and potatoes, Cereals and their products, Breakfast cereals, Chocolate cereals, Extruded cereals, Chocolate cereal balls, en:puffed-cereals",1607.0,1.0,22.0,0.42,8.7,7.5,0.0,5,C,29.0,E,https://world.openfoodfacts.org/product/3560071090821/choco-ballz-carrefour
Knusprige Bio-Haferpops,"Aldi,Gut Bio,Brüggen","Plant-based foods and beverages,Plant-based foods,Breakfasts,Cereals and potatoes,Cereals and their products,Breakfast cereals,Extruded cereals",1643.0,0.9,15.0,0.98,12.0,9.5,0.0,5,C,49.0,C,https://world.openfoodfacts.org/product/4061458198424/knusprige-bio-haferpops-aldi
Oat drink,Rude health,"Plant-based foods and beverages, Beverages, Plant-based foods, Cereals and potatoes, Dairy substitutes, Cereals and their products, Milk substitutes, Plant-based beverages, Plant-based milk alternatives, Cereal-based drinks, Oat-based drinks",201.0,0.3,4.3,0.09,0.7,0.8,0.0,1,C,52.0,C,https://world.openfoodfacts.org/product/5060120285683/oat-drink-rude-health
Fruit & Fibre Flakes,M&S,"Plant-based foods and beverages,Plant-based foods,Breakfasts,Cereals and potatoes,Cereals and their products,Breakfast cereals,Cereal flakes with fruits",1616.0,3.7,19.0,0.28,9.1,9.2,23.0,6,C,25.0,E,https://world.openfoodfacts.org/product/29310562/fruit-fibre-flakes-m-s
Tartines crac form,Gerblé,"Plant-based foods and beverages,Plant-based foods,Snacks,Cereals and potatoes,Extruded crispbreads",1582.0,0.5,1.9,0.84,5.9,4.0,0.0,3,C,71.0,B,https://world.openfoodfacts.org/product/06163855/tartines-crac-form-gerble
Maille Cornichons Fins Bocal 300g,"Maille, Unilever","Plant-based foods and beverages, Plant-based foods, Fruits and vegetables based foods, Vegetable-based foods and beverages, Vegetables based foods, Vegetables, Cucumbers, Small cucumbers, Gherkins, Fine gherkins, en:pickled-cucumbers",58.0,0.1,0.7,2.3,0.6,0.5,54.15,10,C,79.0,A,https://world.openfoodfacts.org/product/3036810210275/maille-cornichons-fins-bocal-300g
Chocolate,AGROS,"en:Beverages and beverages preparations,Bebidas,Laticínios,Bebidas lácteas,Leites aromatizados,Leites com chocolate",262.0,0.8,9.2,0.13,3.4,0.5,0.0,1,C,30.0,D,https://world.openfoodfacts.org/product/5601192103101/chocolate-agros
Ice Tea Melocotón,Hacendado,"en:Beverages and beverages preparations,Alimentos e bebidas à base de plantas,Bebidas,Bebidas quentes,Bebidas à base de plantas,en:Beverage preparations,Chás,Bebidas artificialmente doçeadas,Bebidas instantâneas,Bebidas à base de chá,Chás gelados,Bebidas adoçadas",9.0,0.0,0.0,0.01,0.0,0.0,1.875,0,C,80.0,A,https://world.openfoodfacts.org/product/8480000113191/ice-tea-melocoton-hacendado
Marmite crunchy peanut butter,"Unilever,Marmite","Plant-based foods and beverages, Plant-based foods, Legumes and their products, Spreads, Nuts and their products, Plant-based spreads, Oilseed purees, Legume butters, Nut butters, Peanut butters, Crunchy peanut butters",2426.0,5.9000000953674,5.0,2.0,28.0,7.9,87.0,3,C,47.0,C,https://world.openfoodfacts.org/product/8711200496501/marmite-crunchy-peanut-butter-unilever
Mushy peas,Princes Freshona,"Plant-based foods and beverages, Plant-based foods, Fruits and vegetables based foods, Legumes and their products, Canned foods, Legumes, Seeds, Vegetables based foods, Canned plant-based foods, Legume seeds, Vegetables, Canned vegetables, Pulses, Canned legumes, Green peas, Canned peas, Peas",325.0,0.1,1.1,0.44,4.5,2.9,0.0,-2,C,77.0,A,https://world.openfoodfacts.org/product/20675165/mushy-peas-princes-freshona
"Knaki Végétale blé, œuf et pois",Herta,"Plant-based foods and beverages, Plant-based foods, Meat alternatives, Meat analogues, en:vegetarian-sausages",1105.0,1.4,2.2,1.3,16.0,2.1,25.99375,2,C,71.0,B,https://world.openfoodfacts.org/product/0643435937420/knaki-vegetale-ble-oeuf-et-pois-herta
Colossal olives,Aldi,"Plant-based foods and beverages, Plant-based foods, Pickles, Olive tree products, Plant-based pickles, Olives, Green olives",641.0,2.7,0.0,1.9,1.0,4.4,1.5,8,C,75.0,A,https://world.openfoodfacts.org/product/4088600506340/colossal-olives-aldi
COUNTRY CRISP RASPBERRIES,"Jordans, JORDANS","Plant-based foods and beverages, Plant-based foods, Breakfasts, Cereals and potatoes, Cereals and their products, Breakfast cereals, Cereals with fruits, Mueslis, Mueslis with fruits, en:cereal-clusters-with-fruits",1821.0,1.8,20.0,0.03,9.1,6.1,4.02678571428572,6,C,68.0,B,https://world.openfoodfacts.org/product/5010477304285/country-crisp-raspberries-jordans
Blue Machine Blueberry Smoothie,"Naked, PepsiCo","Plant-based foods and beverages, Beverages, Plant-based beverages, Smoothies",209.0,0.0,10.0,0.0,0.1,0.5,99.65,-3,C,49.0,C,https://world.openfoodfacts.org/product/5022313395401/blue-machine-blueberry-smoothie-naked
pur jus de 2 fruits pressés pomme et mangue,Innocent,"Plant-based foods and beverages, Beverages, Plant-based beverages, Fresh foods, Fruit-based beverages, Juices and nectars, Fruit juices, Multifruit juices, Squeezed-juices, fr:Jus de fruits pressés Pomme & Mangue, en:squeezed-fruit-juices",203.0,0.0,9.6,0.0,0.0,0.63,100.0,-3,C,25.0,E,https://world.openfoodfacts.org/product/5038862167505/pur-jus-de-2-fruits-presses-pomme-et-mangue-innocent
Ice Tea Limón,Hacendado,"Beverages and beverages preparations, Plant-based foods and beverages, Beverages, Hot beverages, Plant-based beverages, Teas, Artificially sweetened beverages, Tea-based beverages, Iced teas, Sweetened beverages, en:light-iced-teas",9.4,0.0,0.0,0.01,0.0,0.0,0.0,0,C,80.0,A,https://world.openfoodfacts.org/product/8480000113078/ice-tea-limon-hacendado
Brazil Nuts,The Foodie Market,"Plant-based foods and beverages,Plant-based foods,Nuts and their products,Nuts,Brazil nuts",2854.0,17.0,2.4,0.01,14.0,4.3,0.0,14,C,27.0,E,https://world.openfoodfacts.org/product/4088600272672/brazil-nuts-the-foodie-market
Veganer Schinken Spicker Bunter Pfeffer,Rügenwalder Mühle,"Plant-based foods and beverages,Plant-based foods,Meat alternatives,Meat analogues,Prepared meat cuts substitutes,Ham substitutes",479.0,0.7,1.5,2.3,2.2,7.0,23.125,6,C,72.0,B,https://world.openfoodfacts.org/product/4000405004999/veganer-schinken-spicker-bunter-pfeffer-rugenwalder-muhle
Smooth Peanut butter,Mister Choc,"Plant-based foods and beverages, Plant-based foods, Legumes and their products, Spreads, Nuts and their products, Plant-based spreads, Oilseed purees, Legume butters, Nut butters, Peanut butters",2536.0,9.9,6.6,1.25,24.7,8.3,71.075,14,C,25.0,E,https://world.openfoodfacts.org/product/4056489615910/smooth-peanut-butter-mister-choc
Juicy & Zingy Smooth Orange Juice,Sainsbury's,"Plant-based foods and beverages, Beverages, Plant-based beverages, Fruit-based beverages, Juices and nectars, Fruit juices, Orange juices",157.0,0.1,7.6,0.06,0.6,0.5,100.0,-3,C,51.0,C,https://world.openfoodfacts.org/product/01305333/juicy-zingy-smooth-orange-juice-sainsbury-s
Nature,Carrefour classic,"Plant-based foods and beverages,Plant-based foods,Snacks,Cereals and potatoes,Salty snacks,Appetizers,Chips and fries,Crisps,Potato crisps,Potato crisps in sunflower oil",2249.0,2.9,0.5,0.58,6.8,5.3,0.0,3,C,79.0,A,https://world.openfoodfacts.org/product/3245414649194/nature-carrefour-classic
Choco Rice,"Carrefour, Carrefour Kids","Plant-based foods and beverages, Plant-based foods, Breakfasts, Cereals and potatoes, Cereals and their products, Breakfast cereals, Chocolate cereals, en:puffed-cereals",1614.0,1.1,19.0,0.3,7.1,5.3,0.299999999999977,6,C,29.0,E,https://world.openfoodfacts.org/product/3560070800292/choco-rice-carrefour
Crok' fondant noisettes,Terres & céréales Bio,"Plant-based foods and beverages, Plant-based foods, Breakfasts, Cereals and potatoes, Cereals and their products, Breakfast cereals, Extruded cereals, Filled cereals, en:chocolate-cereals",1836.0,2.2,17.0,0.12,12.0,9.3,10.0,4,C,49.0,C,https://world.openfoodfacts.org/product/3421557502576/crok-fondant-noisettes-terres-cereales-bio
Fruit & fibre,Harvest Morn,"Plant-based foods and beverages,Plant-based foods,Breakfasts,Cereals and potatoes,Cereals and their products,Breakfast cereals,Cereals with fruits,Extruded cereals,Cereal flakes with fruits",1623.0,3.5,19.5,0.29,10.0,10.9,27.0,6,C,25.0,E,https://world.openfoodfacts.org/product/4088600248608/fruit-fibre-harvest-morn
Baked Salt and Vinegar Crisps,Walkers,"Plant-based foods and beverages, Plant-based foods, Snacks, Cereals and potatoes, Salty snacks, Appetizers, Chips and fries, Crisps, Potato crisps",1830.0,1.36,5.91,0.864,5.91,5.91,11.71875,6,C,68.0,B,https://world.openfoodfacts.org/product/5000328015910/baked-salt-and-vinegar-crisps-walkers
Lemon & Poppy Seed Oat Bars,Deliciously Ella,"Plant-based foods and beverages,Plant-based foods,Snacks,Cereals and potatoes,Desserts,Seeds,Sweet snacks,Cereals and their products,Cereal grains,Bars,Puddings,Cereal bars,Oat,Lemon-poppy-oat-bars",1800.0,8.8,18.6,0.04,7.2,5.6,7.26666666666666,13,C,66.0,B,https://world.openfoodfacts.org/product/5060482843422/lemon-poppy-seed-oat-bars-deliciously-ella
Medjool Dates,Sainsbury's,"Plant-based foods and beverages, Plant-based foods, Fruits and vegetables based foods, Fruits based foods, Fruits, Dates, Medjool dates",901.0,0.3,46.4,0.02,2.0,6.3,100.0,5,C,51.0,C,https://world.openfoodfacts.org/product/01587173/medjool-dates-sainsbury-s
Purée de patate douce à la crème,Picard,"Plant-based foods and beverages,Plant-based foods,Cereals and potatoes,Frozen foods,Meals,Prepared vegetables,Purées,Mashed vegetables,Potato preparations,Frozen ready-made meals,Mashed potatoes,Sweet potato puree cooked with cream,fr:Purées de patates douces",320.0,1.3,6.4,0.38,0.8,2.0,0.0,1,C,87.0,A,https://world.openfoodfacts.org/product/3270160503148/puree-de-patate-douce-a-la-creme-picard
Apple & Blueberry Flavour,Quaker,"Plant-based foods and beverages, Plant-based foods, Flakes, Rolled flakes, Quick oats, en:cereal-flakes",1569.0,1.1,22.0,0.45,15.0,6.4,0.0,7,C,53.0,C,https://world.openfoodfacts.org/product/5000108575443/apple-blueberry-flavour-quaker
Original Curry Flavour Noodles,Pot Noodle,"Plant-based foods and beverages, Plant-based foods, Cereals and potatoes, Cereals and their products, Dried products, Pastas, Dried products to be rehydrated, Noodles, Instant noodles",573.0,0.557,1.9,0.459,2.59,0.689,5.52,2,C,58.0,C,https://world.openfoodfacts.org/product/5000118203480/original-curry-flavour-noodles-pot-noodle
Salted Peanuts,Snackrite,"Plant-based foods and beverages, Plant-based foods, Legumes and their products, Snacks, Legumes, Salty snacks, Nuts and their products, Nuts, Peanuts, Salted nuts, Salted peanuts",2635.0,7.6,3.5,0.86,27.8,4.7,99.57,3,C,43.0,D,https://world.openfoodfacts.org/product/4088600277967/salted-peanuts-snackrite
Rösti classic,Alpen Fest,"Plant-based foods and beverages, Plant-based foods, Cereals and potatoes, Prepared vegetables, Potato preparations, Rostis, en:frozen-potato-rostis",402.0,0.3,0.2,0.9,1.8,2.0,2.9171875,3,C,79.0,A,https://world.openfoodfacts.org/product/4056489551911/rosti-classic-alpen-fest
Kombucha,Remedy,"Beverages, Fermented foods, Fermented drinks, Tea-based beverages, Kombuchas",8.0,0.1,0.0,0.01,0.5,0.5,5.55555555555556,0,C,43.0,D,https://world.openfoodfacts.org/product/9350271002632/kombucha-remedy
high fibre mixed fruit muesli,co op,"Plant-based foods and beverages,Plant-based foods,Breakfasts,Cereals and potatoes,Cereals and their products,Breakfast cereals,Mueslis,Mueslis with fruits",1481.0,1.9,23.0,0.03,8.1,6.3,40.0,6,C,62.0,B,https://world.openfoodfacts.org/product/5000129339826/high-fibre-mixed-fruit-muesli-co-op
Beurre de cacahuète,Skippy,"Plant-based foods and beverages,Plant-based foods,Legumes and their products,Spreads,Nuts and their products,Plant-based spreads,Oilseed purees,Legume butters,Nut butters,Peanut butters,Creamy peanut butters",2390.0,10.0,3.7,1.0,25.0,7.4,99.1666666666667,3,C,35.0,D,https://world.openfoodfacts.org/product/0037600311052/beurre-de-cacahuete-skippy
croustillant chocolat au lait,Bjorg,"Plant-based foods and beverages, Plant-based foods, Breakfasts, Cereals and potatoes, Cereals and their products, Frozen foods, Breakfast cereals, Chocolate cereals, Mueslis, Mueslis with chocolate, Breakfast cereals rich in fibre, en:cereal-clusters-with-chocolate",1870.0,4.0,14.0,0.48,10.0,9.2,0.296875,6,C,87.0,A,https://world.openfoodfacts.org/product/3229820801056/croustillant-chocolat-au-lait-bjorg
Suc de portocale din concentrat,Solevita,"en:Beverages and beverages preparations,Alimente și băuturi pe bază de plante,Băuturi,Băuturi din plante,en:Fruit-based beverages,Sucuri și nectaruri,en:Fruit juices,en:Fruit juices from concentrate,en:Orange juices,en:Orange juices from concentrate",186.0,0.0,9.0,0.02,0.7,0.0,100.0,-3,C,87.0,A,https://world.openfoodfacts.org/product/20690755/orange-juice-solevita
Golden Apricots,Whitworths,"Plant-based foods and beverages, Plant-based foods, Fruits and vegetables based foods, Fruits based foods, Dried products, Dried plant-based foods, Dried fruits, Dried apricots",674.0,0.01,36.5,0.03,4.0,7.2,99.0,0,C,44.0,D,https://world.openfoodfacts.org/product/5000234050319/golden-apricots-whitworths
Peanut Butter,Grandessa (Aldi),"Plant-based foods and beverages, Plant-based foods, Legumes and their products, Spreads, Nuts and their products, Plant-based spreads, Oilseed purees, Legume butters, Nut butters, Peanut butters",2536.0,9.9,6.6,1.25,24.7,8.3,95.0,4,C,32.0,D,https://world.openfoodfacts.org/product/4088600294261/peanut-butter-grandessa-aldi
Lait de noisettes,Vemondo,"Beverages and beverages preparations,Plant-based foods and beverages,Beverages,Plant-based foods,Dairy substitutes,Milk substitutes,Nuts and their products,Plant-based beverages,Plant-based milk alternatives,Nut-based drinks,Hazelnut-based drinks",129.0,0.2,3.1,0.14,0.4,0.3,2.5,0,C,81.0,A,https://world.openfoodfacts.org/product/4056489687627/hazelnut-drink-vemondo
