product_name,brands,categories,energy_kj,saturated_fat_g,sugars_g,salt_g,proteins_g,fiber_g,fruit_veg_pct,nutri_score_value,nutri_score_label,green_score_value,ecoscore_grade,url,wsm_score,wsm_class
Pain de mie grandes tranches Seigle & Graines 500g,la Boulangère,Pains de mie,1246.0,1.0,4.2,0.96,12.0,7.2,0.48,0,A,83,A,https://world.openfoodfacts.org/product/3760049798609,81.111,A
14 Maxi Tranches complet sans sucres ajoutés,Jacquet,"Aliments et boissons à base de végétaux,Aliments d'origine végétale,Céréales et pommes de terre,Céréales et dérivés,Pains,Pains de mie,Pains complets,Pains de mie complet",1026.0,0.3,3.8,1.2,8.7,6.6,0.0,2,B,83,A,https://world.openfoodfacts.org/product/3029330022428,78.889,A
pain de mie grandes tranches spécial sandwich complet,"Lidl,Maître Jean Pierre","Aliments et boissons à base de végétaux,Aliments d'origine végétale,Céréales et pommes de terre,Pains,Pains de mie,Pains complets,Pains de mie complet",1089.0,0.5,5.0,1.0,8.3,6.3,0.0,2,B,74,B,https://world.openfoodfacts.org/product/4056489007180,73.889,B
Harrys brioche tressee nature au sucre perle sans additifs 500g,Harrys,"Snacks, Snacks sucrés, Viennoiseries, Brioches, Brioches tressées, Brioches pur beurre, Brioches natures, Aliments et boissons à base de végétaux, Aliments d'origine végétale, Céréales et pommes de terre, Céréales et dérivés, Pains, en:Packaged breads",1496.0,1.0,13.0,0.8,8.6,4.5,0.0,5,C,47,C,https://world.openfoodfacts.org/product/3228857001231,65.556,C
100% mie complet 500g,Harry's,"Aliments et boissons à base de végétaux,Aliments d'origine végétale,Céréales et pommes de terre,Céréales et dérivés,Pains,Pains de mie,Pains de mie sans croûte,Pains complets,Pains de mie complet",1053.0,0.4,5.5,1.1,7.5,6.5,0.040277778,2,B,85,A,https://world.openfoodfacts.org/product/3228857000166,78.889,A
Biscottes 6 Céréales,Heudebert,"Plant-based foods and beverages,Plant-based foods,Cereals and potatoes,Breads,Rusks,Multigrain rusks",1698.0,2.4,3.4,1.6,13.0,5.0,0.0,12,D,77,A,https://world.openfoodfacts.org/product/3392460480827,73.333,B
Pain grillé au blé complet,LU Pelletier,"Plant-based foods and beverages,Plant-based foods,Cereals and potatoes,Cereals and their products,Breads,Rusks,Toasts",1636.0,2.1,2.6,1.8,12.0,5.1,0.0,12,D,70,B,https://world.openfoodfacts.org/product/3017760542890,67.222,C
Classic Torinesi Breadsticks,Crosta & Mollica,"Plant-based foods and beverages, Plant-based foods, Cereals and potatoes, Breads, Breadsticks",1700.0,1.0,2.8,2.1,19.8,1.2,0.0,15,D,85,A,https://world.openfoodfacts.org/product/5060198640261,72.222,B
Pain de mie grandes tranches Toastiligne complet,la boulangère,"Pains de mie complet, en:Packaged breads",953.0,0.9,2.8,0.98,10.0,6.2,0.0,-1,A,74,B,https://world.openfoodfacts.org/product/3760049790252,77.222,B
Wholemeal Bread,Warburtons,"Plant-based foods and beverages, Plant-based foods, Cereals and potatoes, Breads, Sliced breads, Wholemeal breads",950.0,0.42,2.52,0.945,10.5,6.3,0.0,-1,A,67,B,https://world.openfoodfacts.org/product/5010044000404,77.222,B
6 Wraps blé complet,Old El Paso,"Aliments et boissons à base de végétaux, Aliments d'origine végétale, Céréales et pommes de terre, Pains, Pains plats, Pains blancs, Pains de blé, Tortillas de blé",1240.0,1.03,2.24,1.05,9.14,5.17,0.0,4,C,78,A,https://world.openfoodfacts.org/product/8410076470812,76.667,B
Seeded Batch,Warburtons,"Plant-based foods and beverages,Plant-based foods,Cereals and potatoes,Breads,Sliced breads,Multigrain sliced breads",1231.0,1.3,2.6,0.95,10.6,6.0,0.0,1,B,68,B,https://world.openfoodfacts.org/product/5010044002552,75.0,B
Pain de mie american sandwich complet sans sucres ajoutés 600g,Harrys,Pains de mie complet,1178.0,0.5,3.6,1.1,7.7,8.1,0.919628906,1,B,74,B,https://world.openfoodfacts.org/product/3228857002344,75.0,B
Tasty Wholemeal Medium,Hovis,"Plant-based foods and beverages, Plant-based foods, Cereals and potatoes, Breads, Sliced breads",920.0,0.5,4.0,0.888,10.0,6.75,0.0,-1,A,67,B,https://world.openfoodfacts.org/product/5010003000339,77.222,B
50/50 Medium Bread,Kingsmill,"Plant-based foods and beverages,Plant-based foods,Cereals and potatoes,Breads,Sliced breads",982.0,1.0,8.75,0.95,9.5,11.8,0.0,0,A,67,B,https://world.openfoodfacts.org/product/5010092093441,76.111,B
Grilletines blé complet,"Brioche Pasquier, Pasquier","Plant-based foods and beverages,Plant-based foods,Cereals and potatoes,Breads,Rusks,Toasts,Toasted bread rolls",1760.0,2.0,7.3,0.87,13.0,6.7,0.0,8,C,79,A,https://world.openfoodfacts.org/product/3182180002115,77.778,A
Harrys beau & bon pain de mie farine de ble cereales & graines 320g,Harrys,"Plant-based foods and beverages,Plant-based foods,Cereals and potatoes,Frozen foods,Breads,Sliced breads,White breads,Bread white from wheat flour of the highest grade GOST 26987-86,Frozen breads,Multigrain sliced breads",1206.0,0.7,3.5,1.0,12.0,6.0,5.125,1,B,80,A,https://world.openfoodfacts.org/product/3228857001194,80.0,A
Ryvita Multigrain Crispbread,RYVITA,"plant-based-foods-and-beverages, plant-based-foods, snacks, cereals-and-potatoes, salty-snacks, appetizers, breads, da:crackers, plain-salty-snacks",1480.0,0.952,3.81,0.571,12.4,17.1,0.0,-3,A,72,B,https://world.openfoodfacts.org/product/5050974505259,79.444,A
Italian Original Breadsticks,Tesco,"Plant-based foods and beverages, Plant-based foods, Cereals and potatoes, Breads, Breadsticks",1748.0,1.4,2.8,1.8,11.2,2.8,0.0,14,D,87,A,https://world.openfoodfacts.org/product/5018374285577,70.0,B
Tartines de Pain Blé Complet,Brioche Pasquier,"Aliments et boissons à base de végétaux,Aliments d'origine végétale,Céréales et pommes de terre,Pains,Biscottes,Pains grillés,Pain-grille-complet",1615.0,0.8,4.2,1.5,13.0,8.7,0.0,7,C,80,A,https://world.openfoodfacts.org/product/3182180060320,78.889,A
Pain AMS complet,Harrys,"Aliments et boissons à base de végétaux, Aliments d'origine végétale, Céréales et pommes de terre, Pains, Pains de mie, Pains complets, Pains de mie complet",1100.0,0.4,4.9,1.2,7.7,7.2,3.257575758,2,B,85,A,https://world.openfoodfacts.org/product/3228857000906,78.889,A
Heudebert Fibre +,Heudebert,"Plant-based foods and beverages,Plant-based foods,Cereals and potatoes,Breads,Rusks,Toasts,Multigrain rusks,Wholemeal rusks",1618.0,2.2,5.4,1.1,15.0,12.0,0.0,7,C,79,A,https://world.openfoodfacts.org/product/3017760363990,80.0,A
Pain de mie complet,Ekmek,"Aliments et boissons à base de végétaux, Aliments d'origine végétale, Céréales et pommes de terre, Pains, Pains de mie, Pains complets, Pains de mie complet",975.0,0.12,3.8,1.05,8.0,5.0,0.0,3,C,75,A,https://world.openfoodfacts.org/product/6111246910023,77.778,A
Tartines céréales 450g,La Boulangère,"Aliments et boissons à base de végétaux,Aliments d'origine végétale,Snacks,Céréales et pommes de terre,Snacks sucrés,en:Sweet pastries and pies,Pains,Viennoiseries,Pains de mie,Pains de mie aux céréales",1249.0,1.0,2.9,1.1,10.0,5.8,0.0,1,B,75,A,https://world.openfoodfacts.org/product/3760049796384,80.0,A
Pain de mie grandes tranches Toastiligne céréales & graines 500g,La Boulangère,"Aliments et boissons à base de végétaux,Aliments d'origine végétale,Céréales et pommes de terre,Pains,Pains de mie,Pains de mie aux céréales",1056.0,0.4,3.8,1.0,11.0,5.9,0.0,1,B,80,A,https://world.openfoodfacts.org/product/3760049795479,80.0,A
Soft White Medium Bread,Hovis,"Plant-based foods and beverages, Plant-based foods, Cereals and potatoes, Breads, Sliced breads, White breads, Sliced-white-bread",972.0,0.25,3.5,0.887,8.75,2.5,0.0,4,C,77,A,https://world.openfoodfacts.org/product/5010003000131,76.667,B
Pain de mie grandes tranches 7 cereales,Maître Jean Pierre,"Aliments et boissons à base de végétaux,Aliments d'origine végétale,Céréales et pommes de terre,Pains,Pains de mie,Pains de mie aux céréales,en:Pain de mie",1214.0,1.0,3.4,1.0,10.4,5.0,0.0,1,B,75,A,https://world.openfoodfacts.org/product/4056489235798,80.0,A
Wraps,Old El Paso,"Plant-based foods and beverages,Plant-based foods,Cereals and potatoes,Breads,Flatbreads,White breads,Wheat breads,Wheat flatbreads",1264.0,1.2,2.1,1.0,9.1,1.6,0.0,5,C,76,A,https://world.openfoodfacts.org/product/8410076472953,75.556,B
NYC BAGEL Sesame,NEW YORK BAKERY,"Plant-based foods and beverages, Plant-based foods, Cereals and potatoes, Breads, Special breads, Bagel breads",1310.0,0.0,0.0,0.0,12.9,0.0,0.0,-2,A,82,A,https://world.openfoodfacts.org/product/5020364010151,83.333,A
Biscottes sans sel et sans sucre ajoutés,Pasquier,"Aliments et boissons à base de végétaux,Aliments d'origine végétale,Céréales et pommes de terre,Surgelés,en:Specific products,en:Products for specific diets,Pains,Produits à teneur réduite en sel,Biscottes,Biscottes sans sel",1635.0,0.5,2.2,0.02,15.0,7.0,0.0,-6,A,76,A,https://world.openfoodfacts.org/product/3182189999805,87.778,A
Pain de mie american sandwich rustique sans sucres ajoutés 500g,Harry's,"Aliments et boissons à base de végétaux,Aliments d'origine végétale,Céréales et pommes de terre,Pains,Pains de mie",1233.0,0.8,3.0,1.0,11.0,8.7,2.05,-2,A,79,A,https://world.openfoodfacts.org/product/3228857002245,83.333,A
Biscottes,"Heudebert,Lu,Mondelez","Plant-based foods and beverages,Plant-based foods,Cereals and potatoes,Breads,Rusks,Common wheat rusks",698.0,1.4,2.8,0.47,4.6,1.4,0.0,4,C,79,A,https://world.openfoodfacts.org/product/7622210416681,76.667,B
La Biscotte 96% de céréales,Heudebert,"Plant-based foods and beverages,Plant-based foods,Cereals and potatoes,Breads,Rusks",1722.0,3.4,6.8,1.2,11.0,3.6,0.0,13,D,75,A,https://world.openfoodfacts.org/product/7622210416629,71.111,B
Extra moelleux nature,HARRYS,"Aliments et boissons à base de végétaux, Aliments d'origine végétale, Céréales et pommes de terre, Pains, Pains de mie, Pains de mie blancs nature",1202.0,0.5,6.5,1.18,8.1,5.0,0.92125,4,C,83,A,https://world.openfoodfacts.org/product/3228857000883,76.667,B
Maxi Tranches Sans sucre ajouté Nature,Jacquet,"Aliments et boissons à base de végétaux,Aliments d'origine végétale,Céréales et pommes de terre,Pains,Pains de mie",1054.0,0.3,4.5,1.1,8.3,3.4,0.0,5,C,83,A,https://world.openfoodfacts.org/product/3029330022411,75.556,B
Grilletine Sans sucres ajoutés Blé complet,Pasquier,"Aliments et boissons à base de végétaux,Aliments d'origine végétale,Céréales et pommes de terre,Céréales et dérivés,Pains,Pains grillés,Petits pains grillés",1690.0,2.4,2.1,0.9,13.0,12.7,0.0,6,C,85,A,https://world.openfoodfacts.org/product/3182180002542,80.0,A
Cinnamon & Raisin Bagels,New York Bakery Co,"Plant-based foods and beverages,Plant-based foods,Cereals and potatoes,Breads,Special breads,Bagel breads",1140.0,0.235,10.4,0.568,9.18,5.18,6.284,3,C,87,A,https://world.openfoodfacts.org/product/5020364010144,77.778,A
Farmhouse Soft Bread,Warburtons,"Plant-based foods and beverages,Plant-based foods,Cereals and potatoes,Breads,White breads,Sliced breads",1020.0,0.468,2.11,0.966,8.9,2.34,0.0,4,C,67,B,https://world.openfoodfacts.org/product/5010044002378,71.667,B
"Maestro Cereale avec du Levain, Millet et Quinoa",Schär,"Alimentos e bebidas à base de plantas,Alimentos à base de plantas,Cereais e Batatas,en:Specific products,en:Products for specific diets,Pães,Produtos sem glútem,Pães especiais,Pães sem glúten,Pães de forma",1040.0,0.8,4.0,0.94,4.4,10.0,0.15,2,B,75,A,https://world.openfoodfacts.org/product/8008698007389,78.889,A
Beau & bon pain de mie complet lin tournesol 320g,Harrys,"Aliments et boissons à base de végétaux,Aliments d'origine végétale,Céréales et pommes de terre,Pains,Pains de mie,Pains complets,Pains de mie complet, Surgelés, Pains surgelés",1273.0,1.0,3.5,0.9,11.0,7.0,0.55,0,A,73,B,https://world.openfoodfacts.org/product/3228857001101,76.111,B
Pain de mie grandes tranches Avoine & Graines 500g,La BOULANGÈRE,"Aliments et boissons à base de végétaux,Aliments d'origine végétale,Céréales et pommes de terre,Pains,Pains de mie,Pain de mie à la farine d'avoine,Pain de mie à la farine de blé,Pains de mie aux céréales",1150.0,1.0,2.2,0.93,12.0,6.0,0.0,0,A,71,B,https://world.openfoodfacts.org/product/3760049798845,76.111,B
Maestro Classic,Schär,"Aliments et boissons à base de végétaux,Aliments d'origine végétale,Céréales et pommes de terre,Céréales et dérivés,en:Specific products,en:Products for specific diets,Pains,Produits sans gluten,Pains sans gluten,Pains de mie",972.0,0.4,3.2,0.98,3.6,8.0,0.0,0,A,70,B,https://world.openfoodfacts.org/product/8008698005576,76.111,B
Biscottes Pleine vie Sans sel ajouté,"Heudebert, Lu, Mondelez","Plant-based foods and beverages, Plant-based foods, Cereals and potatoes, Specific products, Products for specific diets, Breads, Products with reduced salt, Rusks, fr:biscottes-pauvres-en-sel, en:rusks-without-salt",1719.0,2.7,4.8,0.01,12.0,3.7,0.0,3,C,75,A,https://world.openfoodfacts.org/product/3392460481114,77.778,A
Penne Rigate N°73,Barilla,"Alimentos e bebidas à base de plantas,Alimentos à base de plantas,Cereais e Batatas,Cereais e seus produtos,Massa alimentícia,en:Cereal pastas,Massas secas,en:Durum wheat pasta,en:Dry durum wheat pasta,Penne,Penne Rigate",1521.0,0.5,3.5,0.01,13.0,3.0,0.0,0,A,73,B,https://world.openfoodfacts.org/product/8076802085738,76.111,B
Barilla Penne Rigate Fullkorn 500g,Barilla,"Plant-based foods and beverages,Plant-based foods,Cereals and potatoes,Cereals and their products,Pastas,Cereal pastas,Dry pastas,Durum wheat pasta,Dried wholemeal pasta,Spaghetti,Whole durum wheat pasta,Durum wheat penne,Durum wheat spaghetti,Penne,Penne rigate",1466.0,0.5,3.5,0.01,13.0,8.0,0.0,-5,A,82,A,https://world.openfoodfacts.org/product/8076809529433,86.667,A
Chicken Flavour,Yum Yum,"Pflanzliche Lebensmittel und Getränke,Pflanzliche Lebensmittel,Getreide und Kartoffeln,Fertiggerichte,Getreideprodukte,Getrocknete Produkte,Teigwaren,Suppen,Getrocknete Produkte zur Rehydrierung,Nudeln,Getrocknete Fertiggerichte,Instant-Nudeln,Instantsuppen,Instant Nudelsuppen",332.0,1.6,0.4,0.8,1.3,1.6,2.3,4,C,39,D,https://world.openfoodfacts.org/product/8852018101024,61.667,C
Pâtes spaghetti au blé complet integral 500g,Barilla,"Pflanzliche Lebensmittel und Getränke,Pflanzliche Lebensmittel,Getreide und Kartoffeln,Getreideprodukte,Teigwaren,en:Cereal pastas,Getrocknete Teigwaren,Hartweizenteigwaren,Spaghettis,en:Whole durum wheat pasta,en:Dry durum wheat pasta,Hartweizenspaghetti,Vollkorn-Hartweizenspaghetti,Vollkorn Hartweizen",1466.0,0.5,3.5,0.01,13.0,8.0,0.0,-5,A,60,B,https://world.openfoodfacts.org/product/8076809529419,81.667,A
Lasagne all'uovo,Barilla,"Alimentos y bebidas de origen vegetal,Alimentos de origen vegetal,Cereales y patatas,Cereales y derivados,Pastas alimenticias,en:Cereal pastas,Pasta seca,Pasta de trigo duro,Pasta de huevo,en:Dry egg pastas,en:Lasagna sheets,fr:Lasagnes à garnir aux œufs",1558.0,1.0,3.0,0.08,14.0,3.0,0.0,-1,A,75,A,https://world.openfoodfacts.org/product/8076800376999,82.222,A
Tortellini ricotta & épinards,"Giovanni Rana, Rana","Aliments et boissons à base de végétaux, Aliments d'origine végétale, Plats préparés, Plats à base de pâtes, Pâtes alimentaires, Pâtes farcies, Pâtes fraîches, Tortellini, Pâtes fraîches farcies au fromage et aux légumes",1081.0,2.5,5.6,1.1,9.0,5.5,20.01367188,8,C,55,C,https://world.openfoodfacts.org/product/8001665714372,65.556,C
Pâtes spaghetti n°5 1kg,Barilla,"Plant-based foods and beverages,Plant-based foods,Cereals and potatoes,Cereals and their products,Pastas,Cereal pastas,Dry pastas,Durum wheat pasta,Spaghetti,Dry durum wheat pasta,Durum wheat spaghetti,Food",1521.0,0.5,3.5,0.01,13.0,3.0,0.0,0,A,73,B,https://world.openfoodfacts.org/product/8076800105056,76.111,B
Spaghetti Senza Glutine,Barilla,"Cibi e bevande a base vegetale, Cibi a base vegetale, Cereali e patate, Cereali e i loro prodotti, en:Specific products, Pasta, en:Products for specific diets, Prodotti senza glutine, Pasta secca, Pasta senza glutine, en:Gluten-free dry pasta, Spaghetti, Spaghetti senza glutine",1498.0,0.3,0.5,0.01,6.5,1.1,0.0,2,B,79,A,https://world.openfoodfacts.org/product/8076809545440,78.889,A
SHIN RAMYUN NOODLE,NONGSHIM,"Plant-based foods and beverages,Plant-based foods,Cereals and potatoes,Cereals and their products,Dried products,Meals,Pastas,Dried products to be rehydrated,Noodles,Soups,Instant noodles,Instant noodle soups",1786.0,6.7,2.6,3.7,8.6,0.0,0.008056641,29,E,43,D,https://world.openfoodfacts.org/product/8801043150620,37.222,E
Le Ravioli pur boeuf,Panzani,"Aliments et boissons à base de végétaux, Aliments d'origine végétale, Conserves, Céréales et pommes de terre, Viandes et dérivés, Céréales et dérivés, Plats préparés, Plats à base de pâtes, Pâtes alimentaires, Plats préparés à la viande, Pâtes farcies, Plats au bœuf, Pâtes farcies à la viande, Ravioli, Plats préparés en conserve, Ravioli à la viande, Raviolis au bœuf, Ravioli en conserve, Raviolis à la viande en conserve",384.0,0.8,1.4,0.75,3.8,1.6,8.473557692,3,C,68,B,https://world.openfoodfacts.org/product/3038352880305,72.778,B
Penne Rigate Senza Glutine,Barilla,"Aliments et boissons à base de végétaux,Aliments d'origine végétale,Céréales et pommes de terre,Céréales et dérivés,en:Specific products,Pâtes alimentaires,en:Products for specific diets,Produits sans gluten,Pâtes sèches,Pâtes alimentaires sans gluten,Pâtes sèches sans gluten,Penne Rigate sans gluten,Penne,Penne rigate",1498.0,0.3,0.5,0.01,6.5,1.1,0.0,2,B,79,A,https://world.openfoodfacts.org/product/8076809545457,78.889,A
Spaghetti n° 12,De Cecco,"Alimentos y bebidas de origen vegetal,Alimentos de origen vegetal,Cereales y patatas,Cereales y derivados,Pastas alimenticias,en:Cereal pastas,Pasta seca,Pasta de trigo duro,Espaguetis,en:Dry durum wheat pasta,Espaguetis de trigo duro",1490.0,0.3,3.4,0.0,14.0,2.9,0.0,-1,A,67,B,https://world.openfoodfacts.org/product/8001250120120,77.222,B
WHOLEWHEAT FUSILLI,TESCO,"Plant-based foods and beverages,Plant-based foods,Cereals and potatoes,Cereals and their products,Pastas,Cereal pastas,Dry pastas,Durum wheat pasta,Whole durum wheat pasta,Dried wholemeal pasta,Fusilli",607.0,0.1,0.7,0.02,5.7,3.9,0.0,-2,A,74,B,https://world.openfoodfacts.org/product/5000119319906,78.333,A
Capellini (Spagetti) Nr. 1,Barilla,"Cibi e bevande a base vegetale, Cibi a base vegetale, Cereali e patate, Cereali e i loro prodotti, Pasta, Paste alimentari di cereali, Pasta secca, Pasta di grano duro, Spaghetti, Capellini, en:Dry durum wheat pasta",1521.0,0.5,3.5,0.01,13.0,3.0,0.0,0,A,80,A,https://world.openfoodfacts.org/product/8076800195019,81.111,A
Penne Rigate,Barilla,"Cibi e bevande a base vegetale, Cibi a base vegetale, Cereali e patate, Cereali e i loro prodotti, Pasta, Paste alimentari di cereali, Pasta secca, Pasta di grano duro, en:Dry durum wheat pasta, Penne, Penne Rigate",1521.0,0.5,3.5,0.01,13.0,3.0,0.0,0,A,73,B,https://world.openfoodfacts.org/product/8076800105735,76.111,B
GIRASOLI RICOTTA EPINARD,Lustucru Lustucru selection,"Aliments et boissons à base de végétaux, Aliments d'origine végétale, Plats préparés, Plats à base de pâtes, Pâtes alimentaires, Pâtes farcies, Pâtes fraîches, Ravioli, en:Pates farcies aux légumes, en:Plats préparés, en:Plats à base de pâtes, en:Pâtes farcies, en:Pâtes farcies au fromage, en:Pâtes fraîches farcies au fromage et aux légumes, Pâtes fraîches farcies au fromage et aux légumes",1024.0,4.0,3.6,1.1,8.1,2.9,20.03406283,12,D,62,B,https://world.openfoodfacts.org/product/3240931545264,66.111,C
Spinach Ricotta Tortelloni,Sainsbury's,"Plant-based foods and beverages, Plant-based foods, Cereals and potatoes, Cereals and their products, Meals, Pasta dishes, Pastas, Stuffed pastas, Egg pastas, Fresh pasta, Pasta stuffed with vegetables, Fresh egg pasta, Fresh pasta stuffed with vegetables, Pasta stuffed with cheese, Tortellini, Cooked fresh pasta stuffed with cheese and vegetables, Fresh pasta stuffed with cheese, Tortellini ricotta & spinach, Tortelloni",857.0,1.4,1.73,0.44,7.93,2.13,9.0,2,B,54,C,https://world.openfoodfacts.org/product/00336789,68.889,C
Lasagne,"Barilla, Barilla Collezione, Barilla norge","Pflanzliche Lebensmittel und Getränke, Pflanzliche Lebensmittel, Getreide und Kartoffeln, Getreideprodukte, Teigwaren, en:Cereal pastas, Getrocknete Teigwaren, Hartweizenteigwaren, en:Lasagna sheets, en:Dry durum wheat pasta, en:Food",1502.0,0.5,3.5,0.01,13.0,3.0,0.0,0,A,72,B,https://world.openfoodfacts.org/product/8076809523738,76.111,B
Fusilli n°34,De Cecco,"Cibi e bevande a base vegetale, Cibi a base vegetale, Cereali e patate, Cereali e i loro prodotti, Pasta, Paste alimentari di cereali, Pasta secca, Pasta di grano duro, Fusilli, en:Dry durum wheat pasta, es:Fusilli de trigo duro",1490.0,0.3,3.4,0.0,14.0,2.9,0.0,-1,A,67,B,https://world.openfoodfacts.org/product/8001250120342,77.222,B
YumYum Beef,Yum Yum,"Plant-based foods and beverages,Plant-based foods,Meals,Dried products,Pastas,Soups,Dried products to be rehydrated,Noodles,Dried meals,Instant noodles,Chinese noodles,Dehydrated soups,Instant noodle soups,Flavoured Asian noodles,Flavoured dehydrated Asian noodles,Vegan",318.0,1.8,0.7,0.75,1.2,0.6,0.6775,4,C,62,B,https://world.openfoodfacts.org/product/8852018101017,71.667,B
Ramen soja caramel,Tanoshi,"Aliments et boissons à base de végétaux,Aliments d'origine végétale,Céréales et pommes de terre,Céréales et dérivés,Produits déshydratés,Pâtes alimentaires,Produits lyophilisés à reconstituer,Nouilles,Nouilles instantanées",222.0,0.1,0.8,0.51,1.8,0.5,0.2175,2,B,67,B,https://world.openfoodfacts.org/product/3229820181363,73.889,B
mushroom & mascarpone tortelloni,Rana,"Plant-based foods and beverages,Plant-based foods,Meals,Pasta dishes,Pastas,Stuffed pastas,Fresh pasta,Pasta stuffed with vegetables,Pasta stuffed with cheese,Tortellini,Fresh pasta stuffed with cheese,Fresh pasta stuffed with mushrooms",1300.0,4.0,1.6,0.8,9.6,2.4,5.1,6,C,62,B,https://world.openfoodfacts.org/product/8001665705066,69.444,C
Girandole Torsades N° 34,"Barilla, Barilla norge","Pflanzliche Lebensmittel und Getränke, Pflanzliche Lebensmittel, Getreide und Kartoffeln, Getreideprodukte, Teigwaren, en:Cereal pastas, Nudeln, Getrocknete Teigwaren, Hartweizenteigwaren, en:Dry durum wheat pasta",1521.0,0.5,3.5,0.01,13.0,3.0,0.0,0,A,73,B,https://world.openfoodfacts.org/product/8076809512268,76.111,B
Pâtes spaghettoni n°7 500g,"166, 43122 Parma - Italy, Barilla, Barilla - Barilla G. e R. Fratelli - Società per Azioni - Via Mantova, 166 Barilla","Aliments et boissons à base de végétaux, Aliments d'origine végétale, Céréales et pommes de terre, Céréales et dérivés, Pâtes alimentaires, Pâtes alimentaires de céréales, Pâtes sèches, Pâtes de blé dur, Spaghetti, Pâtes de blé dur sèches",1521.0,0.5,3.5,0.01,13.0,3.0,0.0,0,A,60,B,https://world.openfoodfacts.org/product/8076808150072,76.111,B
Soba classic,NISSIN,"pflanzliche-lebensmittel-und-getränke, pflanzliche-lebensmittel, getrocknete-produkte, fertiggerichte, nudelgerichte, teigwaren, getrocknete-produkte-zur-rehydrierung, nudeln, instant-nudeln, fertignudeln, en:instant-soba, soba, de:chinesische-nudeln, de:fertiggerichte, de:fertignudeln, de:getreide-und-kartoffeln, de:getreideprodukte, de:getrocknete-produkte, de:getrocknete-produkte-zur-rehydrierung, de:instant-nudeln, de:nudelgerichte, de:nudeln, de:pflanzliche-lebensmittel, en:pflanzliche-lebensmittel-und-getränke, de:teigwaren",916.0,4.5,4.7,2.0,5.3,0.0,5.2,16,D,57,C,https://world.openfoodfacts.org/product/5997523313111,55.556,D
Panzani spaghetti 500g,"Ebro Foods, Panzani","Aliments et boissons à base de végétaux, Aliments d'origine végétale, Céréales et pommes de terre, Céréales et dérivés, Pâtes alimentaires, Pâtes alimentaires de céréales, Pâtes sèches, Pâtes de blé dur, Spaghetti, Pâtes de blé dur sèches, Spaghettis de blé dur",1531.0,0.4,3.7,0.0,12.0,3.6,0.0,0,A,73,B,https://world.openfoodfacts.org/product/3038350015006,76.111,B
Demae Ramen - Chicken,Nissin,"Plant-based foods and beverages, Plant-based foods, Cereals and potatoes, Cereals and their products, Dried products, Meals, Pastas, Dried products to be rehydrated, Noodles, Dried meals, Instant noodles",380.0,2.0,0.4,1.1,2.0,0.0,0.0375,7,C,63,B,https://world.openfoodfacts.org/product/8712429350100,68.333,C
Linguine- Pâtes alimentaires de semoule et de blé dur 500G,Barilla,"Aliments et boissons à base de végétaux,Aliments d'origine végétale,Céréales et pommes de terre,Céréales et dérivés,Pâtes alimentaires,Pâtes alimentaires de céréales,Pâtes sèches,Pâtes de blé dur,Pâtes sèches au blé complet,Spaghetti,Pâtes de blé dur complet,Linguine",1466.0,0.5,3.5,0.01,13.0,8.0,0.0,-5,A,76,A,https://world.openfoodfacts.org/product/8076809578363,86.667,A
Penne Rigate Nudeln,Combino,"Plant-based foods and beverages, Plant-based foods, Cereals and potatoes, Cereals and their products, Pastas, Cereal pastas, Dry pastas, Durum wheat pasta, Dry durum wheat pasta, Penne, Penne rigate",1502.0,0.8,3.0,0.03,12.0,3.0,0.0,0,A,67,B,https://world.openfoodfacts.org/product/4013159604551,76.111,B
coquillette,Barilla,"Aliments et boissons à base de végétaux,Aliments d'origine végétale,Céréales et pommes de terre,Céréales et dérivés,Pâtes alimentaires,Pâtes alimentaires de céréales,Pâtes sèches,Pâtes de blé dur,Pâtes sèches au blé complet,Coquillettes,Pâtes de blé dur complet",1466.0,0.5,3.5,0.01,13.0,8.0,0.0,-5,A,77,A,https://world.openfoodfacts.org/product/8076809532709,86.667,A
"Soupe Thai  (Nouilles, champignons et pousses de soja)  د تای سوپ","Knorr, Unilever","Aliments et boissons à base de végétaux,Aliments d'origine végétale,Aliments à base de fruits et de légumes,Plats préparés,Produits déshydratés,Produits lyophilisés à reconstituer,Soupes,Plats préparés déshydratés,Soupes de légumes,Soupes déshydratées,Soupes de nouilles instantanées",155.0,0.6,1.6,0.8,1.0,0.5,8.4921875,3,C,37,D,https://world.openfoodfacts.org/product/8722700027775,62.778,C
Ravioli boeuf,"Lustucru, Lustucru selection","Aliments et boissons à base de végétaux, Aliments d'origine végétale, Céréales et pommes de terre, Viandes et dérivés, Céréales et dérivés, Plats préparés, Plats à base de pâtes, Pâtes alimentaires, Plats préparés à la viande, Pâtes farcies, Plats au bœuf, Pâtes fraîches, Pâtes farcies à la viande, Ravioli, Pâtes fraîches farcies à la viande, Ravioli à la viande, Raviolis au bœuf, Pâtes fraîches cuites farcies à la viande",1111.0,2.0,3.8,1.0,9.0,2.4,12.9,6,C,16,E,https://world.openfoodfacts.org/product/3240930116120,54.444,D
Fusilli Blé complet,Carrefour,"Plant-based foods and beverages, Plant-based foods, Cereals and potatoes, Cereals and their products, Pastas, Cereal pastas, Dry pastas, Durum wheat pasta, Dried wholemeal pasta, Fusilli, fr:Fusilli complets, es:fusilli-de-trigo-duro",1525.0,0.4,3.0,0.0,13.0,6.0,0.0,-4,A,85,A,https://world.openfoodfacts.org/product/3560070825493,85.556,A
Linguine n° 7,De Cecco,"Alimentos y bebidas de origen vegetal,Alimentos de origen vegetal,Cereales y patatas,Cereales y derivados,Pastas alimenticias,en:Cereal pastas,Pasta seca,Pasta de trigo duro,en:Dry durum wheat pasta,Linguine",1469.0,0.3,3.4,0.01,14.0,2.9,0.0,-1,A,74,B,https://world.openfoodfacts.org/product/8001250120076,77.222,B
473396 LTAPES POT moodle CHICKEN & MUSHROOM FLAVOU,Pot Noodle,"Plant-based foods and beverages, Plant-based foods, Cereals and potatoes, Cereals and their products, Dried products, Pastas, Dried products to be rehydrated, Noodles, Instant noodles, en:soups",596.0,2.8,1.1,0.63,3.2,1.2,2.825,5,C,52,C,https://world.openfoodfacts.org/product/5000118203503,65.556,C
Torsades au blé complet,"Marque Repère, Turini","Aliments et boissons à base de végétaux,Aliments d'origine végétale,Céréales et pommes de terre,Céréales et dérivés,Pâtes alimentaires,Pâtes alimentaires de céréales,Pâtes sèches,Pâtes de blé dur,Pâtes sèches au blé complet,Pâtes de blé dur complet,Fusilli,Torsades de blé complet",1426.0,0.5,3.0,0.0,11.0,7.5,0.0,-5,A,67,B,https://world.openfoodfacts.org/product/3564700674031,81.667,A
Couacous Dari,Dari,"Plant-based foods and beverages, Plant-based foods, Cereals and potatoes, Cereals and their products, Cereal semolinas, Wheat semolinas, Durum wheat semolinas, Durum wheat semolinas for couscous, en:pastas",1464.0,0.0,1.6,0.02,12.0,3.3,0.0,-1,A,70,B,https://world.openfoodfacts.org/product/6111094000228,77.222,B
Duck Flavour,Yum Yum,"Pflanzliche Lebensmittel und Getränke,Pflanzliche Lebensmittel,Fertiggerichte,Getrocknete Produkte,Teigwaren,Getrocknete Produkte zur Rehydrierung,Nudeln,Suppen,Getrocknete Fertiggerichte,Instant-Nudeln,Chinesische Nudeln,Instantsuppen,Instant Nudelsuppen,en:Dehydrated Asian-style soup with noodles,en:Flavoured Asian noodles,en:Flavoured dehydrated Asian noodles",314.0,1.7,0.6,0.97,1.2,0.4,1.45,5,C,62,B,https://world.openfoodfacts.org/product/8852018101031,70.556,B
Tagliatelles aux œufs frais,Lustucru,"Aliments et boissons à base de végétaux, Aliments d'origine végétale, Céréales et pommes de terre, Céréales et dérivés, Pâtes alimentaires, Nouilles, Pâtes aux œufs, Pâtes fraîches aux œufs, Nouilles aux oeufs, Tagliatelles aux œufs, Tagliatelles",1189.0,0.6,3.4,0.05,10.0,2.3,0.0,-1,A,70,B,https://world.openfoodfacts.org/product/3240931546353,77.222,B
Penne Rigate N°66,Rummo,"Cibi e bevande a base vegetale, Cibi a base vegetale, Cereali e patate, Cereali e i loro prodotti, Pasta, Paste alimentari di cereali, Pasta secca, Pasta di grano duro, en:Dry durum wheat pasta, Penne, Penne Rigate",1490.0,0.3,3.1,0.01,14.5,2.9,0.0,-2,A,71,B,https://world.openfoodfacts.org/product/8008343200660,78.333,A
Poulet🐔 au Curry et Noix de Coco 🥥,"WW,Weight Watchers","Condiments,Viandes et dérivés,Plats préparés,en:Specific products,Plats préparés à la viande,Plats à base de riz,Sauces,en:Meal sauces,Plats à la volaille,Réfrigérés,Plats au poulet,Plats préparés à réchauffer au micro-ondes,Plats préparés réfrigérés,Poulets au curry,Produits sous license,Plats préparés à faible teneur en matières grasses",1205.0,1.6,2.5,0.6,6.3,1.1,24.2,4,C,18,E,https://world.openfoodfacts.org/product/3248832940539,56.667,D
Couscous Oriental légumes cuisinés et poulet émincé,"WW, Weight Watchers","Viandes et dérivés,Plats préparés,Frais,Plats préparés à la viande,Plats à base de semoule,Plats préparés frais,Plats à la volaille,Couscous préparés,Plats au poulet,Plats préparés à réchauffer au micro-ondes,Couscous,Plats préparés à faible teneur en matières grasses,Plats préparés à réchauffer au bain-marie,Couscous au poulet",382.0,0.3,2.2,0.69,6.9,1.4,31.25,2,B,69,B,https://world.openfoodfacts.org/product/3248832940522,73.889,B
Cuisiné cappelletti,Céréal BIO,"Aliments et boissons à base de végétaux, Aliments d'origine végétale, Céréales et pommes de terre, Céréales et dérivés, Plats préparés, Plats à base de pâtes, Pâtes farcies, Pates farcies aux légumes, Plats préparés à réchauffer au micro-ondes, Pâtes farcies au fromage, Plats préparés d'origine végétale",415.0,0.5,3.2,0.56,3.7,3.2,43.2,0,A,70,B,https://world.openfoodfacts.org/product/3175681061460,76.111,B
Le couscous à la marocaine,Fleury Michon,"Surgelés,Plats préparés,Plats à base de semoule,Couscous préparés,Couscous,Plats préparés à réchauffer au micro-ondes",599.0,1.8,2.8,0.72,8.2,1.3,32.38015572,2,B,70,B,https://world.openfoodfacts.org/product/3302740003868,73.889,B
Brandade de Morue parmentière 2 personnes,Pêcheries Basques,"Plats préparés, Plats préparés au poisson, Plats préparés à réchauffer au micro-ondes, Brandades de morue, Brandades de morue parmentière, Préparations à base de chair de poisson",638.0,1.1,0.5,0.8,6.6,0.0,2.497727273,3,C,15,E,https://world.openfoodfacts.org/product/3760002340456,57.778,D
"Risotto poulet & cèpes, crème fraîche, petits oignons",Fleury Michon,"Viandes et dérivés,Plats préparés,Plats préparés à la viande,Plats à base de riz,Plats à la volaille,Risottos,Plats au poulet,Plats préparés à réchauffer au micro-ondes,Risottos aux légumes,Risottos au poulet,Risottos aux champignons,Risottos aux cèpes",540.0,2.9,0.8,0.66,5.6,0.5,9.1,4,C,56,C,https://world.openfoodfacts.org/product/3302740606106,66.667,C
Penne au Poulet et au Pesto,Marie,"Meals, Pasta dishes, Meals with meat, Poultry meals, Meals with chicken, en:microwave-meals",778.0,1.5,1.6,0.65,8.0,1.2,10.825,3,C,35,D,https://world.openfoodfacts.org/product/3248832960209,62.778,C
St Jacques fondue de poireaux & Riz Basmati,Marie,"Meals,Meals with fish,Rice dishes,Fresh meals,Meals with shellfish,Microwave meals,Dishes with scallops,Leeks fondue,fr:Plats préparés à réchauffer au bain-marie,fr:Plats à base de mollusques",605.0,3.0,1.2,0.59,5.8,0.6,12.46,3,C,63,B,https://world.openfoodfacts.org/product/3248832967611,72.778,B
Emincés de boeuf sauce poivre & pommes de terre,Fleury Michon,"Plant-based foods and beverages,Plant-based foods,Cereals and potatoes,Condiments,Meats and their products,Beef and its products,Meals,Meats,Beef,Meals with meat,Sauces,Beef dishes,Microwave meals,Pepper sauces,fr:E",598.0,1.79,0.786,0.607,6.43,1.0,5.005259027,3,C,75,A,https://world.openfoodfacts.org/product/3302746964026,77.778,A
Le Filet de Poulet et ses Pommes de Terre à la Sarladaise,Fleury Michon,"Viandes et dérivés, Plats préparés, Plats préparés à la viande, Plats à la volaille, Plats au poulet, Plats préparés à réchauffer au micro-ondes",629.0,1.8,0.9,0.8,10.0,1.3,1.462585449,1,B,30,D,https://world.openfoodfacts.org/product/3302748427024,65.0,C
Paëlla royale aux petites gambas et au safran,Marie,"Produits de la mer,Poissons et dérivés,Poissons,Viandes et dérivés,Surgelés,Plats préparés,Plats préparés à la viande,Plats à base de riz,Plats préparés surgelés,Plats préparés à réchauffer au micro-ondes,Paëllas,Plats à base de mollusques",412.0,0.6,1.2,0.79,5.4,0.8,19.24114899,2,B,33,D,https://world.openfoodfacts.org/product/3248830724971,63.889,C
"Tagliatelles au Poulet 🐔, Champignons🍄Crème","WW,Weight Watchers","Aliments et boissons à base de végétaux,Aliments d'origine végétale,Plats préparés,Frais,Plats à base de pâtes,Plats préparés frais,Plats à la volaille,Plats au poulet,Plats préparés à réchauffer au micro-ondes,Plats préparés à faible teneur en matières grasses,Platss préparés",433.0,0.9,1.0,0.88,7.8,0.9,16.55,2,B,26,E,https://world.openfoodfacts.org/product/3166352940054,58.889,D
Aiguillettes de poulet au miel et aux épices semoule,Picard,"viandes-et-dérivés, surgelés, plats-préparés, viandes, poulet-et-dérivés, plats-préparés-à-la-viande, volailles, plats-à-base-de-semoule, poulets, plats-à-la-volaille, plats-préparés-surgelés, plats-au-poulet, plats-préparés-à-réchauffer-au-micro-ondes, plats-préparés-à-faible-teneur-en-matières-grasses, aiguillettes-de-poulet, fr:aiguillettes-de-poulet",517.0,0.3,4.9,0.35,8.4,4.7,41.30833333,-3,A,35,D,https://world.openfoodfacts.org/product/3270160862481,69.444,C
Quinoa poulet et sésame,"Jardin bio, Léa Nature","Conserves, Viandes et dérivés, Plats préparés, Plats préparés à la viande, Plats à la volaille, Céréales préparées, Plats au poulet, Plats préparés à réchauffer au micro-ondes, Plats à base de quinoa",731.0,1.2,3.0,0.7,6.9,6.5,33.85,0,A,48,C,https://world.openfoodfacts.org/product/3478820003193,71.111,B
"Escalope Milanaise, Dinde 100% filet",Marie,"Viandes et dérivés, Plats préparés, Viandes, Frais, Plats à base de pâtes, Plats préparés à la viande, Volailles, Plats préparés frais, Plats à la volaille, Plats préparés à réchauffer au micro-ondes, Plats à la dinde, Escalopes milanaises aux spaghettis",670.0,0.9,2.6,0.65,7.9,1.2,21.12916667,1,B,34,D,https://world.openfoodfacts.org/product/3166352967907,65.0,C
Pastabox Carbonara,Sodebo,"Plats préparés,Frais,Plats à base de pâtes,Plats préparés frais,Pâtes instantanées,Plats préparés à réchauffer au micro-ondes,Pâtes à la carbonara,Box",695.0,3.7,1.9,0.66,7.1,1.2,0.25,6,C,54,C,https://world.openfoodfacts.org/product/3242272270256,64.444,C
Poulet & Purée de Courgettes pointe de crème fraîche,Fleury Michon,"Viandes et dérivés,Plats préparés,Plats préparés à la viande,Plats à la volaille,Plats au poulet,Plats préparés à réchauffer au micro-ondes",463.0,2.4,2.7,0.67,5.7,1.4,55.42,3,C,28,E,https://world.openfoodfacts.org/product/3302740975103,57.778,D
Poulet et petites pâtes sauce aux champignons,Picard,"Viandes et dérivés, Surgelés, Plats préparés, Plats à base de pâtes, Plats préparés à la viande, Plats à la volaille, Plats préparés surgelés, Plats au poulet, Plats préparés à réchauffer au micro-ondes",546.0,2.1,1.0,0.59,7.8,1.1,20.15362793,2,B,42,D,https://world.openfoodfacts.org/product/3270160695881,63.889,C
Le Kebab de Poulet et sa Semoule à l'Orientale,Fleury Michon,"Viandes et dérivés, Plats préparés, Plats préparés à la viande, Plats à base de semoule, Plats à la volaille, Plats au poulet, Plats préparés à réchauffer au micro-ondes",717.0,1.3,2.6,0.73,7.3,0.8,5.6525,3,C,28,E,https://world.openfoodfacts.org/product/3302748083022,57.778,D
"Lasagnes saumon, epinard",Picard,"Surgelés, Plats préparés, Plats à base de pâtes, Plats préparés au poisson, Lasagnes préparées, Lasagnes au poisson, Plats au saumon, Plats préparés surgelés, Plats préparés à réchauffer au micro-ondes, Lasagnes au saumon, Lasagnes surgelées, Lasagnes au saumon et épinards",427.0,1.9,1.7,0.7,6.3,1.5,26.01666667,3,C,46,C,https://world.openfoodfacts.org/product/3270160696871,67.778,C
Émincés de poulet conchiglie complètes et légumes à l'italienne,Picard,"aliments-et-boissons-à-base-de-végétaux, aliments-d'origine-végétale, viandes-et-dérivés, surgelés, plats-préparés, pâtes-alimentaires, plats-préparés-à-la-viande, plats-à-la-volaille, plats-préparés-surgelés, plats-au-poulet, plats-préparés-à-réchauffer-au-micro-ondes, conchiglie, fr:plats-au-poulet, en:plats-préparés, en:plats-préparés-surgelés, en:plats-préparés-à-la-viande, en:plats-préparés-à-réchauffer-au-micro-ondes, en:plats-à-base-de-pâtes, en:plats-à-la-volaille, en:produits-à-la-viande, en:surgelés",413.0,0.7,2.7,0.32,7.9,3.1,47.02,-3,A,28,E,https://world.openfoodfacts.org/product/3270160862870,64.444,C
Tagliatelles à la carbonara,"Formule express, Picard","Viandes et dérivés, Surgelés, Plats préparés, Plats à base de pâtes, Plats préparés à la viande, Plats au porc, Plats préparés surgelés, Plats préparés à réchauffer au micro-ondes, Pâtes à la carbonara, Tagliatelles à la carbonara",678.0,5.1,1.1,0.66,6.9,1.1,0.0,8,C,64,B,https://world.openfoodfacts.org/product/3270160634439,67.222,C
Saumon sauce oseille & son riz pilaf,"Lidl Stiftung & Co. KG,Toque du Chef","Plats préparés,Plats à base de pâtes,Plats préparés au poisson,Plats à base de riz,Plats au saumon,Plats préparés à réchauffer au micro-ondes,Saumon à l'oseille et riz,Saumon à l'oseille",628.0,2.0,0.7,0.7,7.1,0.6,13.35,3,C,48,C,https://world.openfoodfacts.org/product/20224042,67.778,C
Gratin de Choux-Fleurs au Jambon & à l'emmental,Fleury Michon,"Plats préparés, Gratins, Plats préparés à réchauffer au micro-ondes, Gratins de légumes, Gratins de choux-fleurs",414.0,3.5,2.21,0.71,7.5,1.0,46.33799438,3,C,75,A,https://world.openfoodfacts.org/product/3302744121025,77.778,A
Buddha Bowl Pâtes au basilic,Picard,"Aliments et boissons à base de végétaux,Aliments d'origine végétale,Surgelés,Plats préparés,Plats à base de pâtes,Salades composées,en:Combination Meals,Salades de pâtes,Plats préparés surgelés,Plats préparés d'origine végétale,Buddha Bowl,Salades de pâtes végétariennes,Plats préparés à réchauffer au micro-ondes",575.0,0.7,0.5,0.3,6.4,4.6,56.4825,-3,A,79,A,https://world.openfoodfacts.org/product/3270160861606,84.444,A
Tagliatelles au Poulet sauce Pesto,Fleury Michon,"Meats and their products, Meals, Pasta dishes, Meals with meat, Poultry meals, Meals with chicken, Microwave meals, en:pots",582.0,1.77,2.2,0.74,6.33,1.2,27.880625,3,C,23,E,https://world.openfoodfacts.org/product/3302740030901,57.778,D
"Émincés de poulet, tagliatelles complètes et légumes façon wok",Picard,"Viandes et dérivés, Surgelés, Plats préparés, Plats à base de pâtes, Plats préparés à la viande, Plats à la volaille, Plats préparés surgelés, Plats au poulet, Plats préparés à réchauffer au micro-ondes, Plats préparés à faible teneur en matières grasses",435.0,0.4,3.1,0.43,9.1,2.3,37.40292969,0,A,25,E,https://world.openfoodfacts.org/product/3270160726165,61.111,D
Ravioli chèvre et ciboulette,"Jardin bio, LÉA NATURE","Aliments et boissons à base de végétaux, Aliments d'origine végétale, Céréales et pommes de terre, Céréales et dérivés, Plats préparés, Plats à base de pâtes, Pâtes alimentaires, Pâtes farcies, Ravioli, Plats préparés à réchauffer au micro-ondes, Pâtes farcies au fromage, Plats préparés d'origine végétale, Ravioli au fromage",366.0,0.6,4.9,0.54,3.0,1.8,40.07109375,2,B,75,A,https://world.openfoodfacts.org/product/3456300007992,78.889,A
Parmentier de canard confit,Fleury Michon,"Surgelés,Plats préparés,Plats préparés à la viande,Plats à la volaille,Plats au canard,Parmentiers de canard,Plats préparés à réchauffer au micro-ondes,Plats préparés à réchauffer au four traditionnel",515.0,3.33,2.2,1.92,7.33,1.1,11.5,13,D,27,E,https://world.openfoodfacts.org/product/3302740076466,50.0,E
Risotto au poulet et aux cèpes,Toque du Chef,"Meats and their products, Frozen foods, Meals, Meals with meat, Rice dishes, Poultry meals, Risottos, Meals with chicken, Microwave meals, Vegetable risottos, Chicken risottos, Mushrooms-risottos, en:mushroom-risottos",506.0,3.0,0.8,0.67,5.68,0.0,8.5,4,C,60,B,https://world.openfoodfacts.org/product/4056489194965,71.667,B
Saucisse de Toulouse aux Lentilles cuisinées,La Belle Chaurienne,"Viandes et dérivés,Plats préparés,Plats préparés à la viande,Plats au porc,Plats à base de lentilles,Plats préparés à réchauffer au micro-ondes,Saucisses aux lentilles,Plats préparés à réchauffer au bain-marie",653.0,3.2,0.2,0.7,9.4,2.4,20.9,4,C,69,B,https://world.openfoodfacts.org/product/3245362031959,71.667,B
Saumon et tagliatelles sauce à l'oseille Plat de la mer d'aucy 300g,D'aucy,"Conserves,Plats préparés,Plats à base de pâtes,Plats préparés au poisson,Plats au saumon,Plats préparés en conserve,Plats préparés à réchauffer au micro-ondes,Pâtes au poisson,Pâtes au saumon,Saumon à l'oseille, en:Combination Meals, en:Ready to eat combination meals",542.0,1.9,0.5,0.71,8.0,1.1,6.955,2,B,23,E,https://world.openfoodfacts.org/product/3017800132463,58.889,D
"Lasagnes Légumes Grillés, Mozzarella",Picard,"Surgelés, Plats préparés, Plats à base de pâtes, Lasagnes préparées, Plats préparés surgelés, Plats préparés à réchauffer au micro-ondes, Lasagnes aux légumes, Lasagnes surgelées, Lasagnes végétariennes",477.0,2.4,3.2,0.57,5.0,1.8,47.7,2,B,58,C,https://world.openfoodfacts.org/product/3270160813681,68.889,C
Colin d'Alaska à la bordelaise et riz aux légumes,"Formule express, Picard","Surgelés, Plats préparés, Plats préparés au poisson, Plats à base de riz, Plats préparés surgelés, Plats préparés au poisson blanc cuit, Plats préparés à réchauffer au micro-ondes, Poisson blanc à la bordelaise, Colin d'Alaska à la bordelaise, Plats à base de colin",623.0,3.5,0.9,0.74,6.0,0.6,11.5,5,C,34,D,https://world.openfoodfacts.org/product/3270160636914,60.556,D
"POULET BASQUAISE, RIZ ET COURGETTES WW 300G","WW, Weight watchers","Viandes et dérivés,Plats préparés,Plats préparés à la viande,Plats à base de riz,Plats à la volaille,Plats au poulet,Plats préparés à réchauffer au micro-ondes,Poulets basquaise",419.0,0.4,1.8,0.76,6.5,0.9,50.2,1,B,26,E,https://world.openfoodfacts.org/product/3248830000655,60.0,D
La Paëlla de la Mer,Maison Briau,"Viandes et dérivés, Plats préparés, Frais, Plats préparés à la viande, Plats à base de riz, Plats préparés frais, Plats préparés à réchauffer au micro-ondes, Paëllas, Paellas-de-la-mer",621.0,0.8,0.2,0.71,6.9,1.8,21.6552908,2,B,32,D,https://world.openfoodfacts.org/product/3571492510003,63.889,C
Couscous,Picard,"Viandes et dérivés,Surgelés,Plats préparés,Plats préparés à la viande,Plats à base de semoule,en:Combination Meals,Plats à la volaille,Couscous préparés,Couscous à la viande,Plats préparés surgelés,Plats au poulet,Plats préparés à réchauffer au micro-ondes,Couscous au poulet,Couscous au mouton",511.0,1.0,0.5,0.71,6.9,1.9,25.02111072,2,B,18,E,https://world.openfoodfacts.org/product/3270160860753,58.889,D
Risotto au saumon & épinards à la crème,Fleury Michon,"Meals,Meals with fish,Rice dishes,Risottos,Microwave meals,Risotto with seafood,Salmon risottos",591.0,2.0,0.6,0.6,6.7,1.0,17.0578125,2,B,55,C,https://world.openfoodfacts.org/product/3302748093021,68.889,C
Le Saumon à l'oseille et son riz basmati,Fleury Michon,"Surgelés,Plats préparés,Plats préparés au poisson,Plats à base de riz,Plats au saumon,Plats préparés à réchauffer au micro-ondes,Saumon à l'oseille et riz,Saumon à l'oseille",662.0,1.6,0.9,0.67,8.1,0.5,2.1,2,B,24,E,https://world.openfoodfacts.org/product/3302740003837,58.889,D
"Spicy tomato, lentil and red pepper soup",By Sainsbury's,"Plant-based foods and beverages, Plant-based foods, Fruits and vegetables based foods, Meals, Soups, Vegetable soups",272.0,0.1,3.6,0.5,3.7,0.0,0.0,2,B,83,A,https://world.openfoodfacts.org/product/01498257,78.889,A
Knorr Soupe Déshydratée Forestière Champignons & Oignons 3 Portions,Knorr,"Plats préparés,Produits déshydratés,Produits lyophilisés à reconstituer,Soupes,Plats préparés déshydratés,Soupes déshydratées,Soupes aux champignons déshydratée",185.0,0.9,1.3,0.65,0.9,0.5,7.099667468,3,C,29,E,https://world.openfoodfacts.org/product/8718114807980,57.778,D
Lentil Dhal Soup,Sainsbury's,"Meals, Soups, en:vegetable-soups",238.0,0.999,1.401,0.47025,2.4,3.21,49.72025,0,A,85,A,https://world.openfoodfacts.org/product/01799095,81.111,A
Mouliné de 12 légumes,Liebig,Soupes de légumes,156.0,0.3,1.4,0.67,0.8,1.2,29.47281731,3,C,82,A,https://world.openfoodfacts.org/product/3036815431156,77.778,A
Cream of Tomato Soup,Heinz,"Plant-based foods and beverages, Plant-based foods, Fruits and vegetables based foods, Vegetables based foods, Meals, Soups, Tomatoes and their products, Cream soups, Vegetable soups, Cream of vegetable soups, Cream of tomato soups, en:tomato-soups",213.0,0.2,4.8,0.4925,0.8,0.6,89.0049235,-2,A,80,A,https://world.openfoodfacts.org/product/5000157062758,83.333,A
Cream of Mushroom  Soup,Heinz,"Plant-based foods and beverages,Plant-based foods,Fruits and vegetables based foods,Vegetables based foods,Meals,Mushrooms and their products,Soups,Cream soups,Reheatable soups,Cream of mushroom soups,Mushroom soups",222.0,0.4,2.2,0.6,1.6,0.1,6.0,2,B,50,C,https://world.openfoodfacts.org/product/5000157062697,68.889,C
Gazpacho l'original,Alvalle,"Aliments et boissons à base de végétaux, Aliments d'origine végétale, Aliments à base de fruits et de légumes, Plats préparés, Soupes, Soupes de légumes, Soupes froides, Gaspacho",168.0,0.4,3.3,0.62,0.9,1.2,96.39,-2,A,81,A,https://world.openfoodfacts.org/product/5410188024647,83.333,A
Gratinée oignons et croûtons,royco,"Plats préparés,Produits déshydratés,Produits lyophilisés à reconstituer,Soupes,Plats préparés déshydratés,Soupes déshydratées,Soupes à l'oignon",146.0,0.7,0.6,0.85,0.6,0.2,29.00214844,4,C,72,B,https://world.openfoodfacts.org/product/3036812020704,71.667,B
Knorr Soupe Déshydratée Douceur de 9 Légumes 3 Portions,"DouceurⓇ, Knorr®","Aliments et boissons à base de végétaux, Aliments d'origine végétale, Aliments à base de fruits et de légumes, Plats préparés, Produits déshydratés, Produits lyophilisés à reconstituer, Soupes, Veloutés, Plats préparés déshydratés, Soupes de légumes, Veloutés de légumes, Soupes déshydratées",198.0,1.4,2.4,0.72,0.9,0.8,27.7,4,C,72,B,https://world.openfoodfacts.org/product/3011360023995,71.667,B
Knorr Soupe Déshydratée Douceur d'Asperges 3 Portions,"Knorr®, Unilever®","Plant-based foods and beverages,Plant-based foods,Fruits and vegetables based foods,Meals,Dried products,Dried products to be rehydrated,Soups,Cream soups,Dried meals,Vegetable soups,Cream of vegetable soups,Dehydrated soups,Cream of asparagus soups",260.0,2.0,0.8,0.72,1.2,0.5,8.525,4,C,73,B,https://world.openfoodfacts.org/product/3011360083302,71.667,B
Velouté tomates,ROYCO,"Plant-based foods and beverages,Plant-based foods,Fruits and vegetables based foods,Dried products,Meals,Dried products to be rehydrated,Soups,Dried meals,Vegetable soups,Dehydrated soups,Dehydrated tomato soup,fr:fabriqué en France",151.0,0.4,3.1,0.69,0.5,0.4,24.06552124,3,C,71,B,https://world.openfoodfacts.org/product/3036815424394,72.778,B
Nouilles de blé instantanées saveur poulet,Tien Shan,"Plant-based foods and beverages,Plant-based foods,Cereals and potatoes,Cereals and their products,Meals,Dried products,Pastas,Dried products to be rehydrated,Noodles,Soups,Dried meals,Instant noodles,Dehydrated soups,fr:Nouilles-asiatiques,fr:Soupes-de-nouilles",320.0,0.6,0.9,1.0,1.3,0.4,0.002109375,4,C,67,B,https://world.openfoodfacts.org/product/3229820783017,71.667,B
Soba Cup Noodles &quot;Teriyaki&quot;,Nissin,"Pflanzliche Lebensmittel und Getränke, Pflanzliche Lebensmittel, Getreide und Kartoffeln, Getreideprodukte, Getrocknete Produkte, Fertiggerichte, Teigwaren, Getrocknete Produkte zur Rehydrierung, Nudeln, Suppen, Getrocknete Fertiggerichte, Instant-Nudeln, Instantsuppen, Instant Nudelsuppen",858.0,3.7,4.1,1.5,5.5,0.0,7.66171875,13,D,37,D,https://world.openfoodfacts.org/product/5997523313159,53.889,E
Bouillon volaille &vermicelles,RoycoCampbell's,"Plats préparés,Produits déshydratés,Produits lyophilisés à reconstituer,Soupes,Bouillons,Plats préparés déshydratés,Soupes à réchauffer,Soupes à la volaille,Soupes déshydratées,Soupes à la volaille et aux vermicelles,Bouillons de volaille,Soupes à la volaille et aux vermicelles à réchauffer",86.0,0.05,0.3,0.7,0.7,0.3,7.5,3,C,78,A,https://world.openfoodfacts.org/product/3036812050640,77.778,A
Velouté de potiron,Liebig,"Plant-based foods and beverages, Plant-based foods, Fruits and vegetables based foods, Meals, Soups, Cream soups, Vegetable soups, Cream of vegetable soups, Cream of pumpkin soups",146.0,0.6,1.5,0.66,0.6,1.9,44.75,2,B,83,A,https://world.openfoodfacts.org/product/3036811366322,78.889,A
Délice de potiron châtaigne,Liebig,"Aliments et boissons à base de végétaux, Aliments d'origine végétale, Aliments à base de fruits et de légumes, Plats préparés, Soupes, Soupes de légumes, Soupes de potiron",132.0,0.3,1.7,0.66,0.6,1.0,39.525,3,C,82,A,https://world.openfoodfacts.org/product/3036815425513,77.778,A
Alvalle Gazpacho vert 1 L,Alvalle,"Plant-based foods and beverages,Plant-based foods,Fruits and vegetables based foods,Meals,Soups,Vegetable soups,Cold soups,Gazpacho",145.0,0.3,2.3,0.4,1.1,0.8,55.31875,0,A,82,A,https://world.openfoodfacts.org/product/5410188026320,81.111,A
Soupe à la chinoise,Liebig,"Aliments et boissons à base de végétaux, Aliments d'origine végétale, Aliments à base de fruits et de légumes, Plats préparés, Soupes, Soupes de légumes",88.0,0.1,0.5,0.75,0.5,0.5,17.4,3,C,89,A,https://world.openfoodfacts.org/product/3036811358112,77.778,A
Mian Tiao saveur boeuf - 85 g - Tien Shan,Tien Shan,"Aliments et boissons à base de végétaux, Aliments d'origine végétale, Céréales et pommes de terre, Céréales et dérivés, Plats préparés, Produits déshydratés, Pâtes alimentaires, Produits lyophilisés à reconstituer, Nouilles, Soupes, Plats préparés déshydratés, Nouilles instantanées, Soupes déshydratées, Nouilles-asiatiques, Soupes-de-nouilles",348.0,1.8,0.9,0.8,2.0,0.6,0.3,5,C,67,B,https://world.openfoodfacts.org/product/3229820783031,70.556,B
Gazpacho salmorejo,"Alvalle, Pepsico","Aliments et boissons à base de végétaux, Aliments d'origine végétale, Aliments à base de fruits et de légumes, Plats préparés, Soupes, Réfrigérés, Soupes de légumes, Soupes froides, Plats préparés réfrigérés, Gaspacho, Soupes réfrigérées, Soupes de légumes réfrigérées, Salmorejo",311.0,0.7,2.8,0.63,1.1,1.1,75.7325,1,B,83,A,https://world.openfoodfacts.org/product/5410188032161,80.0,A
Knorr Soupe Liquide Mouliné de Légumes Variés 1L,Knorr,"Plant-based foods and beverages, Plant-based foods, Fruits and vegetables based foods, Meals, Soups, Cream soups, Reheatable soups, Vegetable soups, Cream of vegetable soups",108.0,0.2,1.3,0.67,0.8,1.0,0.0,3,C,82,A,https://world.openfoodfacts.org/product/8714100769362,77.778,A
Knorr Soupe Liquide Potiron Pointe de Muscade 450ml,Knorr,"Aliments et boissons à base de végétaux, Aliments d'origine végétale, Aliments à base de fruits et de légumes, Conserves, Plats préparés, Soupes, Veloutés, Soupes à réchauffer, Soupes de légumes, Plats préparés en conserve, Veloutés de légumes, Soupes en conserve, Veloutés de potiron",170.0,1.2,2.6,0.66,0.6,1.0,45.078125,3,C,89,A,https://world.openfoodfacts.org/product/8711200350339,77.778,A
Spiced Lentil & Tomato Soup,M&S,"Plant-based foods and beverages, Plant-based foods, Fruits and vegetables based foods, Meals, Soups, Vegetable soups, Dahl",180.0,0.1,2.2,0.4225,2.1,1.1,33.25042725,2,B,78,A,https://world.openfoodfacts.org/product/00851985,78.889,A
Velouté de Legumes du Soleil,Liebig,"Aliments et boissons à base de végétaux, Aliments d'origine végétale, Aliments à base de fruits et de légumes, Plats préparés, Soupes, Veloutés, Soupes de légumes, Veloutés de légumes, Veloutés de légumes du soleil",151.0,0.3,2.2,0.64,0.8,1.2,76.09863281,1,B,83,A,https://world.openfoodfacts.org/product/3036811460426,80.0,A
Légumes  et vermicelles,Liebig,"Aliments et boissons à base de végétaux, Aliments d'origine végétale, Aliments à base de fruits et de légumes, Surgelés, Plats préparés, en:Bread coverings, Aides culinaires, Soupes, Veloutés, Décorations alimentaires, Aides à la pâtisserie, Soupes de légumes, Veloutés de légumes, Vermicelles, Soupes-aux-legumes-et-vermicelles",146.0,0.2,1.2,0.68,1.1,1.1,37.5,3,C,83,A,https://world.openfoodfacts.org/product/3036811367749,77.778,A
Velouté lentilles corail,Picard,"Plant-based foods and beverages,Plant-based foods,Fruits and vegetables based foods,Frozen foods,Meals,Soups,Combination Meals,Cream soups,Vegetable soups,Cream of vegetable soups,Frozen ready-made meals,Frozen soups,Frozen vegetable soups",349.0,2.1,0.8,0.5,4.9,5.7,37.1,0,A,83,A,https://world.openfoodfacts.org/product/3270160687114,81.111,A
Creamy Tomato & Basil soup,Cully&sully,"Aliments et boissons à base de végétaux, Aliments d'origine végétale, Aliments à base de fruits et de légumes, Plats préparés, Soupes, Soupes de légumes",339.0,3.9,3.9,0.59,1.0,1.0,34.80320435,7,C,85,A,https://world.openfoodfacts.org/product/5391511420421,73.333,B
Potiron et Kiri,Liebig,"Aliments et boissons à base de végétaux, Aliments d'origine végétale, Aliments à base de fruits et de légumes, Plats préparés, Soupes, Soupes de légumes",163.0,0.9,1.4,0.65,0.8,1.4,36.85,3,C,87,A,https://world.openfoodfacts.org/product/3036811366445,77.778,A
Gazpacho brique 1l,Saint eloi,"Aliments et boissons à base de végétaux, Aliments d'origine végétale, Aliments à base de fruits et de légumes, Plats préparés, Soupes, Soupes de légumes, Soupes froides, Gaspacho",216.0,0.5,3.5,0.53,0.8,1.2,95.265,-2,A,84,A,https://world.openfoodfacts.org/product/3250392158491,83.333,A
minestrone with croutons,Batchelors,"Meals, Soups, Minestrone soups, en:vegetable-soups",146.0,0.3,1.6,0.5,0.6,0.5,28.25,2,B,73,B,https://world.openfoodfacts.org/product/5000175409122,73.889,B
Pesto alla Genovese,Barilla,"Condiments,Sauces,Sauces pour pâtes,Sauces Pesto,en:Cooking Sauces,Pestos au basilic",2030.0,5.3,5.0,3.2,4.7,3.0,30.04882813,27,E,49,C,https://world.openfoodfacts.org/product/8076809513753,42.222,E
Tomato Ketchup,Heinz,"Condiments,Sauces,Tomato sauces,Ketchup,Tomato Ketchup",435.0,0.1,22.8,1.8,1.2,0.0,61.8,13,D,80,A,https://world.openfoodfacts.org/product/87157215,66.667,C
Real Mayonnaise,Hellmann's,"Condiments,Sauces,Sauces salades,Mayonnaises,en:Groceries",3033.0,6.2,1.3,1.18,1.1,0.0,0.096875,20,E,47,C,https://world.openfoodfacts.org/product/8722700479475,48.889,E
Pesto Rosso,Barilla,Red pestos,1360.0,3.4,7.8,2.8,3.8,2.3,52.0,21,E,46,C,https://world.openfoodfacts.org/product/8076809523547,48.889,E
Maille Moutarde Fine de Dijon L'Originale Bocal 360g,Maille,"Condiments, Sauces, Moutardes, Moutardes de Dijon",600.0,0.7,2.0,4.9,7.6,3.8,0.0,20,E,66,B,https://world.openfoodfacts.org/product/8720182556738,57.222,D
Amora Moutarde Forte Bocal 430g,Amora,Moutardes de Dijon,605.0,0.7,2.0,4.9,7.7,3.8,0.0,20,E,66,B,https://world.openfoodfacts.org/product/8720182460721,57.222,D
HP Sauce Original imp,HP Foods,"Condiments,Sauces,Sauces barbecue,Sauces brunes",500.0,0.667,23.3,8.0,0.667,0.0,54.56730769,26,E,76,A,https://world.openfoodfacts.org/product/5000111046244,52.222,E
Majoneesi,Hellmann's,"Krydderier,Saucer,en:Salad dressings,en:Mayonnaises",3012.0,3.0,0.7,0.59,1.1,0.0,0.066071429,12,D,50,C,https://world.openfoodfacts.org/product/5000184321064,57.778,D
Tomato Ketchup 910g,"Heinz, Fach 3","Condiments,Sauces,Tomato sauces,Ketchup,Tomato Ketchup,Groceries",435.0,0.1,22.8,1.8,1.2,0.0,54.6875,14,D,78,A,https://world.openfoodfacts.org/product/87157277,65.556,C
Pesto Classic Basil,Saclà,"Condiments, Sauces, Pasta sauces, Pestos, Green pestos",1590.0,5.0,3.5,2.65,4.9,2.3,46.0,21,E,39,D,https://world.openfoodfacts.org/product/8001060375109,45.0,E
Pesto con Basilico e Rucola,Barilla,"Gewürzmittel,Saucen,Nudelsoßen,Pestos,en:Cooking Sauces,Pesto alla Genovese,en:groceries",1833.0,5.0,4.9,3.0,4.5,1.8,34.71875,24,E,56,C,https://world.openfoodfacts.org/product/8076809545396,45.556,E
Salsa de Soja,Kikkoman,"Condiments, Sauces, Sauces au soja",325.0,0.0,0.6,17.1,10.0,0.0,18.75,20,E,89,A,https://world.openfoodfacts.org/product/8715035110304,63.333,C
AMORA Ketchup Flacon Souple 550g,Amora,"Condiments, Sauces, Sauces tomate, Ketchup",414.0,0.1,21.0,2.0,1.2,0.5,76.0,14,D,74,B,https://world.openfoodfacts.org/product/8712100751370,60.556,D
Panzani - spf - sauce pesto vert 200g,Panzani,"Aliments et boissons à base de végétaux,Aliments d'origine végétale,Condiments,Plantes condimentaires,en:Herbs and spices,Plantes aromatiques,Herbes aromatiques,Sauces,Sauces pour pâtes,Sauces Pesto,Basilic,en:Cooking Sauces,Pestos au basilic,Pesto Vert",1360.0,4.5,3.5,2.8,3.8,1.8,41.25,21,E,46,C,https://world.openfoodfacts.org/product/3038354199603,48.889,E
Tiptree tomato ketchup,Wilkin & Sons,"Condiments, Sauces, Tomato sauces, Ketchup, Tomato Ketchup, Groceries",695.0,0.0,37.0,0.003,1.8,0.0,63.54166667,10,C,85,A,https://world.openfoodfacts.org/product/0043647868039,70.0,B
Heinz Baked Beans,Heinz,"Plant-based foods and beverages, Plant-based foods, Legumes and their products, Canned foods, Condiments, Legumes, Seeds, Canned plant-based foods, Legume seeds, Pulses, Common beans, Prepared vegetables, Sauces, Baked beans in tomato sauce, Canned legumes, Tomato sauces, White beans, Canned common beans, Groceries",339.0,0.0482,4.29,0.616,4.82,3.86,93.46628906,-3,B,82,A,https://world.openfoodfacts.org/product/5000157024886,84.444,A
Organic Houmous,Tesco,"Plant-based foods and beverages,Plant-based foods,Condiments,Spreads,Plant-based spreads,Salted spreads,Sauces,Dips,Hummus,Classic hummus",887.0,1.8,0.6,0.74,6.6,4.0,60.9,1,B,78,A,https://world.openfoodfacts.org/product/10066980,80.0,A
"Ketchup zéro sel ajouré, 70% moins de sucres",HEINZ,"Condiments,Ketchup",185.0,0.0,4.4,0.05,1.6,0.0,63.28125,-1,A,78,A,https://world.openfoodfacts.org/product/8715700112596,82.222,A
SO organic Mayonnaise,Sainsbury's,"Condiments, Sauces, Mayonnaises, Groceries",2908.0,8.3,2.3,0.83,1.1,0.0,0.0,20,E,62,B,https://world.openfoodfacts.org/product/01784060,53.889,E
Amora Spécialité à la moutarde de Dijon aux épices et aromates Savora Bocal 385g,"Amora, Unilever","Condiments, Sauces, Moutardes, en:groceries, Spécialité à la Moutarde",513.0,0.3,5.9,4.7,3.8,1.04,-0.06640625,22,E,67,B,https://world.openfoodfacts.org/product/8712100731822,52.778,E
Custard powder,Bird's,"Dairies,Condiments,Cooking helpers,Sauces,Dessert mixes,Dessert sauces,Custards and pastry creams,Custard powder",334.0,0.976,9.51,0.152,3.11,0.305,0.0,1,B,76,A,https://world.openfoodfacts.org/product/5000354908248,80.0,A
Sauce Tomate concentrée cuisinée aux petits légumes,Panzani,"Condiments, Sauces, Sauces pour pâtes, Sauces tomate, Sauces aux légumes, Sauces tomate aux petits légumes, en:groceries, Sauces pour féculents, Sauces tomates cuisinée aux petits légumes, Kits repas",572.0,0.5,9.3,2.9,2.8,2.0,53.79722222,16,D,73,B,https://world.openfoodfacts.org/product/3038359004544,59.444,D
Classic Barbecue - Smokey & Rich,Heinz,"Condiments,Sauces,Barbecue sauces",584.0,0.1,29.0,1.2,0.9,0.0,0.208072917,14,D,70,B,https://world.openfoodfacts.org/product/87157154,60.556,D
Pastasaus m/Basilikum,"Mutti, Oluf lorentzen as","Plant-based foods and beverages, Plant-based foods, Fruits and vegetables based foods, Condiments, Vegetables based foods, Cooking helpers, Sauces, Tomatoes and their products, Meal sauces, Pasta sauces, Tomato sauces, Tomato sauces with basil",234.0,0.5,4.5,0.81,1.6,0.0,70.2,3,C,85,A,https://world.openfoodfacts.org/product/8005110517006,77.778,A
Classic pesto,Filippo Berio,"Condiments,Sauces,Sauces Pesto,Pestos au basilic,en:Groceries",1950.0,5.0,1.67,2.92,5.0,0.0,0.050366951,23,E,51,C,https://world.openfoodfacts.org/product/8002210112445,47.778,E
Maille Mayonnaise,Maille,"Condiments, Sauces, Mayonnaises, Dijon mayonnaises, Groceries",2778.0,5.9,1.0,1.1,1.6,0.5,0.0,18,D,39,D,https://world.openfoodfacts.org/product/8718114734484,46.111,E
Tesco Houmous,Tesco,"Plant-based foods and beverages, Plant-based foods, Condiments, Spreads, Plant-based spreads, Salted spreads, Sauces, Dips, Hummus",954.0,1.6,0.6,0.9,6.1,4.3,58.515625,2,B,80,A,https://world.openfoodfacts.org/product/10065891,78.889,A
Tomato ketchup 50% less sugar and salt,Heinz,"Condiments,Sauces,Tomato sauces,Ketchup,Tomato Ketchup",271.0,0.0,11.0,0.9,1.4,0.0,67.7,5,C,74,B,https://world.openfoodfacts.org/product/8715700423951,70.556,B
Moutarde de Dijon,"Kania, Lidl, Winarom","Condiments, Sauces, Mustards, Dijon mustards, Groceries",643.0,0.8,2.7,5.7,7.2,0.0,0.0,21,E,66,B,https://world.openfoodfacts.org/product/20697075,55.0,D
PREMIUM SOY SAUCE,LEE KUM KEE,"Condiments,Sauces,Soy sauces,fr:Sauces au soja salées,Asian-foods,Chinese-foods",420.0,0.0,13.3,17.2,6.67,0.0,17.5,24,E,78,A,https://world.openfoodfacts.org/product/0078895126396,56.667,D
Ketchup,Amora,"Condiments, Sauces, Tomato sauces, Ketchup, Groceries",414.0,0.1,21.0,2.0,1.2,0.5,23.91666667,16,D,82,A,https://world.openfoodfacts.org/product/8722700113348,63.333,C
Classic Houmous,"Meadow Fresh,Simply Sumptuous","Aliments et boissons à base de végétaux,Aliments d'origine végétale,Condiments,Produits à tartiner,Pâtes à tartiner végétales,Produits à tartiner salés,Sauces,Trempettes,Houmous,Houmous classiques",1312.0,2.4,0.6,0.49,7.8,5.2,51.0,1,B,77,A,https://world.openfoodfacts.org/product/20843427,80.0,A
Mayonnaise Classique à l'huile de colza,Lesieur,"Condiments,Sauces,Mayonnaises,Groceries",2674.0,5.5,2.0,1.3,1.0,0.0,0.0,18,D,47,C,https://world.openfoodfacts.org/product/3011360030498,51.111,E
Vinaigrette Légère Huile de Sésame & Sauce Soja Graines de Sésame Torréfiées 36 cl,"Maille,Unilever","Condiments,Sauces,Salad dressings,Vinaigrettes,fr:Vinaigrettes allégées en matières grasses,Groceries,fr:Vinaigrettes au sésame",1559.0,3.3,5.5,1.8,1.9,0.7,0.0,16,D,49,C,https://world.openfoodfacts.org/product/8711200584383,53.333,E
MAILLE Mayonnaise Fins Gourmets Bocal 320g,MailleUnilever,"Condiments,Sauces,Mayonnaises,groceries",2732.0,5.8,0.5,1.5,1.9,0.6,0.75,20,E,37,D,https://world.openfoodfacts.org/product/3250541920139,43.889,E
Prince Goût Chocolat,LU,"Snacks,Breakfasts,Sweet snacks,Biscuits and cakes,Biscuits and crackers,Sandwich biscuits",1960.0,5.5,31.5,0.5,6.5,4.0,0.0,20,E,44,D,https://world.openfoodfacts.org/product/7622210449283,46.111,E
Excellence Noir Prodigieux 90% Cacao,Lindt,"Snacks,Snacks sucrés,Cacao et dérivés,Chocolats,Chocolats noirs,Chocolats noirs en tablette,Chocolats noirs extra fin",2477.0,30.0,7.0,0.03,10.0,0.0,0.0,19,E,29,E,https://world.openfoodfacts.org/product/3046920029759,44.444,E
Sésame,Gerblé,"Snacks,Snacks sucrés,Biscuits et gâteaux,Biscuits sucrés & biscuits apéritifs,Biscuits",1961.0,2.0,17.0,0.38,10.0,4.6,0.0,9,C,57,C,https://world.openfoodfacts.org/product/3175680011480,65.556,C
Chocolat noir - 85% cacao,J.D. Gross,"Snacks,Sweet snacks,Cocoa and its products,Chocolates,Dark chocolates",2510.0,28.0,12.0,0.0,12.0,16.0,0.0,15,D,43,D,https://world.openfoodfacts.org/product/20995553,53.889,E
Organic 70% Dark Chocolate Bar,Green & Black's,"Snacks,Snacks sucrés,Cacao et dérivés,Chocolats,Chocolats noirs,Chocolat noir en tablette extra dégustation à 70% de cacao minimum",2428.0,25.0,29.0,0.01,9.1,10.0,0.0,20,E,40,D,https://world.openfoodfacts.org/product/7622210578464,47.222,E
Biscuits croquants au coeur onctueux de Nutella®,Nutella,"Botanas,Snacks dulces,Galletas y pasteles,en:Biscuits and crackers,Galletas,en:Biscuits/Cookies (Shelf Stable),fr:Biscoitos recheados",2158.0,11.5,35.8,0.559,7.9,0.0,0.0,28,E,44,D,https://world.openfoodfacts.org/product/8000500310427,38.333,E
Excellence Noir Intense 70% Cacao,Lindt,"Produits fermentés,Snacks,Snacks sucrés,Cacao et dérivés,Chocolats,Chocolats noirs,Chocolats noirs en tablette,Chocolat noir en tablette extra dégustation à 70% de cacao minimum",2350.0,24.0,30.0,0.02,9.5,0.0,0.0,25,E,29,E,https://world.openfoodfacts.org/product/3046920022651,36.667,E
Dark chocolate,Green and black,"Snacks,Snacks sucrés,Cacao et dérivés,Confiseries,Confiseries chocolatées,Chocolats,Chocolats noirs",2530.0,30.0,13.9,0.131,10.0,12.8,0.0,15,D,55,C,https://world.openfoodfacts.org/product/7622210584724,58.889,D
Excellence Noir Puissant 85% Cacao,Lindt,"Snacks,Snacks sucrés,Cacao et dérivés,Chocolats,Chocolats noirs,Chocolats noirs en tablette",2418.0,27.0,15.0,0.02,12.5,0.0,0.0,21,E,29,E,https://world.openfoodfacts.org/product/3046920022606,43.333,E
Fourrés Chocolat Noir,Bjorg,"Snacks, Sweet snacks, Biscuits and cakes, Biscuits and crackers, Biscuits, Chocolate biscuits, Filled biscuits, Dark chocolate biscuits, Sandwich biscuits",1996.0,6.3,27.0,0.49,7.6,5.2,0.0,18,D,70,B,https://world.openfoodfacts.org/product/3229820100234,59.444,D
Tuc Original,"LU,Mondelēz,Tuc","Imbiss,Salzige Snacks,Vorspeisen,en:Biscuits and crackers,Crackers",2017.0,9.0,7.1,1.7,8.3,2.4,0.0,24,E,62,B,https://world.openfoodfacts.org/product/5410041001204,52.778,E
70% chocolate,Lindt & Sprüngli,"Snacks,Sweet snacks,Cocoa and its products,Chocolates,Dark chocolates,Dark chocolate bar with more than 70% cocoa,Extra fine dark chocolates",2370.0,24.0,30.0,5e-05,9.5,0.0,0.0,25,E,29,E,https://world.openfoodfacts.org/product/3046920028004,36.667,E
Pomme 🍏 🍎 Noisette🥜,Gerblé,"Snacks,Sweet snacks,Biscuits and cakes,Biscuits and crackers,Biscuits,Dry biscuits",1902.0,1.5,11.0,0.01,9.8,6.6,5.3,1,B,70,B,https://world.openfoodfacts.org/product/3175681851849,75.0,B
Excellence 85% Cacao Rich Dark,Lindt,"Lanches comida,Lanches doces,Cacau e derivados,Chocolates,Chocolates amargos,en:Dark chocolate bar with more than 70% cocoa,en:Extra fine dark chocolates",2420.0,27.0,15.0,0.0125,12.5,15.0,0.0,16,D,26,E,https://world.openfoodfacts.org/product/3046920028363,48.889,E
Nutella,Ferrero,"Snacks,Breakfasts,Spreads,Sweet spreads,fr:Pâtes à tartiner,Hazelnut spreads,Chocolate spreads,Cocoa and hazelnuts spreads",2231.0,10.67,56.0,1.07,6.0,0.0,0.0,36,E,30,D,https://world.openfoodfacts.org/product/80176800,28.333,E
Figue & son,Gerblé,"Snacks,Snacks sucrés,Biscuits et gâteaux,Biscuits sucrés & biscuits apéritifs,Biscuits,Biscuits au son de blé,Biscuits au son de blé et la figue",1883.0,1.7,16.0,0.19,9.3,13.0,5.1,2,B,60,B,https://world.openfoodfacts.org/product/3251490332080,73.889,B
Bitter Extra Kraftig,"Lindt,Lindt&Sprüngli","Snacks,Sweet snacks,Cocoa and its products,Chocolates,Dark chocolates,Dark chocolate bar with more than 70% cocoa",2397.0,30.0,1.0,0.7,14.0,0.0,0.0,20,E,24,E,https://world.openfoodfacts.org/product/3046920028721,44.444,E
Nestlé Dessert,Nestlé,"Snacks, Desserts, Sweet snacks, Cocoa and its products, Chocolates, Dark chocolates, Dark chocolate bar, Dark chocolate bar for cooking with more than 40% cocoa",2285.0,20.2,46.4,0.01,6.0,7.3,0.0,25,E,43,D,https://world.openfoodfacts.org/product/7613035040823,40.556,E
Pains au lait x10,Pasquier,"Snacks,Snacks sucrés,en:Sweet pastries and pies,Viennoiseries,Pains au lait",1485.0,4.0,11.0,0.00275,8.6,3.5,0.0,6,C,71,B,https://world.openfoodfacts.org/product/3256540000698,69.444,C
Chocolat au lait,Milka,"snacks, snacks-sucrés, cacao-et-dérivés, chocolats, chocolats-au-lait, tablette-de-chocolat-au-lait, en:cacao-et-dérivés, es:chocolates-con-leche, fr:chocolats, fr:chocolats-au-lait, en:snacks-sucrés",2255.0,19.0,55.0,0.275,6.5,2.3,0.0,32,E,26,E,https://world.openfoodfacts.org/product/3045140105502,27.778,E
Brioche Tranchée Bio 400g,La Boulangère,"Snacks,Breakfasts,Sweet snacks,Sweet pastries and pies,Viennoiseries,Brioches,Pure butter brioche,fr:Brioches tranchées",1413.0,0.9,13.0,0.95,8.8,3.9,0.0,10,C,69,B,https://world.openfoodfacts.org/product/3284230006408,68.333,C
Bio Chocolat Noir 70%,LIDL,"Snacks,Snacks sucrés,Cacao et dérivés,Chocolats,Chocolats noirs,Chocolat noir en tablette extra dégustation à 70% de cacao minimum",2393.0,25.0,28.0,0.01,8.5,11.1,0.0,20,E,53,C,https://world.openfoodfacts.org/product/40896243,52.222,E
Fruit & Nut Mix,"Alesto,Lidl","Plant-based foods and beverages, Plant-based foods, Fruits and vegetables based foods, Snacks, Dried products, Fruits based foods, Dried plant-based foods, Dried fruits, Dried mixed fruits, Mix of grains and dried fruit, Mix of grains and raisins, Nuts with dried fruits",2110.0,3.0,35.7,0.02,10.8,6.9,50.0,13,D,38,D,https://world.openfoodfacts.org/product/20815394,56.111,D
La gâche tranchée,La Fournée Dorée,"Snacks,Sweet snacks,Sweet pastries and pies,Viennoiseries,Brioches",1434.0,7.4,13.0,1.12,8.1,0.0,0.0,19,E,49,C,https://world.openfoodfacts.org/product/3587220002252,53.333,E
Excellence Noir Subtil Doux 70% Cacao,Lindt Excellence,"Snacks, Sweet snacks, Cocoa and its products, Chocolates, Dark chocolates, Dark chocolate bar with more than 70% cocoa, en:extra-fine-dark-chocolates",2528.0,29.0,29.0,0.01,6.9,0.0,0.0,25,E,29,E,https://world.openfoodfacts.org/product/3046920029780,35.556,E
Granola L'Original,"LU, Mondelez International","Snacks,Snacks sucrés,Biscuits et gâteaux,Biscuits sucrés & biscuits apéritifs,Biscuits,Biscuits au chocolat,Biscuits sablés,Biscuits nappés au chocolat,Sablés nappés de chocolat,Sablés au chocolat",2058.0,12.0,28.0,1.2,5.9,3.5,0.0,28,E,40,D,https://world.openfoodfacts.org/product/7622210601988,37.222,E
Cracotte Céréales Complètes,"lu, LU","Aliments et boissons à base de végétaux,Aliments d'origine végétale,Snacks,Céréales et pommes de terre,Tartines craquantes extrudées",1591.0,1.0,7.9,1.6,11.0,5.4,0.0,10,C,64,B,https://world.openfoodfacts.org/product/3041090063206,69.444,C
Kinder Bueno,Kinder,"Botanas,Snacks dulces,Galletas y pasteles,en:Biscuits and crackers,Galletas,en:Wafers,Galletas de chocolate,Obleas rellenas,en:Chocolate stuffed wafers",2393.0,17.3,41.2,0.1975,8.6,2.0,0.0,29,E,22,E,https://world.openfoodfacts.org/product/80052760,32.222,E
Pringles Sare,Pringles,"plant-based-foods-and-beverages, plant-based-foods, snacks, salty-snacks, appetizers, chips-and-fries, crisps, salty-snacks-made-from-potato, bg:чипс",2214.0,3.0,0.9,1.0,6.1,3.5,0.0,11,D,72,B,https://world.openfoodfacts.org/product/5053990101573,66.111,C
Cracotte,LU,"Plantaardige levensmiddelen en dranken,Plantaardige levensmiddelen,Snacks,Granen en aardappels,Knapperige broodproducten",1649.0,1.0,7.9,1.7,11.0,3.0,0.0,14,D,73,B,https://world.openfoodfacts.org/product/3041090063114,65.0,C
Biscuits goût chocolat,BN,"Snacks,Sweet snacks,Biscuits and cakes,Biscuits,Chocolate biscuits,Filled biscuits",1900.0,8.84,29.8,1.1,6.63,3.87,0.0,25,E,35,D,https://world.openfoodfacts.org/product/3061990143365,40.556,E
digestives,McVitie's,"Snacks,Sweet snacks,Biscuits and cakes,Biscuits and crackers,Biscuits",2021.0,10.1,15.1,1.3,7.0,3.7,0.0,25,E,44,D,https://world.openfoodfacts.org/product/5000168036755,40.556,E
Figolu,LUMondelez,"Snacks,Sweet snacks,Biscuits and cakes,Biscuits and crackers,Biscuits,Filled biscuits,Biscuit filled with fruit paste,Biscuits et gâteaux,Biscuits fourrés,Biscuits sec fourré à la pâte de fruits,Snacks sucrés",1680.0,3.75,50.0,0.000937,4.69,3.12,26.0,21,E,49,C,https://world.openfoodfacts.org/product/7622201133337,48.889,E
Sour Cream & Onion,Pringles,"Snacks,Salty snacks,Appetizers,Chips and fries,Crisps,Salty snacks made from potato",2191.0,6.4,2.7,1.3,6.0,3.4,0.710227273,17,D,67,B,https://world.openfoodfacts.org/product/5053990155354,59.444,D
Biscuit lait chocolat,"Gerblé,Gerblé Vitalité,Nutrition & Santé","Snacks,Sweet snacks,Biscuits and cakes,Biscuits and crackers,Biscuits,Chocolate biscuits",1919.0,2.8,21.0,0.74,8.5,5.0,0.0,14,D,74,B,https://world.openfoodfacts.org/product/3175680011534,63.889,C
Crunchy Avoine & Chocolat Noir x 5 x 2 barres de 21 g,"General Mills,Nature Valley","Snacks,Sweet snacks,Bars,Cereal bars,Chocolate cereal bars",1981.0,3.4,26.8,0.65,8.7,7.0,0.0,14,D,36,D,https://world.openfoodfacts.org/product/8410076601148,53.889,E
Cookie🍪 cacao pépites Sans Sucre,Gerblé,"Snacks,Snacks sucrés,Biscuits et gâteaux,Biscuits sucrés & biscuits apéritifs,Biscuits,Biscuits au chocolat",1728.0,3.3,0.0,0.21,8.0,8.9,0.0,1,B,56,C,https://world.openfoodfacts.org/product/3175681105423,70.0,B
Biscuit soja orange,Gerblé,"Snacks,Breakfasts,Sweet snacks,Biscuits and cakes,Biscuits and crackers,Biscuits,Crispy biscuits,Diet crispy biscuit,Dry biscuits,Shortbread cookies,Breakfast biscuit,Shortbread biscuit with fruits",1866.0,1.4,18.0,0.36,11.0,4.9,1.5,10,C,64,B,https://world.openfoodfacts.org/product/3175680011442,69.444,C
petit déjeuner miel et pépites de chocolat,belvita,"Snacks,Breakfasts,Sweet snacks,Biscuits and cakes,Biscuits and crackers,Biscuits,Dry biscuits,Breakfast biscuit,Breakfast biscuit with cereals fortified with vitamins and chemical elements",1711.0,2.8,26.0,1.4,5.7,7.6,0.0,15,D,71,B,https://world.openfoodfacts.org/product/16811207,61.667,C
Sablés Anglais L'Original,"McVitie's,United Biscuits","Snacks,Sweet snacks,Biscuits and cakes,Biscuits and crackers,Biscuits,Shortbread cookies,Plain wheat biscuits",2025.0,10.1,15.1,1.3,7.0,3.7,0.0,25,E,53,C,https://world.openfoodfacts.org/product/5000168198491,45.556,E
P'tit Nature Complet,Bjorg,"Biscuits et gâteaux,Biscuits",1750.0,0.8,20.0,0.45,7.6,7.6,0.0,7,C,70,B,https://world.openfoodfacts.org/product/3229820021027,71.667,B
Excellence Noir Corsé 78% Cacao,Lindt,"Snacks,Sweet snacks,Cocoa and its products,Chocolates,Dark chocolates,Dark chocolate bar with more than 70% cocoa",2380.0,29.0,17.0,0.0375,10.0,0.0,0.0,21,E,29,E,https://world.openfoodfacts.org/product/3046920010047,42.222,E
Картофельные чипсы со вкусом парики,Pringles,"Alimentos y bebidas de origen vegetal,Alimentos de origen vegetal,Botanas,Cereales y patatas,Snacks salados,Aperitivos,en:Chips and fries,Chips fritos,Chips de patatas fritas,Chips de patatas fritas con sabores,en:Paprika crisps,Aperitivos salados elaborados con patata",2180.0,2.8,3.2,1.28,6.7,4.4,0.0,12,D,67,B,https://world.openfoodfacts.org/product/5053990161669,65.0,C
Pringles Original,"Kellogg's, Pringles","Snacks,Snacks salés,Amuse-gueules,Chips et frites,Chips,Chips de pommes de terre",2220.0,3.0,0.9,0.983,6.1,3.5,0.0,11,D,70,B,https://world.openfoodfacts.org/product/5053990167807,66.111,C
Bonbon à la Sève de Pin,"La Vosgienne, Mondelez","Snacks, Snacks sucrés, Cacao et dérivés, Confiseries, Confiseries chocolatées, Bonbons de chocolat, Bonbons",1651.0,0.0,74.0,0.0,0.1,0.0,0.0,19,E,55,C,https://world.openfoodfacts.org/product/3014680009175,50.0,E
300G DRAGIBUS SOFT HARIBO,Haribo,"Snacks, Snacks sucrés, Confiseries, Bonbons, Bonbons gélifiés, Surgelés",1544.0,0.1,56.0,0.12,0.5,0.0,0.0,19,E,74,B,https://world.openfoodfacts.org/product/3103220048658,55.0,D
230G VICHY MENTHE,Vichy,"Snacks, Sweet snacks, Confectioneries, Candies, French candies, fr:Pastilles Vichy",1705.0,0.0,98.5,0.0,0.0,0.0,0.0,20,E,47,C,https://world.openfoodfacts.org/product/3664346306539,48.889,E
Chamallow,Haribo,"Snacks, Sweet snacks, Confectioneries, Candies, Marshmallows",1393.0,0.1,68.0,0.02,3.5,0.0,0.532670455,19,E,73,B,https://world.openfoodfacts.org/product/3103220046159,56.111,D
220G TAGADA DOYPACK HARIBO,Haribo,"Snacks,Snacks sucrés,Confiseries,Bonbons,Bonbons gélifiés,Confiserie-gélifiée,Fraises gélifiées",1520.0,0.1,74.0,0.01,2.6,0.0,6.71875,19,E,74,B,https://world.openfoodfacts.org/product/3103220044544,56.111,D
50G RICOLA CITRON MELISSE,Ricola,"Snacks,Snacks sucrés,Confiseries,Bonbons,Bonbons durs",991.0,0.0,0.0,0.0,0.0,0.0,0.15,2,B,81,A,https://world.openfoodfacts.org/product/7610700015445,78.889,A
Croco,Haribo,"Snacks, Sweet snacks, Confectioneries, Candies, Gummi candies, Gummy crocodiles",1465.0,0.1,51.0,0.03,5.7,0.0,1.654411765,18,D,74,B,https://world.openfoodfacts.org/product/3103220035214,58.333,D
50G RICOLA FRAMBOISE MELISSE,Ricola,"Snacks,Snacks sucrés,Confiseries,Bonbons,Bonbons durs,Bonbons sans sucre",994.0,0.0,0.0,0.0,0.0,0.0,0.725,2,B,80,A,https://world.openfoodfacts.org/product/7610700017654,78.889,A
"Tagada, L'originale",Haribo,"Snacks,Snacks sucrés,Confiseries,Bonbons,Bonbons gélifiés,Fraises gélifiées",1541.0,0.1,74.0,0.01,2.6,0.0,2.673611111,19,E,74,B,https://world.openfoodfacts.org/product/3103220033371,56.111,D
Mentos fruit,"Mentos,Perfetti","Lanches comida,Lanches doces,Confeitaria,Rebuçados e gomas,en:Dragées",1648.0,1.7,69.0,0.1,0.0,0.0,11.45833333,20,E,42,D,https://world.openfoodfacts.org/product/87108026,43.889,E
600G HAPPY BOX HARIBO,Haribo,"Snacks, Snacks sucrés, Confiseries, Bonbons, Bonbons gélifiés",1456.0,0.1,53.0,0.02,4.7,0.0,0.36633817,19,E,73,B,https://world.openfoodfacts.org/product/3103220033838,56.111,D
Lutti guimauve chocolat,Lutti,"Snacks, Sweet snacks, Cocoa and its products, Confectioneries, Chocolate candies, Bonbons, Candies, Marshmallows, en:marshmallows-coated-with-chocolate",1628.0,6.1,61.0,0.1,5.2,0.0,0.0,25,E,73,B,https://world.openfoodfacts.org/product/3116740033899,50.556,E
Schtroumpfs,Haribo,"Snacks, Sweet snacks, Confectioneries, Candies, Gummi candies",1411.0,0.1,43.0,0.03,6.6,0.0,1.059344952,16,D,74,B,https://world.openfoodfacts.org/product/3103220045640,60.556,D
БОНБОНИ МЕРСИ,"Merci,Storck","Botanas,Snacks dulces,Cacao y sus productos,Dulces,Dulces de chocolate,Bombones,Chocolates,Golosinas,Chocolate relleno,Surtido de chocolates",2346.0,20.0,48.0,0.18,7.8,0.0,0.0,30,E,41,D,https://world.openfoodfacts.org/product/4014400900217,36.111,E
300G DRAGÖLO HARIBO,Haribo,"Snacks, Sweet snacks, Confectioneries, Candies, en:gummi-candies",1526.0,0.1,54.0,0.06,3.2,0.0,0.079443199,19,E,74,B,https://world.openfoodfacts.org/product/3103220022696,56.111,D
Starmix,HARIBO,"Snacks,Sweet snacks,Confectioneries,Candies,Gummi candies",1360.0,0.0,50.0,0.0,7.5,0.0,0.703125,18,D,76,A,https://world.openfoodfacts.org/product/5012035927592,64.444,C
250G BUBBLIZZ LUTTI,Lutti,"Snacks, Snacks sucrés, Confiseries, Bonbons, Bonbons gélifiés, Bonbons acidulés gélifiés",1418.0,0.0,66.0,0.295,5.2,0.0,0.0,20,E,74,B,https://world.openfoodfacts.org/product/3116740033875,56.111,D
Bonbons Tic Tac x110 pastilles MENTHE - 54g,"Ferrero,Mixte,TIC TAC","Snacks,Snacks sucrés,Confiseries,Bonbons",1685.0,0.5,94.5,0.028,0.1,0.0,0.0,20,E,42,D,https://world.openfoodfacts.org/product/8000500166697,43.889,E
TIC TAC Fresh Mint,tictac,"Snacks,Condiments,Snacks sucrés,Confiseries,Bonbons",1685.0,0.5,94.5,0.028,0.1,0.0,0.0,20,E,51,C,https://world.openfoodfacts.org/product/80052043,48.889,E
50G RICOLA MENTHOL,Ricola,"Snacks,Snacks sucrés,Confiseries,Bonbons,Bonbons durs,Bonbons sans sucre",983.0,0.0,0.0,0.0,0.0,0.0,0.0,2,B,67,B,https://world.openfoodfacts.org/product/7610700015407,73.889,B
Bonbons à l'eucalyptus,"AmanieNord Fresh, Lidl","Snacks,Sweet snacks,Cocoa and its products,Confectioneries,Candies",1632.0,0.0,71.5,0.001,0.0,0.0,0.0,19,E,42,D,https://world.openfoodfacts.org/product/40879260,45.0,E
Werthers Original Drops Sukkerfri 42g,"Conaxess trade norway, Storck","Snacks, Snacks sucrés, Confiseries, Bonbons, Caramels, Bonbons durs",1203.0,5.7,0.5,1.2,0.2,0.0,0.0,13,D,80,A,https://world.openfoodfacts.org/product/4014400907902,66.667,C
Natural Original Liquorice 4 Bars,Panda,"Snacks, Sweet snacks, Confectioneries, Candies, Liquorice candies, Liquorice",1392.0,0.0,4.0,0.56,3.8,0.0,0.0,6,C,51,C,https://world.openfoodfacts.org/product/0075172079123,64.444,C
Orange Menthe,Ricola,"Snacks,Snacks sucrés,Confiseries,Bonbons,Bonbons sans sucre",989.0,0.0,0.0,0.03,0.0,0.0,12.14958333,2,B,65,B,https://world.openfoodfacts.org/product/7610700922361,73.889,B
Schweizer Kräuterbonbon,Ricola,"Snacks, Sweet snacks, Confectioneries, Candies",1670.0,0.0,76.0,0.0,0.0,0.0,2.5,19,E,44,D,https://world.openfoodfacts.org/product/7610700600054,45.0,E
Haribo pik,Haribo,"Snacks, Sweet snacks, Confectioneries, Candies, Gummi candies, en:acid-gummy-candies",1473.0,0.1,50.7,0.166,6.0,0.0,0.06266276,18,D,74,B,https://world.openfoodfacts.org/product/3103220035771,58.333,D
200G STARMINT HARIBO,Haribo,"Snacks,Sweet snacks,Cocoa and its products,Confectioneries,Chocolate candies,Bonbons,Candies,Snacks-sucres",1594.0,0.1,83.0,0.01,0.5,0.0,0.0,19,E,47,C,https://world.openfoodfacts.org/product/3103220006603,50.0,E
Lutti best fizz tubo 550g,Lutti,"snacks, snacks-sucrés, cacao-et-dérivés, confiseries, confiseries-chocolatées, bonbons-de-chocolat, bonbons, bonbons-gélifiés, bonbons-acidulés-gélifiés, en:bonbons-acidulés-gélifiés, en:bonbons-gélifiés, fr:confiseries, en:snacks-sucrés",1468.0,0.1,65.3,0.17,4.6,0.0,0.014085036,19,E,62,B,https://world.openfoodfacts.org/product/3116740029809,56.111,D
Lindor Lait,"Lindt, Lindt & Sprüngli","Snacks, Sweet snacks, Cocoa and its products, Confectioneries, Chocolate candies, Bonbons, Candies, Milk chocolate candies",2587.0,34.0,42.0,0.17,5.0,0.0,0.0,29,E,42,D,https://world.openfoodfacts.org/product/8003340091303,36.111,E
38G SKITTLES SACHET,Mars norge as,"Snacks, Snacks sucrés, Confiseries, Surgelés, Bonbons, Bonbons dragéifiés",1661.0,2.3,74.0,0.02,0.0,0.0,0.0,21,E,32,D,https://world.openfoodfacts.org/product/5000159376655,42.778,E
Rotella,Haribo,"Plant-based foods and beverages, Plant-based foods, Snacks, Sweet snacks, Confectioneries, Pastas, Candies, it:Rotelle",1267.0,0.2,38.0,1.8,3.7,0.0,0.0,22,E,47,C,https://world.openfoodfacts.org/product/3103220009635,47.778,E
50G RICOLA CASSIS,Ricola,"Snacks, Snacks sucrés, Confiseries, Surgelés, Bonbons",989.0,0.0,0.0,0.0,0.0,0.0,0.3,2,B,55,C,https://world.openfoodfacts.org/product/7610700015483,68.889,C
Bonbons aux plantes,Ricola,"Snacks, Snacks sucrés, Confiseries, Bonbons",994.0,0.0,0.0,0.03,0.0,0.0,6.688636364,2,B,55,C,https://world.openfoodfacts.org/product/7610700009888,68.889,C
Mao Croqui,Haribo,"Snacks, Snacks sucrés, Confiseries, Bonbons",1710.0,0.625,17.5,0.0125,0.9,0.0,0.057258606,10,C,47,C,https://world.openfoodfacts.org/product/3103220006658,60.0,D
Haribo dragolo,Haribo,"Snacks, Snacks sucrés, Confiseries, Bonbons, Bonbons gélifiés",1494.0,0.1,52.0,0.06,3.0,0.0,0.094495139,19,E,73,B,https://world.openfoodfacts.org/product/3103220048665,56.111,D
300G POLKA HARIBO,Haribo,"Snacks,Sweet snacks,Confectioneries,Candies,Gummi candies,fr:Sucrerie bonbons",1423.0,0.6,49.0,0.67,4.5,0.0,0.008711448,21,E,64,B,https://world.openfoodfacts.org/product/3103220045633,53.889,E
Bonbons Ricola aux Plantes,Ricola,"Snacks, Snacks sucrés, Confiseries, Bonbons",1004.0,0.0,0.0,0.0,0.0,0.0,0.0,2,B,47,C,https://world.openfoodfacts.org/product/7610700601624,68.889,C
Citron Mélisse,Ricola,"Snacks,Snacks sucrés,Confiseries,Surgelés,Bonbons,Bonbons sans sucre",991.0,0.0,0.0,0.0,0.0,0.0,0.15,2,B,65,B,https://world.openfoodfacts.org/product/7610700015582,73.889,B
Panda Liquorice,panda,"Plant-based foods and beverages, Snacks, Dairy substitutes, Desserts, Sweet snacks, Confectioneries, Non-dairy desserts, it:Liquirizia, en:liquorice-candies",1369.0,0.0,49.0,0.56,3.8,0.0,0.0,20,E,58,C,https://world.openfoodfacts.org/product/0075172079246,50.0,E
Arlequin Original,Lutti,"snacks, sweet-snacks, cocoa-and-its-products, confectioneries, chocolate-candies, bonbons, candies, fr:confiseries, snacks-sucrés",1634.0,0.0,58.0,0.01,0.0,0.0,0.0,19,E,47,C,https://world.openfoodfacts.org/product/3116740017332,50.0,E
Mentos mint,Mentos,en:candies,1653.0,1.9,69.0,0.1,0.0,0.0,0.0,20,E,42,D,https://world.openfoodfacts.org/product/87108019,43.889,E
Gom's,"Gom's, La pie qui chante","Snacks, Snacks sucrés, Confiseries, Bonbons, Bonbons gélifiés",1424.0,0.0,43.0,0.19,7.8,0.0,0.0,16,D,74,B,https://world.openfoodfacts.org/product/3664346303149,61.667,C
Goldbären,Haribo,"Grickalice,Slatki zalogaji,Konditorski proizvodi,Bomboni,Voćni gumeni bomboni,Kiseli gumeni bomboni,Gumeni medvjedići",1459.0,0.1,46.0,0.07,6.9,0.0,6.20721664,17,D,69,B,https://world.openfoodfacts.org/product/9002975301558,59.444,D
Carré Frais,Elle & Vire,"Produits laitiers,Produits fermentés,Produits laitiers fermentés,Fromages,Fromages à la crème,en:fromages-à-la-crème,en:produits-fermentés,en:produits-laitiers-fermentés",356.0,0.2,2.9,1.2775,16.0,0.0,0.0,1,B,55,C,https://world.openfoodfacts.org/product/3480341000674,70.0,B
Carré frais 0 pourcent ail et fines herbes,Elle & Vire,"Produits laitiers, Produits fermentés, Produits laitiers fermentés, Produits à tartiner, Fromages, Produits à tartiner salés, Fromages pasteurisés, Fromages à tartiner, Fromages à la crème, en:Uncured-soft-cheese-spreadable-around-30-40-fat-flavoured",352.0,0.0,2.8,0.0033,16.0,0.0,0.00495,-5,A,50,C,https://world.openfoodfacts.org/product/3480341000704,76.667,B
Yorkshire Cottage Cheese Natural,Longley Farm,"Dairies, Fermented foods, Desserts, Fermented milk products, Cheeses, Dairy desserts, Fermented dairy desserts, Plain fermented dairy desserts, Fresh cheeses, Cottage cheeses, Plain cottage cheeses",435.0,4.3,2.1,0.787,10.3,0.0,0.0,4,C,42,D,https://world.openfoodfacts.org/product/5010578008020,61.667,C
faisselle,RIANS,"Produits laitiers, Produits fermentés, Desserts, Produits laitiers fermentés, Fromages, Desserts lactés, Desserts lactés fermentés, Fromages à pâte fraîche, Fromages à la crème, Faisselles",318.0,2.9,4.5,0.1,4.3,0.0,0.0,2,B,50,C,https://world.openfoodfacts.org/product/3184670001080,68.889,C
Bresaola delle alpi,"Negroni, Veronesi","Prodotti a base di carne, en:Beef and its products, Carni, Manzo, Preparazioni a base di carne, Preparazioni a base di manzo, Carni essiccate, Prodotti a base di carne italiani, Bresaola",661.0,0.5,0.5,3.9,35.0,0.0,1.95,20,E,18,E,https://world.openfoodfacts.org/product/8028257014993,46.667,E
Egeturk Kipsalami,EGETÜRK,"Viandes et dérivés, Viande de bœuf et dérivés, Viandes, Bœuf, Poulet et dérivés, Volailles, Dinde et dérivés, Poulets, Dindes",1044.0,9.7,1.0,2.2,12.9,0.0,0.0,22,E,22,E,https://world.openfoodfacts.org/product/4017979013005,42.222,E
Bresaola della valtellina IGP,bonneterre,"viandes-et-dérivés, viande-de-bœuf-et-dérivés, viandes, charcuteries, bœuf, préparations-de-viande, préparations-de-viande-bovine, viandes-séchées, bresaola, it:bresaola-della-valtellina",645.0,0.8,0.1,4.375,34.0,0.0,0.0,21,E,18,E,https://world.openfoodfacts.org/product/3396410041311,45.556,E
4 brochettes de bœuf + 4 brochettes de porc,Jean Rozé,"Viandes et dérivés, Viande de bœuf et dérivés, Viandes, Bœuf, Porc et dérivés, Préparations de viande, Porc, Brochettes, Brochettes de viande, Brochettes de bœuf, Brochettes de porc",464.0,1.8,0.5,0.1,0.5,0.0,0.0,2,B,21,E,https://world.openfoodfacts.org/product/0210353051363,58.889,D
Premium Fruit & Nut Muesli,Lidl,"Aliments et boissons à base de végétaux,Aliments d'origine végétale,Aliments à base de fruits et de légumes,Petit-déjeuners,Céréales et pommes de terre,Céréales et dérivés,Fruits et produits dérivés,Céréales pour petit-déjeuner,Fruits,Céréales aux fruits,Mueslis,Mueslis aux fruits",1648.0,4.6,24.6,0.0375,8.8,6.4,44.5,10,C,62,B,https://world.openfoodfacts.org/product/20060831,68.333,C
Bio Knusper Müsli Früchte,"Crownfield,Lidl","Aliments et boissons à base de végétaux,Aliments d'origine végétale,Aliments à base de fruits et de légumes,Petit-déjeuners,Céréales et pommes de terre,Céréales et dérivés,Fruits et produits dérivés,Céréales pour petit-déjeuner,Fruits,Céréales aux fruits,Mueslis,Fruits rouges,Mueslis croustillants,Mueslis aux fruits,Mueslis croustillants aux fruits",1845.0,4.1,15.8,0.1975,9.7,8.3,5.258333333,8,C,78,A,https://world.openfoodfacts.org/product/4056489296805,76.667,B
Compote Pomme Nature,Andros,"Aliments et boissons à base de végétaux, Aliments d'origine végétale, Aliments à base de fruits et de légumes, Desserts, Fruits et produits dérivés, Fruits, Pommes, Compotes, Compotes de pomme, Compotes pommes nature",230.0,0.0,12.0,0.0,0.3,1.9,100.0,-2,A,87,A,https://world.openfoodfacts.org/product/3608580789758,83.333,A
Datteln,"Alesto, LIDL","Pflanzliche Lebensmittel und Getränke, Pflanzliche Lebensmittel, Frucht- und gemüsebasierte Lebensmittel, Getrocknete Produkte, Fruchtbasierte Lebensmittel, Getrocknete Produkte auf pflanzlicher Basis, Früchte, Dörrobst, Datteln, Deglet Nour Datteln, Entkernte Datteln",1243.0,0.1,60.0,0.03,2.1,7.4,66.66666667,12,D,54,C,https://world.openfoodfacts.org/product/20534479,57.778,D
Ananas. Stücke,"Freshona, Kirkland, Lidl Freshona, Freshona - Lidl","Plant-based foods and beverages,Plant-based foods,Fruits and vegetables based foods,Canned foods,Canned plant-based foods,Fruits based foods,Fruits,Canned fruits,Tropical fruits,Pineapple,Canned fruits in juice,Canned pineapples,Pineapple in juice",238.0,0.0,13.0,0.01,0.5,1.0,100.0,-2,A,85,A,https://world.openfoodfacts.org/product/4056489100553,83.333,A
Emotion,"Carrefour, Carrefour Sensation Carrefour","Aliments et boissons à base de végétaux, Aliments d'origine végétale, Aliments à base de fruits et de légumes, Petit-déjeuners, Produits à tartiner, Fruits et produits dérivés, Pâtes à tartiner végétales, Produits à tartiner sucrés, Confitures et marmelades, Fruits, Confitures, Fruits rouges, Confitures de fruits rouges, Fraises, Confitures de fraises",708.0,0.0,40.0,0.0,0.0,1.4,75.0,11,D,71,B,https://world.openfoodfacts.org/product/3560071270315,63.889,C
Pomme,Carrefour,"Aliments et boissons à base de végétaux,Aliments d'origine végétale,Desserts,Aliments à base de fruits et de légumes,Fruits et produits dérivés,Fruits,Pommes,Compotes,Compotes de pomme,Compotes pommes nature,Compote de fruits allégée en sucres",225.0,0.0,11.0,0.04,0.0,1.7,99.9,-2,A,81,A,https://world.openfoodfacts.org/product/3245414620131,83.333,A
Sift Figs,"Alesto, LIDL","Plant-based foods and beverages, Plant-based foods, Fruits and vegetables based foods, Dried products, Fruits based foods, Dried plant-based foods, Fruits, Dried fruits, Dried figs, Figs",1042.0,0.0,48.6,0.2,3.3,6.9,66.66666667,11,D,79,A,https://world.openfoodfacts.org/product/20534462,70.0,B
Fraise,Carrefour,"Aliments et boissons à base de végétaux, Aliments d'origine végétale, Aliments à base de fruits et de légumes, Petit-déjeuners, Produits à tartiner, Fruits et produits dérivés, Pâtes à tartiner végétales, Produits à tartiner sucrés, Confitures et marmelades, Fruits, Confitures, Fruits rouges, Confitures de fruits rouges, Fraises, Confitures de fraises, Surgelés",694.0,0.0,39.0,0.03,0.0,0.6,63.875,11,D,73,B,https://world.openfoodfacts.org/product/3560071501570,63.889,C
Canneberges sucrées séchées,Alesto,"Aliments et boissons à base de végétaux, Aliments d'origine végétale, Aliments à base de fruits et de légumes, Snacks, Fruits et produits dérivés, Produits déshydratés, Fruits, Aliments à base de plantes séchées, Fruits rouges, Fruits secs, Canneberges, Canneberges séchées",1395.0,0.1,71.3,0.02,0.4,5.5,66.0,14,D,29,E,https://world.openfoodfacts.org/product/4056489167037,45.556,E
Olives vertes dénoyautées,Tramier,"Aliments et boissons à base de végétaux, Aliments d'origine végétale, Aliments à base de fruits et de légumes, Fruits et produits dérivés, Pickles, Fruits, Produits de l'olivier, Pickles d'origine végétale, Olives, Olives vertes, Olives dénoyautées, Olives vertes dénoyautées",624.0,2.3,0.0,3.5,1.2,0.0,71.5,18,D,86,A,https://world.openfoodfacts.org/product/3017233001008,61.111,D
Dattes Deglet Nour,"Lidl, Alesto","Plant-based foods and beverages,Plant-based foods,Fruits and vegetables based foods,Fruits based foods,Dried products,Fruits,Dried plant-based foods,Dried fruits,Dates,Deglet Noor dates",1200.0,0.1,64.7,0.1,1.8,7.3,100.0,9,C,62,B,https://world.openfoodfacts.org/product/4056489362043,66.111,C
Tropical Fruits Granola,Tesco,"Plant-based foods and beverages, Plant-based foods, Fruits and vegetables based foods, Breakfasts, Cereals and potatoes, Cereals and their products, Fruits based foods, Breakfast cereals, Fruits, Cereals with fruits, Mueslis, Tropical fruits, Mueslis with fruits",1787.0,3.0,17.1,0.03,9.7,6.9,24.55,8,C,52,C,https://world.openfoodfacts.org/product/5051399536071,66.667,C
Pommes Myrtille SSA,Charles & Alice,"Aliments et boissons à base de végétaux, Aliments d'origine végétale, Aliments à base de fruits et de légumes, Desserts, Fruits et produits dérivés, Fruits, Pommes, Compotes, Compotes de pomme, Compotes pommes myrtille",230.0,0.1,11.0,0.01,0.5,1.0,98.8,-2,A,88,A,https://world.openfoodfacts.org/product/3297760097990,83.333,A
TK - Beerenmischung,Freshona,"Alimentos y bebidas de origen vegetal,Alimentos de origen vegetal,Frutas y verduras y sus productos,Congelados,Frutas y sus productos,Alimentos de origen vegetal congelados,Frutas,Frutas del bosque,Frutas congeladas,Mezclas de frutas congeladas,Frutas del bosque congeladas,Mezclas de frutas del bosque congeladas",255.0,0.1,6.7,0.01,0.9,1.3,100.0,-4,A,59,C,https://world.openfoodfacts.org/product/4056489655664,75.556,B
Avocados,Lidl,"Plant-based foods and beverages, Plant-based foods, Fruits and vegetables based foods, Fruits based foods, Fruits, Tropical fruits, Avocados",795.0,4.1,0.5,0.05,1.9,3.4,100.0,0,A,67,B,https://world.openfoodfacts.org/product/20229030,76.111,B
Marmelade - Fruchtaufstrich Erdbeere,Maribel,"Pflanzliche Lebensmittel und Getränke, Pflanzliche Lebensmittel, Frucht- und gemüsebasierte Lebensmittel, Frühstücke, Brotaufstriche, Fruchtbasierte Lebensmittel, Pflanzliche Brotaufstriche, Süße Brotaufstriche, Konfitüren und Marmeladen, Früchte, Konfitüren, Beeren, Marmeladen aus roten Früchten, Zitronenmarmeladen, Marmeladen, Erdbeeren, Erdbeere Konfitüren",758.0,0.1,42.0,0.03,0.6,0.0,79.16666667,12,D,73,B,https://world.openfoodfacts.org/product/20270261,62.778,C
Bananes,"Banane de Guadeloupe & Martinique, Fruidor","Aliments et boissons à base de végétaux, Aliments d'origine végétale, Aliments à base de fruits et de légumes, Fruits et produits dérivés, Fruits, Fruits tropicaux, Bananes",397.0,0.1,15.0,0.0,1.2,3.0,100.0,0,A,84,A,https://world.openfoodfacts.org/product/3347761000663,81.111,A
2 Avocats mûrs à point,"Marque Repère,Notre Jardin","Aliments et boissons à base de végétaux,Aliments d'origine végétale,Aliments à base de fruits et de légumes,Fruits et produits dérivés,Fruits,Fruits tropicaux,Avocats",843.0,4.51,0.4,0.015,1.56,3.6,100.0,0,A,66,B,https://world.openfoodfacts.org/product/3564700448687,76.111,B
Pomme vanille,Carrefour,"Aliments et boissons à base de végétaux, Aliments d'origine végétale, Aliments à base de fruits et de légumes, Desserts, Fruits et produits dérivés, Fruits, Pommes, Compotes, Compotes de pomme, Compotes pommes vanille",218.0,0.1,11.0,0.04,0.3,1.7,99.3,-2,A,89,A,https://world.openfoodfacts.org/product/3245414620148,83.333,A
Tesco Green Seedless Grapes (Crisp & Juicy),Tesco,"Plant-based foods and beverages, Plant-based foods, Fruits and vegetables based foods, Fruits based foods, Fruits, Grapes, Green grapes, en:green-seedless-grapes",307.0,0.01,15.5,0.03,0.75,1.0,100.0,-1,A,86,A,https://world.openfoodfacts.org/product/10066096,82.222,A
Dattes Deglet Nour de Tunisie,"Color Foods, La Favorite","Aliments et boissons à base de végétaux, Aliments d'origine végétale, Aliments à base de fruits et de légumes, Fruits et produits dérivés, Produits déshydratés, Fruits, Aliments à base de plantes séchées, Fruits secs, Dattes, Dattes Deglet Nour",1213.0,0.2,57.0,0.04,2.0,8.0,75.0,11,D,53,C,https://world.openfoodfacts.org/product/3068233500404,58.889,D
Cerise Noire,Lucien Georgelin,"Aliments et boissons à base de végétaux, Aliments d'origine végétale, Aliments à base de fruits et de légumes, Petit-déjeuners, Produits à tartiner, Fruits et produits dérivés, Pâtes à tartiner végétales, Produits à tartiner sucrés, Confitures et marmelades, Fruits, Confitures, Cerises, Confitures de cerises",761.0,0.09,43.0,0.08,0.7,0.0,69.0,12,D,31,D,https://world.openfoodfacts.org/product/3330720251404,52.778,E
Dattes,LA FAVORITE,"Aliments et boissons à base de végétaux,Aliments d'origine végétale,Aliments à base de fruits et de légumes,Fruits et produits dérivés,Produits déshydratés,Fruits,Aliments à base de plantes séchées,Fruits secs,Dattes,Dattes Deglet Nour",1288.0,0.0,68.0,0.01,2.2,7.3,0.0,14,D,62,B,https://world.openfoodfacts.org/product/3433791013602,60.556,D
Datteln entsteint / Dates pitted,Seeberger,"Plant-based foods and beverages, Plant-based foods, Fruits and vegetables based foods, Dried products, Fruits based foods, Dried plant-based foods, Fruits, Dried fruits, Dates, Pitted dates, en:deglet-noor-dates",1225.0,0.1,65.0,0.09,1.9,0.0,0.0,18,D,54,C,https://world.openfoodfacts.org/product/4008258252017,51.111,E
Dattes séchées dénoyautées,Jama Fruits,"Aliments et boissons à base de végétaux,Aliments d'origine végétale,Aliments à base de fruits et de légumes,Fruits et produits dérivés,Produits déshydratés,Fruits,Aliments à base de plantes séchées,Fruits secs,Dattes,Dattes Deglet Nour,fromages",1238.0,0.1,48.0,0.01,2.5,0.0,99.0,10,C,49,C,https://world.openfoodfacts.org/product/8718734820598,60.0,D
Medjool Dates,Sainsbury's,"Plant-based foods and beverages, Plant-based foods, Fruits and vegetables based foods, Fruits based foods, Fruits, Dates, Medjool dates",901.0,0.3,46.4,0.02,2.0,6.3,100.0,7,C,51,C,https://world.openfoodfacts.org/product/01587173,63.333,C
Purée de Pomme Poire Williams SSA,Andros,"Aliments et boissons à base de végétaux, Aliments d'origine végétale, Aliments à base de fruits et de légumes, Desserts, Fruits et produits dérivés, Fruits, Compotes, Compotes de pomme, Compotes pommes poires",222.0,0.0,11.0,0.0,0.4,2.1,100.0,-2,A,89,A,https://world.openfoodfacts.org/product/3608580787235,83.333,A
Abricots secs dénoyautés,Jama Fruits,"Aliments et boissons à base de végétaux, Aliments d'origine végétale, Aliments à base de fruits et de légumes, Fruits et produits dérivés, Produits déshydratés, Fruits, Aliments à base de plantes séchées, Fruits secs, Abricots, Abricots secs",1105.0,0.0,28.8,1.5,2.3,0.0,2.9296875,18,D,44,D,https://world.openfoodfacts.org/product/8718734820413,46.111,E
Ananas Scheiben,"Freshona, Lidl","Pflanzliche Lebensmittel und Getränke, Pflanzliche Lebensmittel, Frucht- und gemüsebasierte Lebensmittel, Konserven, Konserven-Produkte auf pflanzlicher Basis, Fruchtbasierte Lebensmittel, Früchte, Dosenfrüchte, Tropische Früchte, Ananas, Dosenfrüchte im Saft, Dosenananas, Ananas im Saft",238.0,0.0,13.0,0.01,0.5,0.0,100.0,-2,A,85,A,https://world.openfoodfacts.org/product/20829520,83.333,A
Aprikosen,Seeberger,"Pflanzliche Lebensmittel und Getränke, Pflanzliche Lebensmittel, Frucht- und gemüsebasierte Lebensmittel, Getrocknete Produkte, Fruchtbasierte Lebensmittel, Getrocknete Produkte auf pflanzlicher Basis, Früchte, Dörrobst, Aprikosen, Getrocknete Aprikosen",1169.0,0.1,49.0,0.03,4.8,0.0,75.0,15,D,44,D,https://world.openfoodfacts.org/product/4008258359013,50.556,E
Dattes denoyautées moelleuses,"Alesto, Lidl","Aliments et boissons à base de végétaux, Aliments d'origine végétale, Aliments à base de fruits et de légumes, Fruits et produits dérivés, Produits déshydratés, Fruits, Aliments à base de plantes séchées, Fruits secs, Dattes, Dattes Deglet Nour, Dattes dénoyautées",1172.0,0.1,60.0,0.0,2.0,8.2,66.66666667,11,D,49,C,https://world.openfoodfacts.org/product/4056489194477,58.889,D
Dattes Deglet Nour Branchées,Les Jardins de Laylah,"Aliments et boissons à base de végétaux, Aliments d'origine végétale, Aliments à base de fruits et de légumes, Fruits et produits dérivés, Produits déshydratés, Fruits, Aliments à base de plantes séchées, Fruits secs, Dattes, Dattes Deglet Nour",1272.0,0.1,63.0,0.01,2.2,7.5,100.0,8,C,52,C,https://world.openfoodfacts.org/product/26087276,62.222,C
Abricots moelleux,"Intermarché, Paquito","Aliments et boissons à base de végétaux, Aliments d'origine végétale, Aliments à base de fruits et de légumes, Fruits et produits dérivés, Produits déshydratés, Fruits, Aliments à base de plantes séchées, Fruits secs, Abricots, Abricots secs, Aliments-a-base-de-plantes-seches",844.0,0.1,29.0,0.03,2.1,6.2,66.66666667,5,C,57,C,https://world.openfoodfacts.org/product/3250391435401,65.556,C
Marmelade Feige,Zuegg,"Pflanzliche Lebensmittel und Getränke, Pflanzliche Lebensmittel, Frucht- und gemüsebasierte Lebensmittel, Frühstücke, Brotaufstriche, Fruchtbasierte Lebensmittel, Pflanzliche Brotaufstriche, Süße Brotaufstriche, Konfitüren und Marmeladen, Früchte, Konfitüren, Feigen, Feigenkonfitüren",1008.0,0.0,56.0,0.03,0.5,1.9,71.875,16,D,81,A,https://world.openfoodfacts.org/product/80298403,63.333,C
Brioche tranchée,Les Pâtissades,"Aliments et boissons à base de végétaux,Aliments d'origine végétale,Aliments à base de fruits et de légumes,Snacks,Snacks sucrés,Fruits et produits dérivés,Fruits,en:Sweet pastries and pies,Viennoiseries,Brioches,Brioches pur beurre,Brioches tranchées,Brioches tranchées pur beurre",1486.0,8.4,12.0,1.1,7.1,2.4,0.0,20,E,50,C,https://world.openfoodfacts.org/product/26073521,51.111,E
Blanc de Poulet,Fleury Michon,"Meats and their products,Meats,Chicken and its products,Poultries,Chickens,Charcuterie-de-volaille,Viande",418.0,0.4,0.5,1.475,21.0,0.0,2.0625,1,B,22,E,https://world.openfoodfacts.org/product/3302740059193,60.0,D
HERTA Blanc Poulet Nature conservation sans nitrite x4 -140g,Herta,"Meats and their products, Meats, Prepared meats, fr:Charcuteries cuites, Poultry hams, en:chickens, Préparations de viande, Préparations au poulet, Blancs de poulet en tranches",446.3,0.7,0.0,1.5,21.0,0.0,0.039477539,1,B,19,E,https://world.openfoodfacts.org/product/3154230800965,60.0,D
Rôti de Poulet - 100% filet,Fleury Michon,"Viandes et dérivés, Viandes, Charcuteries, Poulet et dérivés, Volailles, Poulets, Charcuteries cuites, Blancs de volaille en tranches, Filets de poulet, Blancs de poulet en tranches",460.0,0.7,0.5,2.25,22.0,0.0,0.205078125,12,D,19,E,https://world.openfoodfacts.org/product/3302740039362,55.556,D
Aiguillettes de Poulet Rôti,Fleury Michon,"Viandes et dérivés, Viandes, Poulet et dérivés, Volailles, Poulets, Aiguillettes de poulet",498.0,0.2,2.0,1.5,24.0,0.0,2.734375,1,B,22,E,https://world.openfoodfacts.org/product/3302740021244,60.0,D
Lightly Salted Corn Cakes,Rivercote,"Meats and their products, Meats, Chicken and its products, Meat preparations, Poultries, Breaded products, Chickens, Cooked poultries, Chicken preparations, Cooked chicken, Poultry nuggets, Breaded chicken, Chicken nuggets",1607.0,0.2,0.5,0.31,7.0,1.7,0.0,3,C,36,D,https://world.openfoodfacts.org/product/20226909,62.778,C
Panés de poulet x2,Le gaulois,"Viandes et dérivés, Préparations de viande, Viandes, Poulet et dérivés, Volailles, Préparations au poulet, Produits panés, Poulets, Volailles cuites, Poulets panés, Poulets cuisinés",916.0,2.2,1.7,1.2,12.0,2.0,0.0,5,C,35,D,https://world.openfoodfacts.org/product/3266980138721,60.556,D
Filet de poulet rôti,Fleury Michon,"Viandes et dérivés,Viandes,Charcuteries,Poulet et dérivés,Volailles,Poulets,Charcuteries cuites,Blancs de volaille en tranches,Filets de poulet,Blancs de poulet en tranches",469.0,0.6,0.5,1.5,23.0,0.0,8.042279412,1,B,19,E,https://world.openfoodfacts.org/product/3302740057670,60.0,D
Emincés de Poulet - Rôtis au Four,Fleury Michon,"Meats and their products,Meats,Chicken and its products,Poultries,Chickens,fr:Emincés de poulet",699.0,2.0,0.8,1.77,22.0,0.0,1.80625,11,D,26,E,https://world.openfoodfacts.org/product/3095758913013,56.667,D
Blanc de Poulet  - 25% de sel*,Fleury Michon,"Viandes et dérivés, Viandes, Charcuteries, Poulet et dérivés, Volailles, Poulets, Charcuteries cuites, Blancs de volaille en tranches, Blancs de poulet en tranches",431.0,0.5,0.5,1.3775,21.0,0.0,2.12625,0,A,24,E,https://world.openfoodfacts.org/product/3095757047108,61.111,D
Blanc de Poulet - Rôti à la Broche,Fleury Michon,"Meats and their products, Meats, Prepared meats, fr:Charcuteries cuites, Poultry hams, Cooked chicken breast slices, fr:Blancs de poulet rôti à la broche, en:chickens",440.0,0.5,0.5,1.8,21.0,0.0,1.408300781,2,B,19,E,https://world.openfoodfacts.org/product/3095756196012,58.889,D
Cordons bleus de poulet,"Les Volailles du Chef, Toque du Chef","viandes-et-dérivés, viandes, poulet-et-dérivés, préparations-de-viande, volailles, produits-panés, poulets, préparations-au-poulet, cordons-bleus, en:chicken-cordons-bleus",954.0,2.9,2.0,11.2,12.0,2.0,0.0,24,E,38,D,https://world.openfoodfacts.org/product/4056489039556,43.889,E
Blanc de Poulet Nature Sans Nitrite,Fleury Michon,"Meats and their products, Meats, Prepared meats, Chicken and its products, Poultries, Chickens, fr:Charcuteries cuites, Poultry hams, Cooked chicken breast slices",418.0,0.4,0.5,1.5,21.0,0.0,0.278645833,1,B,19,E,https://world.openfoodfacts.org/product/3302740059186,60.0,D
Blanc de Poulet - Doré au Four,Fleury Michon,"Viandes et dérivés, Viandes, Charcuteries, Poulet et dérivés, Volailles, Poulets, Charcuteries cuites, Blancs de volaille en tranches, Blancs de poulet en tranches, Blancs de poulet doré au four",418.0,0.4,0.5,0.00375,21.0,0.0,1.306091309,-6,A,19,E,https://world.openfoodfacts.org/product/3302740046926,67.778,C
Nuggets de poulet bio,Nature de France,"Viandes et dérivés, Viandes, Poulet et dérivés, Préparations de viande, Volailles, Produits panés, Poulets, Volailles cuites, Préparations au poulet, Poulets cuisinés, Nuggets de volaille, Poulets panés, Nuggets de poulet",875.0,1.4,1.1,1.0,11.0,2.1,0.052490234,3,C,50,C,https://world.openfoodfacts.org/product/3422210436245,67.778,C
Chicken Dippers,Birds Eye,"Meats and their products,Meat preparations,Meats,Chicken and its products,Poultries,Chicken preparations,Breaded products,Chickens,Poultry nuggets,Breaded chicken,Chicken nuggets",1084.0,1.5,0.7,0.935,13.0,1.0,0.0,3,C,40,D,https://world.openfoodfacts.org/product/5000116123902,62.778,C
Nuggets de poulet panés,Picard,"Frozen foods, Meats and their products, Meat preparations, Chicken and its products, Breaded products, Chicken preparations, Breaded chicken, Poultry nuggets, Chicken nuggets, en:cooked-chicken",728.0,0.9,1.0,0.57,16.0,0.5,0.030184659,-2,A,30,D,https://world.openfoodfacts.org/product/3270160339945,68.333,C
Piratki Filet z Kurczaka,Pikok,"Produkty na bazie mięsa, Mięsa, en:Chicken and its products, Mięso drobiowe, Kurczaki",435.0,0.3,1.6,1.87,22.0,0.0,0.0,3,C,22,E,https://world.openfoodfacts.org/product/20690069,57.778,D
Émincé de poulet rôti,Fleury Michon,"Meats and their products, Meals, Meats, Prepared meats, Chicken and its products, Poultries, Meals with meat, Chickens, Cooked poultries, fr:Charcuteries cuites, Cooked chicken, Poultry hams, Roast chicken, fr:Emince-de-poulet, en:meals-with-chicken",689.0,2.0,0.8,1.1,22.0,0.0,4.1015625,1,B,26,E,https://world.openfoodfacts.org/product/3302740021220,60.0,D
Blanc de poulet 100% filet,Fleury Michon,"Meats and their products, Prepared meats, fr:Charcuteries cuites, Poultry hams, Cooked chicken breast slices, en:chickens",418.0,0.4,0.5,1.5,21.0,0.0,0.650173611,1,B,19,E,https://world.openfoodfacts.org/product/3302740057113,60.0,D
Coq ailes Nature 250g,Maître CoQ,"Viandes et dérivés, Plats préparés, Viandes, Poulet et dérivés, Volailles, Poulets, Volailles cuites, Poulets cuisinés, Ailes de poulet",828.0,2.8,0.0,1.08,20.0,0.0,0.0,2,B,36,D,https://world.openfoodfacts.org/product/3230890016752,63.889,C
Crousti Tenders aiguillettes,Père Dodu,"Viandes et dérivés,Préparations de viande,Viandes,Poulet et dérivés,Volailles,Préparations au poulet,Produits panés,Poulets,Volailles cuites,Poulets cuisinés,Nuggets de volaille,Poulets panés,Nuggets de poulet,Nuggets",875.0,0.9,1.1,1.1,17.0,1.3,0.010661765,1,B,20,E,https://world.openfoodfacts.org/product/3596690289032,60.0,D
Filets de poulet,Plukon,"Viandes et dérivés,Viandes,Poulet et dérivés,Volailles,Poulets,Filets de poulet",464.0,0.6,0.5,0.2,23.0,0.0,0.0,-6,A,35,D,https://world.openfoodfacts.org/product/5413458017578,72.778,B
Blanc de poulet -25% sel,"Lidl, Saint Alby","Meats and their products, Prepared meats, fr:Charcuteries cuites, Poultry hams, Cooked chicken breast slices, Reconstituted chicken breast slices, en:chickens",456.0,0.6,0.8,1.28,21.0,0.0,0.13734375,0,A,22,E,https://world.openfoodfacts.org/product/4056489276739,61.111,D
2 Panés façon milanaise,Le gaulois,"Meats and their products, Meat preparations, Meats, Chicken and its products, Poultries, Breaded products, Chickens, Breaded meat cutlets, en:breaded-chicken",1021.0,2.6,1.4,1.1,14.0,3.0,0.00378418,5,C,40,D,https://world.openfoodfacts.org/product/3266980781583,60.556,D
Frankfurt original,Campofrío,"Productos a base de carne, Carnes, Embutidos, Salchichas, Pollo y sus productos, Preparados de carne, Aves, Pollo, en:Chicken preparations, Salchichas alemanas, Salchichas de aves, Salchicha de pollo, Salchichas Frankfurt",828.0,5.0,1.3,2.0,13.0,0.0,0.0,15,D,20,E,https://world.openfoodfacts.org/product/8410320127356,50.0,E
Nuggets de poulet 100% filet,"L'Atelier Père Dodu, Père Dodu","Meats and their products, Frozen foods, Meat preparations, Meats, Chicken and its products, Poultries, Chicken preparations, Breaded products, Chickens, Cooked poultries, Breaded chicken, Poultry nuggets, Chicken nuggets, fr:Nuggets, en:cooked-chicken",926.0,1.0,0.7,0.5,16.0,1.2,0.0,-2,A,29,E,https://world.openfoodfacts.org/product/3596690773104,63.333,C
Bâtonnets de poulet panés,Picard,"Meats and their products, Meat preparations, Chicken and its products, Chicken preparations, Breaded products, Breaded chicken, en:chickens",1065.0,1.9,1.2,0.9,14.7,1.6,0.0,2,B,42,D,https://world.openfoodfacts.org/product/3270160202461,63.889,C
Blanc de poulet -25 % de sel x 4 tranches,"Marque Repère, Tradilège","Meats and their products, Prepared meats, fr:Charcuteries cuites, Poultry hams, Cooked chicken breast slices, en:chickens",404.0,0.032,0.6,1.4,21.0,0.0,0.0,0,A,28,E,https://world.openfoodfacts.org/product/3661112059316,61.111,D
Tendre poulet,Fleury Michon,"Viandes et dérivés,Viandes,Poulet et dérivés,Volailles,Poulets,Blancs de poulet en tranches",456.0,0.9,0.5,1.8,20.0,0.0,0.0,2,B,24,E,https://world.openfoodfacts.org/product/3302740064555,58.889,D
Filet de poulet x 2,Le Gaulois,"Viandes et dérivés,Viandes,Poulet et dérivés,Volailles,Poulets,Filets de poulet,Poulet filet sans peau cru",452.0,0.5,0.0,0.13,23.0,0.0,0.0,-6,A,28,E,https://world.openfoodfacts.org/product/3266980891015,67.778,C
Cordon bleu de poulet,Maître CoQ,"viandes-et-dérivés, viandes, poulet-et-dérivés, préparations-de-viande, volailles, produits-panés, poulets, préparations-au-poulet, cordons-bleus, en:chicken-cordons-bleus",967.0,3.5,1.9,1.3,10.0,0.0,0.0,11,D,27,E,https://world.openfoodfacts.org/product/3230890014000,53.333,E
FILET TRANCHE DE POULET CURRY - 4 tr.,Fleury Michon,"Viandes et dérivés, Viandes, Poulet et dérivés, Volailles, Poulets, Filets de poulet",578.0,0.7,1.8,1.8,27.0,0.0,12.94791667,2,B,35,D,https://world.openfoodfacts.org/product/3095758111013,63.889,C
Aiguillettes de poulet saveur citron surgelées,Picard,"Viandes et dérivés, Surgelés, Viandes, Poulet et dérivés, Volailles, Poulets, Aiguillettes de poulet",456.0,0.3,0.5,0.7275,21.0,0.5,0.01011,-3,A,27,E,https://world.openfoodfacts.org/product/3270160202706,64.444,C
Sunca din piept de pui,Pikok,"Meats and their products, Meats, Chicken and its products, Poultries, Chickens, ro:Șuncă din piept de pui, en:hams",453.0,1.2,0.5,1.9675,19.0,0.0,0.0,11,D,27,E,https://world.openfoodfacts.org/product/20377960,56.667,D
Blanc de poulet sup dore au four 4tr 160g - france,Monique Ranou,"Meats and their products, Meats, Prepared meats, Poultries, fr:Charcuteries cuites, Poultry hams, Cooked chicken breast slices, fr:Blancs de poulet doré au four, fr:Jambon et roti de volaille superieur, en:chickens",431.0,0.6,1.0,1.8,20.0,0.5,0.0,2,B,24,E,https://world.openfoodfacts.org/product/3250390167778,58.889,D
Aiguillettes de poulet,"Plukon, Plukon food group, plukon maasmechelen nv","Viandes et dérivés, Viandes, Poulet et dérivés, Volailles, Poulets, Aiguillettes de poulet",444.0,0.6,0.5,0.0,23.0,0.0,0.0,-6,A,34,D,https://world.openfoodfacts.org/product/5413458061403,72.778,B
